Date,Close,Open,High,Low,Volume
1993-02-01,0.8295795872954379,0.8295795872954379,0.8295795872954379,0.8295795872954379,0
1993-02-02,0.8472170110189591,0.8295795872954379,0.8472170110189591,0.8295795872954379,0
1993-02-03,0.8525376465800272,0.8472170110189591,0.8525376465800272,0.8472170110189591,0
1993-02-04,0.8795078812019697,0.8525376465800272,0.8795078812019697,0.8525376465800272,0
1993-02-05,0.8904806544269214,0.8795078812019697,0.8904806544269214,0.8795078812019697,0
1993-02-08,0.8885606074433741,0.8904806544269214,0.8904806544269214,0.8885606074433741,0
1993-02-09,0.8884932601909845,0.8885606074433741,0.8885606074433741,0.8884932601909845,0
1993-02-10,0.8699017022422155,0.8884932601909845,0.8884932601909845,0.8699017022422155,0
1993-02-11,0.8734881899796483,0.8699017022422155,0.8734881899796483,0.8699017022422155,0
1993-02-12,0.8862411389815901,0.8734881899796483,0.8862411389815901,0.8734881899796483,0
1993-02-16,0.8658350890171201,0.8862411389815901,0.8862411389815901,0.8658350890171201,0
1993-02-17,0.8002398887338928,0.8658350890171201,0.8658350890171201,0.8002398887338928,0
1993-02-18,0.7984525099954901,0.8002398887338928,0.8002398887338928,0.7984525099954901,0
1993-02-19,0.7966699915735582,0.7984525099954901,0.7984525099954901,0.7966699915735582,0
1993-02-22,0.8052134607880927,0.7966699915735582,0.8052134607880927,0.7966699915735582,0
1993-02-23,0.8138163932832083,0.8052134607880927,0.8138163932832083,0.8052134607880927,0
1993-02-24,0.8120100912204667,0.8138163932832083,0.8138163932832083,0.8120100912204667,0
1993-02-25,0.8433135189341336,0.8120100912204667,0.8433135189341336,0.8120100912204667,0
1993-02-26,0.8486096400455049,0.8433135189341336,0.8486096400455049,0.8433135189341336,0
1993-03-01,0.8521342507738434,0.8486096400455049,0.8521342507738434,0.8486096400455049,0
1993-03-02,0.8448729388881322,0.8521342507738434,0.8521342507738434,0.8448729388881322,0
1993-03-03,0.8823724255191595,0.8448729388881322,0.8823724255191595,0.8448729388881322,0
1993-03-04,0.8933493031349752,0.8823724255191595,0.8933493031349752,0.8823724255191595,0
1993-03-05,0.8784352041484355,0.8933493031349752,0.8933493031349752,0.8784352041484355,0
1993-03-08,0.8710246149398547,0.8784352041484355,0.8784352041484355,0.8710246149398547,0
1993-03-09,0.9293557130208454,0.8710246149398547,0.9293557130208454,0.8710246149398547,0
1993-03-10,0.9197617890171143,0.9293557130208454,0.9293557130208454,0.9197617890171143,0
1993-03-11,0.9253655113319577,0.9197617890171143,0.9253655113319577,0.9197617890171143,0
1993-03-12,0.9176989159958827,0.9253655113319577,0.9253655113319577,0.9176989159958827,0
1993-03-15,0.8893068047654551,0.9176989159958827,0.9176989159958827,0.8893068047654551,0
1993-03-16,0.9021805223022433,0.8893068047654551,0.9021805223022433,0.8893068047654551,0
1993-03-17,0.9021121427467831,0.9021805223022433,0.9021805223022433,0.9021121427467831,0
1993-03-18,0.8852458301547937,0.9021121427467831,0.9021121427467831,0.8852458301547937,0
1993-03-19,0.9017655628694998,0.8852458301547937,0.9017655628694998,0.8852458301547937,0
1993-03-22,0.897603142674191,0.9017655628694998,0.9017655628694998,0.897603142674191,0
1993-03-23,0.8825862907637552,0.897603142674191,0.897603142674191,0.8825862907637552,0
1993-03-24,0.8880628280189384,0.8825862907637552,0.8880628280189384,0.8825862907637552,0
1993-03-25,0.8879955184950687,0.8880628280189384,0.8880628280189384,0.8879955184950687,0
1993-03-26,0.9046230114301934,0.8879955184950687,0.9046230114301934,0.8879955184950687,0
1993-03-29,0.8895291728018901,0.9046230114301934,0.9046230114301934,0.8895291728018901,0
1993-03-30,0.9006057609363348,0.8895291728018901,0.9006057609363348,0.8895291728018901,0
1993-03-31,0.9080259983708874,0.9006057609363348,0.9080259983708874,0.9006057609363348,0
1993-04-01,0.9060733851014747,0.9080259983708874,0.9080259983708874,0.9060733851014747,0
1993-04-02,0.8966067904072869,0.9060733851014747,0.9060733851014747,0.8966067904072869,0
1993-04-05,0.8405410749856862,0.8966067904072869,0.8966067904072869,0.8405410749856862,0
1993-04-06,0.8529869927342585,0.8405410749856862,0.8529869927342585,0.8405410749856862,0
1993-04-07,0.8457031494028664,0.8529869927342585,0.8529869927342585,0.8457031494028664,0
1993-04-08,0.8546105005861206,0.8457031494028664,0.8546105005861206,0.8457031494028664,0
1993-04-12,0.8509322078574043,0.8546105005861206,0.8546105005861206,0.8509322078574043,0
1993-04-13,0.8868975552889439,0.8509322078574043,0.8868975552889439,0.8509322078574043,0
1993-04-14,0.8923845218657108,0.8868975552889439,0.8923845218657108,0.8868975552889439,0
1993-04-15,0.8886007295782226,0.8923845218657108,0.8923845218657108,0.8886007295782226,0
1993-04-16,0.8885333792848299,0.8886007295782226,0.8886007295782226,0.8885333792848299,0
1993-04-19,0.8884660340961618,0.8885333792848299,0.8885333792848299,0.8884660340961618,0
1993-04-20,0.8772743151309659,0.8884660340961618,0.8884660340961618,0.8772743151309659,0
1993-04-21,0.8643453961899998,0.8772743151309659,0.8772743151309659,0.8643453961899998,0
1993-04-22,0.8624592310798135,0.8643453961899998,0.8643453961899998,0.8624592310798135,0
1993-04-23,0.82968974914483,0.8624592310798135,0.8624592310798135,0.82968974914483,0
1993-04-26,0.8190037431725862,0.82968974914483,0.82968974914483,0.8190037431725862,0
1993-04-27,0.7996368757708132,0.8190037431725862,0.8190037431725862,0.7996368757708132,0
1993-04-28,0.8254835595210674,0.7996368757708132,0.8254835595210674,0.7996368757708132,0
1993-04-29,0.8201291256149207,0.8254835595210674,0.8254835595210674,0.8201291256149207,0
1993-04-30,0.8306037894388346,0.8201291256149207,0.8306037894388346,0.8201291256149207,0
1993-05-03,0.8340827996379054,0.8306037894388346,0.8340827996379054,0.8306037894388346,0
1993-05-04,0.8500030539077043,0.8340827996379054,0.8500030539077043,0.8340827996379054,0
1993-05-05,0.8589300562699984,0.8500030539077043,0.8589300562699984,0.8500030539077043,0
1993-05-06,0.8661072998744671,0.8589300562699984,0.8661072998744671,0.8589300562699984,0
1993-05-07,0.8569376537701888,0.8661072998744671,0.8661072998744671,0.8569376537701888,0
1993-05-10,0.8514493314328088,0.8569376537701888,0.8569376537701888,0.8514493314328088,0
1993-05-11,0.8567848263562495,0.8514493314328088,0.8567848263562495,0.8514493314328088,0
1993-05-12,0.8675644968102794,0.8567848263562495,0.8675644968102794,0.8567848263562495,0
1993-05-13,0.8638549795656448,0.8675644968102794,0.8675644968102794,0.8638549795656448,0
1993-05-14,0.8328941539856689,0.8638549795656448,0.8638549795656448,0.8328941539856689,0
1993-05-17,0.8310559141567644,0.8328941539856689,0.8328941539856689,0.8310559141567644,0
1993-05-18,0.8398471550948504,0.8310559141567644,0.8398471550948504,0.8310559141567644,0
1993-05-19,0.8380008070229463,0.8398471550948504,0.8398471550948504,0.8380008070229463,0
1993-05-20,0.8895704770104226,0.8380008070229463,0.8895704770104226,0.8380008070229463,0
1993-05-21,0.8969106767432735,0.8895704770104226,0.8969106767432735,0.8895704770104226,0
1993-05-24,0.8726335224000453,0.8969106767432735,0.8969106767432735,0.8726335224000453,0
1993-05-25,0.8835393169490551,0.8726335224000453,0.8835393169490551,0.8726335224000453,0
1993-05-26,0.8890012478945678,0.8835393169490551,0.8890012478945678,0.8835393169490551,0
1993-05-27,0.922249198731944,0.8890012478945678,0.922249198731944,0.8890012478945678,0
1993-05-28,0.9126975805299713,0.922249198731944,0.922249198731944,0.9126975805299713,0
1993-06-01,0.899445554766855,0.9126975805299713,0.9126975805299713,0.899445554766855,0
1993-06-02,0.9254845183758758,0.899445554766855,0.9254845183758758,0.899445554766855,0
1993-06-03,0.9216143048475016,0.9254845183758758,0.9254845183758758,0.9216143048475016,0
1993-06-04,0.9120692621611176,0.9216143048475016,0.9216143048475016,0.9120692621611176,0
1993-06-07,0.9025895805184332,0.9120692621611176,0.9120692621611176,0.9025895805184332,0
1993-06-08,0.8931777352748093,0.9025895805184332,0.9025895805184332,0.8931777352748093,0
1993-06-09,0.8689871865292237,0.8931777352748093,0.8931777352748093,0.8689871865292237,0
1993-06-10,0.8780312721888833,0.8689871865292237,0.8780312721888833,0.8689871865292237,0
1993-06-11,0.8797971936415527,0.8780312721888833,0.8797971936415527,0.8780312721888833,0
1993-06-14,0.8907525973020216,0.8797971936415527,0.8907525973020216,0.8797971936415527,0
1993-06-15,0.8869803645022862,0.8907525973020216,0.8907525973020216,0.8869803645022862,0
1993-06-16,0.8813742599543092,0.8869803645022862,0.8869803645022862,0.8813742599543092,0
1993-06-17,0.8868228067848519,0.8813742599543092,0.8868228067848519,0.8813742599543092,0
1993-06-18,0.8959857538157471,0.8868228067848519,0.8959857538157471,0.8868228067848519,0
1993-06-21,0.8737828798547441,0.8959857538157471,0.8959857538157471,0.8737828798547441,0
1993-06-22,0.8792398668200411,0.8737828798547441,0.8792398668200411,0.8737828798547441,0
1993-06-23,0.8810212229475193,0.8792398668200411,0.8810212229475193,0.8792398668200411,0
1993-06-24,0.8568939886692724,0.8810212229475193,0.8810212229475193,0.8568939886692724,0
1993-06-25,0.8913455957480423,0.8568939886692724,0.8913455957480423,0.8568939886692724,0
1993-06-28,0.8894153806944175,0.8913455957480423,0.8913455957480423,0.8894153806944175,0
1993-06-29,0.9191385940588936,0.8894153806944175,0.9191385940588936,0.8894153806944175,0
1993-06-30,0.9057481133444605,0.9191385940588936,0.9191385940588936,0.9057481133444605,0
1993-07-01,0.9056794633882507,0.9057481133444605,0.9057481133444605,0.9056794633882507,0
1993-07-02,0.8980749233292712,0.9056794633882507,0.9056794633882507,0.8980749233292712,0
1993-07-06,0.8830167528264943,0.8980749233292712,0.8980749233292712,0.8830167528264943,0
1993-07-07,0.8551636980285718,0.8830167528264943,0.8830167528264943,0.8551636980285718,0
1993-07-08,0.8623510196211495,0.8551636980285718,0.8623510196211495,0.8551636980285718,0
1993-07-09,0.8914561584771733,0.8623510196211495,0.8914561584771733,0.8623510196211495,0
1993-07-12,0.8988441640006802,0.8914561584771733,0.8988441640006802,0.8914561584771733,0
1993-07-13,0.8969015613155552,0.8988441640006802,0.8988441640006802,0.8969015613155552,0
1993-07-14,0.8949610332643363,0.8969015613155552,0.8969015613155552,0.8949610332643363,0
1993-07-15,0.9042356215541856,0.8949610332643363,0.9042356215541856,0.8949610332643363,0
1993-07-16,0.8928808504215552,0.9042356215541856,0.9042356215541856,0.8928808504215552,0
1993-07-19,0.8853486342389671,0.8928808504215552,0.8928808504215552,0.8853486342389671,0
1993-07-20,0.8834292284514018,0.8853486342389671,0.8853486342389671,0.8834292284514018,0
1993-07-21,0.8907707528175275,0.8834292284514018,0.8907707528175275,0.8834292284514018,0
1993-07-22,0.8888396011382048,0.8907707528175275,0.8907707528175275,0.8888396011382048,0
1993-07-23,0.8701773911328738,0.8888396011382048,0.8888396011382048,0.8701773911328738,0
1993-07-26,0.8829450875992546,0.8701773911328738,0.8829450875992546,0.8701773911328738,0
1993-07-27,0.8976876216480787,0.8829450875992546,0.8976876216480787,0.8829450875992546,0
1993-07-28,0.8957475185088922,0.8976876216480787,0.8976876216480787,0.8957475185088922,0
1993-07-29,0.8900731114759823,0.8957475185088922,0.8957475185088922,0.8900731114759823,0
1993-07-30,0.9048926376027873,0.8900731114759823,0.9048926376027873,0.8900731114759823,0
1993-08-02,0.8897731112176075,0.9048926376027873,0.9048926376027873,0.8897731112176075,0
1993-08-03,0.8971471683687444,0.8897731112176075,0.8971471683687444,0.8897731112176075,0
1993-08-04,0.8989468181513107,0.8971471683687444,0.8989468181513107,0.8971471683687444,0
1993-08-05,0.8988786836900937,0.8989468181513107,0.8989468181513107,0.8988786836900937,0
1993-08-06,0.8931932800191789,0.8988786836900937,0.8988786836900937,0.8931932800191789,0
1993-08-09,0.8968569721262272,0.8931932800191789,0.8968569721262272,0.8931932800191789,0
1993-08-10,0.9117456911681531,0.8968569721262272,0.9117456911681531,0.8968569721262272,0
1993-08-11,0.909784677794155,0.9117456911681531,0.9117456911681531,0.909784677794155,0
1993-08-12,0.9097157218919888,0.909784677794155,0.909784677794155,0.9097157218919888,0
1993-08-13,0.9020986415332123,0.9097157218919888,0.9097157218919888,0.9020986415332123,0
1993-08-16,0.9057837309074931,0.9020986415332123,0.9057837309074931,0.9020986415332123,0
1993-08-17,0.9207685542847227,0.9057837309074931,0.9207685542847227,0.9057837309074931,0
1993-08-18,0.9302131776926645,0.9207685542847227,0.9302131776926645,0.9207685542847227,0
1993-08-19,0.9454646273379198,0.9302131776926645,0.9454646273379198,0.9302131776926645,0
1993-08-20,0.9453929671221176,0.9454646273379198,0.9454646273379198,0.9453929671221176,0
1993-08-23,0.9472565966902836,0.9453929671221176,0.9472565966902836,0.9453929671221176,0
1993-08-24,0.9413701910687615,0.9472565966902836,0.9472565966902836,0.9413701910687615,0
1993-08-25,0.9721841780753541,0.9413701910687615,0.9721841780753541,0.9413701910687615,0
1993-08-26,0.9740828661455807,0.9721841780753541,0.9740828661455807,0.9721841780753541,0
1993-08-27,0.975983709800437,0.9740828661455807,0.975983709800437,0.9740828661455807,0
1993-08-30,0.9739325461281279,0.975983709800437,0.975983709800437,0.9739325461281279,0
1993-08-31,0.9857023337012442,0.9739325461281279,0.9857023337012442,0.9739325461281279,0
1993-09-01,0.9935882673097475,0.9857023337012442,0.9935882673097475,0.9857023337012442,0
1993-09-02,0.9895117857718391,0.9935882673097475,0.9935882673097475,0.9895117857718391,0
1993-09-03,0.9794611732903463,0.9895117857718391,0.9895117857718391,0.9794611732903463,0
1993-09-07,0.9813695855918788,0.9794611732903463,0.9813695855918788,0.9794611732903463,0
1993-09-08,0.9614559049834202,0.9813695855918788,0.9813695855918788,0.9614559049834202,0
1993-09-09,0.9515999200654417,0.9614559049834202,0.9614559049834202,0.9515999200654417,0
1993-09-10,0.9573573474596097,0.9515999200654417,0.9573573474596097,0.9515999200654417,0
1993-09-13,0.9826510167009533,0.9573573474596097,0.9826510167009533,0.9573573474596097,0
1993-09-14,0.9845588175910679,0.9826510167009533,0.9845588175910679,0.9826510167009533,0
1993-09-15,0.9725597032831886,0.9845588175910679,0.9845588175910679,0.9725597032831886,0
1993-09-16,0.9803712467317661,0.9725597032831886,0.9803712467317661,0.9725597032831886,0
1993-09-17,0.9684060807431041,0.9803712467317661,0.9803712467317661,0.9684060807431041,0
1993-09-20,0.9626979320581864,0.9684060807431041,0.9684060807431041,0.9626979320581864,0
1993-09-21,0.9389852669974381,0.9626979320581864,0.9626979320581864,0.9389852669974381,0
1993-09-22,0.9292276595804502,0.9389852669974381,0.9389852669974381,0.9292276595804502,0
1993-09-23,0.952243156388654,0.9292276595804502,0.952243156388654,0.9292276595804502,0
1993-09-24,0.9678140443154084,0.952243156388654,0.9678140443154084,0.952243156388654,0
1993-09-27,0.9598344480719746,0.9678140443154084,0.9678140443154084,0.9598344480719746,0
1993-09-28,0.9912098424026915,0.9598344480719746,0.9912098424026915,0.9598344480719746,0
1993-09-29,0.9851114993327061,0.9912098424026915,0.9912098424026915,0.9851114993327061,0
1993-09-30,0.9750373969975736,0.9851114993327061,0.9851114993327061,0.9750373969975736,0
1993-10-01,0.9690085411731321,0.9750373969975736,0.9750373969975736,0.9690085411731321,0
1993-10-04,0.9827789407185897,0.9690085411731321,0.9827789407185897,0.9690085411731321,0
1993-10-05,0.9866966271957283,0.9827789407185897,0.9866966271957283,0.9827789407185897,0
1993-10-06,0.9826191726134474,0.9866966271957283,0.9866966271957283,0.9826191726134474,0
1993-10-07,0.9805481703465279,0.9826191726134474,0.9826191726134474,0.9805481703465279,0
1993-10-08,0.9725007017095747,0.9805481703465279,0.9805481703465279,0.9725007017095747,0
1993-10-11,0.9763914862877145,0.9725007017095747,0.9763914862877145,0.9725007017095747,0
1993-10-12,0.982280563753176,0.9763914862877145,0.982280563753176,0.9763914862877145,0
1993-10-13,0.986196263532577,0.982280563753176,0.986196263532577,0.982280563753176,0
1993-10-14,0.9861215161173649,0.986196263532577,0.986196263532577,0.9861215161173649,0
1993-10-15,1.0240507332326203,0.9861215161173649,1.0240507332326203,0.9861215161173649,0
1993-10-18,1.0403793891700714,1.0240507332326203,1.0403793891700714,1.0240507332326203,0
1993-10-19,1.032009849191936,1.0403793891700714,1.0403793891700714,1.032009849191936,0
1993-10-20,1.009258631214872,1.032009849191936,1.032009849191936,1.009258631214872,0
1993-10-21,1.0132449336336906,1.009258631214872,1.0132449336336906,1.009258631214872,0
1993-10-22,1.0090947571503903,1.0132449336336906,1.0132449336336906,1.0090947571503903,0
1993-10-25,0.9948050045363496,1.0090947571503903,1.0090947571503903,0.9948050045363496,0
1993-10-26,1.0027748571264685,0.9948050045363496,1.0027748571264685,0.9948050045363496,0
1993-10-27,1.0006770980452226,1.0027748571264685,1.0027748571264685,1.0006770980452226,0
1993-10-28,1.002620135566563,1.0006770980452226,1.002620135566563,1.0006770980452226,0
1993-10-29,1.0247793557941764,1.002620135566563,1.0247793557941764,1.002620135566563,0
1993-11-01,1.024701684025543,1.0247793557941764,1.0247793557941764,1.024701684025543,0
1993-11-02,1.0328279014800326,1.024701684025543,1.0328279014800326,1.024701684025543,0
1993-11-03,1.0306862535563872,1.0328279014800326,1.0328279014800326,1.0306862535563872,0
1993-11-04,0.9914962781161306,1.0306862535563872,1.0306862535563872,0.9914962781161306,0
1993-11-05,0.9593290494375442,0.9914962781161306,0.9914962781161306,0.9593290494375442,0
1993-11-08,0.9729882073109936,0.9593290494375442,0.9729882073109936,0.9593290494375442,0
1993-11-09,0.9768757760133224,0.9729882073109936,0.9768757760133224,0.9729882073109936,0
1993-11-10,0.9787879365506498,0.9768757760133224,0.9787879365506498,0.9768757760133224,0
1993-11-11,1.0005816552076898,0.9787879365506498,1.0005816552076898,0.9787879365506498,0
1993-11-12,0.9924356029916501,1.0005816552076898,1.0005816552076898,0.9924356029916501,0
1993-11-15,1.0064049453302106,0.9924356029916501,1.0064049453302106,0.9924356029916501,0
1993-11-16,1.0043036746814495,1.0064049453302106,1.0064049453302106,1.0043036746814495,0
1993-11-17,1.018381068232211,1.0043036746814495,1.018381068232211,1.0043036746814495,0
1993-11-18,1.0019759758403497,1.018381068232211,1.018381068232211,1.0019759758403497,0
1993-11-19,0.993826638582042,1.0019759758403497,1.0019759758403497,0.993826638582042,0
1993-11-22,0.9877295600972711,0.993826638582042,0.993826638582042,0.9877295600972711,0
1993-11-23,0.9696565057352449,0.9877295600972711,0.9877295600972711,0.9696565057352449,0
1993-11-24,0.9853832357823592,0.9696565057352449,0.9853832357823592,0.9696565057352449,0
1993-11-26,0.9972861313236233,0.9853832357823592,0.9972861313236233,0.9853832357823592,0
1993-11-29,0.9992225845276183,0.9972861313236233,0.9992225845276183,0.9972861313236233,0
1993-11-30,0.9870599509895824,0.9992225845276183,0.9992225845276183,0.9870599509895824,0
1993-12-01,0.9889834843613791,0.9870599509895824,0.9889834843613791,0.9870599509895824,0
1993-12-02,0.9929081208205406,0.9889834843613791,0.9929081208205406,0.9889834843613791,0
1993-12-03,1.0008547398842478,0.9929081208205406,1.0008547398842478,0.9929081208205406,0
1993-12-06,1.0128811476217703,1.0008547398842478,1.0128811476217703,1.0008547398842478,0
1993-12-07,1.0229674434534415,1.0128811476217703,1.0229674434534415,1.0128811476217703,0
1993-12-08,1.0208426019576085,1.0229674434534415,1.0229674434534415,1.0208426019576085,0
1993-12-09,1.0207652285699202,1.0208426019576085,1.0208426019576085,1.0207652285699202,0
1993-12-10,1.010473238345555,1.0207652285699202,1.0207652285699202,1.010473238345555,0
1993-12-13,1.0043095882127735,1.010473238345555,1.010473238345555,1.0043095882127735,0
1993-12-14,1.0224215507720298,1.0043095882127735,1.0224215507720298,1.0043095882127735,0
1993-12-15,0.999847089194141,1.0224215507720298,1.0224215507720298,0.999847089194141,0
1993-12-16,0.9957449472849405,0.999847089194141,0.999847089194141,0.9957449472849405,0
1993-12-17,1.0057130379459656,0.9957449472849405,1.0057130379459656,0.9957449472849405,0
1993-12-20,1.0222192077949388,1.0057130379459656,1.0222192077949388,1.0057130379459656,0
1993-12-21,1.0262573677747564,1.0222192077949388,1.0262573677747564,1.0222192077949388,0
1993-12-22,1.015863912246598,1.0262573677747564,1.0262573677747564,1.015863912246598,0
1993-12-23,1.036279973109366,1.015863912246598,1.036279973109366,1.015863912246598,0
1993-12-27,1.0341237077842163,1.036279973109366,1.036279973109366,1.0341237077842163,0
1993-12-28,1.050637310244582,1.0341237077842163,1.050637310244582,1.0341237077842163,0
1993-12-29,1.0568455150488134,1.050637310244582,1.0568455150488134,1.050637310244582,0
1993-12-30,1.052555853854393,1.0568455150488134,1.0568455150488134,1.052555853854393,0
1993-12-31,1.039888993583816,1.052555853854393,1.052555853854393,1.039888993583816,0
1994-01-03,1.02315887110974,1.039888993583816,1.039888993583816,1.02315887110974,0
1994-01-04,1.0148491193676026,1.02315887110974,1.02315887110974,1.0148491193676026,0
1994-01-05,1.027055484965852,1.0148491193676026,1.027055484965852,1.0148491193676026,0
1994-01-06,1.0331673937986547,1.027055484965852,1.0331673937986547,1.027055484965852,0
1994-01-07,1.0330890862699975,1.0331673937986547,1.0331673937986547,1.0330890862699975,0
1994-01-10,1.0516568538275959,1.0330890862699975,1.0516568538275959,1.0330890862699975,0
1994-01-11,1.0893118279666292,1.0516568538275959,1.0893118279666292,1.0516568538275959,0
1994-01-12,1.0827915330027944,1.0893118279666292,1.0893118279666292,1.0827915330027944,0
1994-01-13,1.0720255560045666,1.0827915330027944,1.0827915330027944,1.0720255560045666,0
1994-01-14,1.063451195161071,1.0720255560045666,1.0720255560045666,1.063451195161071,0
1994-01-17,1.0760404472471992,1.063451195161071,1.0760404472471992,1.063451195161071,0
1994-01-18,1.0759588902133008,1.0760404472471992,1.0760404472471992,1.0759588902133008,0
1994-01-19,1.080132239872389,1.0759588902133008,1.080132239872389,1.0759588902133008,0
1994-01-20,1.071518579140744,1.080132239872389,1.080132239872389,1.071518579140744,0
1994-01-21,1.07992346391015,1.071518579140744,1.07992346391015,1.071518579140744,0
1994-01-24,1.0734430208080834,1.07992346391015,1.07992346391015,1.0734430208080834,0
1994-01-25,1.0606160982522874,1.0734430208080834,1.0734430208080834,1.0606160982522874,0
1994-01-26,1.0605357102861104,1.0606160982522874,1.0606160982522874,1.0605357102861104,0
1994-01-27,1.0688854622745367,1.0605357102861104,1.0688854622745367,1.0605357102861104,0
1994-01-28,1.0984563924930069,1.0688854622745367,1.0984563924930069,1.0688854622745367,0
1994-01-31,1.1069992618474644,1.0984563924930069,1.1069992618474644,1.0984563924930069,0
1994-02-01,1.1307595117849791,1.1069992618474644,1.1307595117849791,1.1069992618474644,0
1994-02-02,1.1130870836756148,1.1307595117849791,1.1307595117849791,1.1130870836756148,0
1994-02-03,1.1347551447587623,1.1130870836756148,1.1347551447587623,1.1130870836756148,0
1994-02-04,1.1192473526057538,1.1347551447587623,1.1347551447587623,1.1192473526057538,0
1994-02-07,1.0427487210878605,1.1192473526057538,1.1192473526057538,1.0427487210878605,0
1994-02-08,1.0572393331852332,1.0427487210878605,1.0572393331852332,1.0427487210878605,0
1994-02-09,1.05925932940219,1.0572393331852332,1.05925932940219,1.0572393331852332,0
1994-02-10,1.0717989577209184,1.05925932940219,1.0717989577209184,1.05925932940219,0
1994-02-11,1.0441629683517033,1.0717989577209184,1.0717989577209184,1.0441629683517033,0
1994-02-14,1.054497996460423,1.0441629683517033,1.054497996460423,1.0441629683517033,0
1994-02-15,1.0586095303460379,1.054497996460423,1.0586095303460379,1.054497996460423,0
1994-02-16,1.0753443834269634,1.0586095303460379,1.0753443834269634,1.0586095303460379,0
1994-02-17,1.073137830137751,1.0753443834269634,1.0753443834269634,1.073137830137751,0
1994-02-18,1.0539710607291495,1.073137830137751,1.073137830137751,1.0539710607291495,0
1994-02-22,1.0350330158688708,1.0539710607291495,1.0539710607291495,1.0350330158688708,0
1994-02-23,1.0660058022054324,1.0350330158688708,1.0660058022054324,1.0350330158688708,0
1994-02-24,1.057479589039922,1.0660058022054324,1.0660058022054324,1.057479589039922,0
1994-02-25,1.0154078395132744,1.057479589039922,1.057479589039922,1.0154078395132744,0
1994-02-28,1.0296335821736655,1.0154078395132744,1.0296335821736655,1.0154078395132744,0
1994-03-01,1.0295555424854927,1.0296335821736655,1.0296335821736655,1.0295555424854927,0
1994-03-02,1.0171057102993035,1.0295555424854927,1.0295555424854927,1.0171057102993035,0
1994-03-03,1.0211210659046368,1.0171057102993035,1.0211210659046368,1.0171057102993035,0
1994-03-04,1.0128403654293647,1.0211210659046368,1.0211210659046368,1.0128403654293647,0
1994-03-07,1.020922228278081,1.0128403654293647,1.020922228278081,1.0128403654293647,0
1994-03-08,1.0372422610509169,1.020922228278081,1.0372422610509169,1.020922228278081,0
1994-03-09,1.0247331152901056,1.0372422610509169,1.0372422610509169,1.0247331152901056,0
1994-03-10,1.039040817582763,1.0247331152901056,1.039040817582763,1.0247331152901056,0
1994-03-11,1.014074471652024,1.039040817582763,1.039040817582763,1.014074471652024,0
1994-03-14,1.030322695214011,1.014074471652024,1.030322695214011,1.014074471652024,0
1994-03-15,1.0343668413983989,1.030322695214011,1.0343668413983989,1.030322695214011,0
1994-03-16,1.0322227746594086,1.0343668413983989,1.0343668413983989,1.0322227746594086,0
1994-03-17,1.0569164680393295,1.0322227746594086,1.0569164680393295,1.0322227746594086,0
1994-03-18,1.0568363604816329,1.0569164680393295,1.0569164680393295,1.0568363604816329,0
1994-03-21,1.0560644608499625,1.0568363604816329,1.0568363604816329,1.0560644608499625,0
1994-03-22,1.047553169858341,1.0560644608499625,1.0560644608499625,1.047553169858341,0
1994-03-23,1.055859384759556,1.047553169858341,1.055859384759556,1.047553169858341,0
1994-03-24,1.0536722387953406,1.055859384759556,1.055859384759556,1.0536722387953406,0
1994-03-25,1.0157105772401833,1.0536722387953406,1.0536722387953406,1.0157105772401833,0
1994-03-28,0.9868876730069364,1.0157105772401833,1.0157105772401833,0.9868876730069364,0
1994-03-29,0.9908402486715562,0.9868876730069364,0.9908402486715562,0.9868876730069364,0
1994-03-30,0.9322043822831002,0.9908402486715562,0.9908402486715562,0.9322043822831002,0
1994-03-31,0.8933722059452847,0.9322043822831002,0.9322043822831002,0.8933722059452847,0
1994-04-04,0.9008386512869249,0.8933722059452847,0.9008386512869249,0.8933722059452847,0
1994-04-05,0.8591054638765183,0.9008386512869249,0.9008386512869249,0.8591054638765183,0
1994-04-06,0.912237977644095,0.8591054638765183,0.912237977644095,0.8591054638765183,0
1994-04-07,0.9121688357973766,0.912237977644095,0.912237977644095,0.9121688357973766,0
1994-04-08,0.9254570192407374,0.9121688357973766,0.9254570192407374,0.9121688357973766,0
1994-04-11,0.9041929240607934,0.9254570192407374,0.9254570192407374,0.9041929240607934,0
1994-04-12,0.9155060110721541,0.9041929240607934,0.9155060110721541,0.9041929240607934,0
1994-04-13,0.9116122934726212,0.9155060110721541,0.9155060110721541,0.9116122934726212,0
1994-04-14,0.8972384740708463,0.9116122934726212,0.9116122934726212,0.8972384740708463,0
1994-04-15,0.8981150880454871,0.8972384740708463,0.8981150880454871,0.8972384740708463,0
1994-04-18,0.8980470166241313,0.8981150880454871,0.8981150880454871,0.8980470166241313,0
1994-04-19,0.8800416836348033,0.8980470166241313,0.8980470166241313,0.8800416836348033,0
1994-04-20,0.8837011539123338,0.8800416836348033,0.8837011539123338,0.8800416836348033,0
1994-04-21,0.8808313262552212,0.8837011539123338,0.8837011539123338,0.8808313262552212,0
1994-04-22,0.9161717161516671,0.8808313262552212,0.9161717161516671,0.8808313262552212,0
1994-04-25,0.913234714595587,0.9161717161516671,0.9161717161516671,0.913234714595587,0
1994-04-26,0.9417918030891859,0.913234714595587,0.9417918030891859,0.913234714595587,0
1994-04-28,0.9388003153184563,0.9417918030891859,0.9417918030891859,0.9388003153184563,0
1994-04-29,0.918319266601525,0.9388003153184563,0.9388003153184563,0.918319266601525,0
1994-05-02,0.926869512369379,0.918319266601525,0.926869512369379,0.918319266601525,0
1994-05-03,0.9441416668444079,0.926869512369379,0.9441416668444079,0.926869512369379,0
1994-05-04,0.9411421640507898,0.9441416668444079,0.9441416668444079,0.9411421640507898,0
1994-05-05,0.9362048957429274,0.9411421640507898,0.9411421640507898,0.9362048957429274,0
1994-05-06,0.9322561804958795,0.9362048957429274,0.9362048957429274,0.9322561804958795,0
1994-05-09,0.9051081187490905,0.9322561804958795,0.9322561804958795,0.9051081187490905,0
1994-05-10,0.8813366490193534,0.9051081187490905,0.9051081187490905,0.8813366490193534,0
1994-05-11,0.9017582941315103,0.8813366490193534,0.9017582941315103,0.8813366490193534,0
1994-05-12,0.8771045312986624,0.9017582941315103,0.9017582941315103,0.8771045312986624,0
1994-05-13,0.8900330236534613,0.8771045312986624,0.8900330236534613,0.8771045312986624,0
1994-05-16,0.8899655648012715,0.8900330236534613,0.8900330236534613,0.8899655648012715,0
1994-05-17,0.8908347710016504,0.8899655648012715,0.8908347710016504,0.8899655648012715,0
1994-05-18,0.9301524177084871,0.8908347710016504,0.9301524177084871,0.8908347710016504,0
1994-05-19,0.9503430493334388,0.9301524177084871,0.9503430493334388,0.9301524177084871,0
1994-05-20,0.9639736389625354,0.9503430493334388,0.9639736389625354,0.9503430493334388,0
1994-05-23,0.9530330077816692,0.9639736389625354,0.9639736389625354,0.9530330077816692,0
1994-05-24,0.9480565936602942,0.9530330077816692,0.9530330077816692,0.9480565936602942,0
1994-05-25,0.9597130070633472,0.9480565936602942,0.9597130070633472,0.9480565936602942,0
1994-05-26,0.9675181384182109,0.9597130070633472,0.9675181384182109,0.9597130070633472,0
1994-05-27,0.9694261023937434,0.9675181384182109,0.9694261023937434,0.9675181384182109,0
1994-05-31,0.9723251903384846,0.9694261023937434,0.9723251903384846,0.9694261023937434,0
1994-06-01,0.9682798528513233,0.9723251903384846,0.9723251903384846,0.9682798528513233,0
1994-06-02,0.9810850671523264,0.9682798528513233,0.9810850671523264,0.9682798528513233,0
1994-06-03,0.9780118472175119,0.9810850671523264,0.9810850671523264,0.9780118472175119,0
1994-06-06,0.9948943018140048,0.9780118472175119,0.9948943018140048,0.9780118472175119,0
1994-06-07,0.9938070278736267,0.9948943018140048,0.9948943018140048,0.9938070278736267,0
1994-06-08,0.9897003331939664,0.9938070278736267,0.9938070278736267,0.9897003331939664,0
1994-06-09,0.965504001273307,0.9897003331939664,0.9897003331939664,0.965504001273307,0
1994-06-10,0.9812482552475115,0.965504001273307,0.9812482552475115,0.965504001273307,0
1994-06-13,0.9861668763745153,0.9812482552475115,0.9861668763745153,0.9812482552475115,0
1994-06-14,0.9901056770244936,0.9861668763745153,0.9901056770244936,0.9861668763745153,0
1994-06-15,1.0131496265704654,0.9901056770244936,1.0131496265704654,0.9901056770244936,0
1994-06-16,1.0008243861825716,1.0131496265704654,1.0131496265704654,1.0008243861825716,0
1994-06-17,1.0068222934237292,1.0008243861825716,1.0068222934237292,1.0008243861825716,0
1994-06-20,0.9898850897305596,1.0068222934237292,1.0068222934237292,0.9898850897305596,0
1994-06-21,0.9645234442673507,0.9898850897305596,0.9898850897305596,0.9645234442673507,0
1994-06-22,0.939602966043425,0.9645234442673507,0.9645234442673507,0.939602966043425,0
1994-06-23,0.9502737750004935,0.939602966043425,0.9502737750004935,0.939602966043425,0
1994-06-24,0.9334722878715114,0.9502737750004935,0.9502737750004935,0.9334722878715114,0
1994-06-27,0.8750615113788214,0.9334722878715114,0.9334722878715114,0.8750615113788214,0
1994-06-28,0.9206095354451952,0.8750615113788214,0.9206095354451952,0.8750615113788214,0
1994-06-29,0.907062714498629,0.9206095354451952,0.9206095354451952,0.907062714498629,0
1994-06-30,0.9155723544750557,0.907062714498629,0.9155723544750557,0.907062714498629,0
1994-07-01,0.8982394399181549,0.9155723544750557,0.9155723544750557,0.8982394399181549,0
1994-07-05,0.9038536480865808,0.8982394399181549,0.9038536480865808,0.8982394399181549,0
1994-07-06,0.9180457027985559,0.9038536480865808,0.9180457027985559,0.9038536480865808,0
1994-07-07,0.914131934498664,0.9180457027985559,0.9180457027985559,0.914131934498664,0
1994-07-08,0.9255598354357477,0.914131934498664,0.9255598354357477,0.914131934498664,0
1994-07-11,0.9245213978151742,0.9255598354357477,0.9255598354357477,0.9245213978151742,0
1994-07-12,0.914802427955583,0.9245213978151742,0.9245213978151742,0.914802427955583,0
1994-07-13,0.918566066535402,0.914802427955583,0.918566066535402,0.914802427955583,0
1994-07-14,0.9233010774050979,0.918566066535402,0.9233010774050979,0.918566066535402,0
1994-07-15,0.9531178691007032,0.9233010774050979,0.9531178691007032,0.9233010774050979,0
1994-07-18,0.9540302558055868,0.9531178691007032,0.9540302558055868,0.9531178691007032,0
1994-07-19,0.9588843088710376,0.9540302558055868,0.9588843088710376,0.9540302558055868,0
1994-07-20,0.9528801704047634,0.9588843088710376,0.9588843088710376,0.9528801704047634,0
1994-07-21,0.9400105675962845,0.9528801704047634,0.9528801704047634,0.9400105675962845,0
1994-07-22,0.9457916219677265,0.9400105675962845,0.9457916219677265,0.9400105675962845,0
1994-07-25,0.9506170354388297,0.9457916219677265,0.9506170354388297,0.9457916219677265,0
1994-07-26,0.9544775519068058,0.9506170354388297,0.9544775519068058,0.9506170354388297,0
1994-07-27,0.9514485169034934,0.9544775519068058,0.9544775519068058,0.9514485169034934,0
1994-07-28,0.951376403146855,0.9514485169034934,0.9514485169034934,0.951376403146855,0
1994-07-29,0.9572030827543752,0.951376403146855,0.9572030827543752,0.951376403146855,0
1994-08-01,0.9857586600168653,0.9572030827543752,0.9857586600168653,0.9572030827543752,0
1994-08-02,0.9997740841618771,0.9857586600168653,0.9997740841618771,0.9857586600168653,0
1994-08-03,1.003763742046968,0.9997740841618771,1.003763742046968,0.9997740841618771,0
1994-08-04,1.0047044039061348,1.003763742046968,1.0047044039061348,1.003763742046968,0
1994-08-05,0.9873009704894241,1.0047044039061348,1.0047044039061348,0.9873009704894241,0
1994-08-08,0.9771522749005332,0.9873009704894241,0.9873009704894241,0.9771522749005332,0
1994-08-09,0.984080414063975,0.9771522749005332,0.984080414063975,0.9771522749005332,0
1994-08-10,0.989031781308118,0.984080414063975,0.989031781308118,0.984080414063975,0
1994-08-11,1.000051530034635,0.989031781308118,1.000051530034635,0.989031781308118,0
1994-08-12,0.9887991964996397,1.000051530034635,1.000051530034635,0.9887991964996397,0
1994-08-15,1.0119163178937847,0.9887991964996397,1.0119163178937847,0.9887991964996397,0
1994-08-16,1.0108148809367454,1.0119163178937847,1.0119163178937847,1.0108148809367454,0
1994-08-17,1.0322238850263123,1.0108148809367454,1.0322238850263123,1.0108148809367454,0
1994-08-18,1.0300690462208986,1.0322238850263123,1.0322238850263123,1.0300690462208986,0
1994-08-19,1.0196326728111684,1.0300690462208986,1.0300690462208986,1.0196326728111684,0
1994-08-22,1.0174978235527354,1.0196326728111684,1.0196326728111684,1.0174978235527354,0
1994-08-23,1.0143384109678388,1.0174978235527354,1.0174978235527354,1.0143384109678388,0
1994-08-24,1.0316916608798554,1.0143384109678388,1.0316916608798554,1.0143384109678388,0
1994-08-25,1.064794200910059,1.0316916608798554,1.064794200910059,1.0316916608798554,0
1994-08-26,1.056241772617746,1.064794200910059,1.064794200910059,1.056241772617746,0
1994-08-29,1.1014447742153044,1.056241772617746,1.1014447742153044,1.056241772617746,0
1994-08-30,1.0991945403473853,1.1014447742153044,1.1014447742153044,1.0991945403473853,0
1994-08-31,1.1077622634096735,1.0991945403473853,1.1077622634096735,1.0991945403473853,0
1994-09-01,1.0989826487219356,1.1077622634096735,1.1077622634096735,1.0989826487219356,0
1994-09-02,1.0880922190675526,1.0989826487219356,1.0989826487219356,1.0880922190675526,0
1994-09-06,1.0740495093116602,1.0880922190675526,1.0880922190675526,1.0740495093116602,0
1994-09-07,1.0750330299366355,1.0740495093116602,1.0750330299366355,1.0740495093116602,0
1994-09-08,1.0717551282489686,1.0750330299366355,1.0750330299366355,1.0717551282489686,0
1994-09-09,1.087619204567672,1.0717551282489686,1.087619204567672,1.0717551282489686,0
1994-09-12,1.0531885734077506,1.087619204567672,1.087619204567672,1.0531885734077506,0
1994-09-13,1.0436561468586893,1.0531885734077506,1.0531885734077506,1.0436561468586893,0
1994-09-14,1.0529721981085995,1.0436561468586893,1.0529721981085995,1.0436561468586893,0
1994-09-15,1.0560442598515556,1.0529721981085995,1.0560442598515556,1.0529721981085995,0
1994-09-16,1.095947112847166,1.0560442598515556,1.095947112847166,1.0560442598515556,0
1994-09-19,1.072465367721597,1.095947112847166,1.095947112847166,1.072465367721597,0
1994-09-20,1.0755915989612201,1.072465367721597,1.0755915989612201,1.072465367721597,0
1994-09-21,1.0144465916471683,1.0755915989612201,1.0755915989612201,1.0144465916471683,0
1994-09-22,1.0143697030364522,1.0144465916471683,1.0144465916471683,1.0143697030364522,0
1994-09-23,1.007084019221962,1.0143697030364522,1.0143697030364522,1.007084019221962,0
1994-09-26,0.9967589348633777,1.007084019221962,1.007084019221962,0.9967589348633777,0
1994-09-27,1.0119492860050614,0.9967589348633777,1.0119492860050614,0.9967589348633777,0
1994-09-28,1.0098140110305331,1.0119492860050614,1.0119492860050614,1.0098140110305331,0
1994-09-29,1.0333522405478657,1.0098140110305331,1.0333522405478657,1.0098140110305331,0
1994-09-30,1.0176382614490704,1.0333522405478657,1.0333522405478657,1.0176382614490704,0
1994-10-03,1.013434505359294,1.0176382614490704,1.0176382614490704,1.013434505359294,0
1994-10-04,1.0061555385776166,1.013434505359294,1.013434505359294,1.0061555385776166,0
1994-10-05,0.9610269909330715,1.0061555385776166,1.0061555385776166,0.9610269909330715,0
1994-10-06,0.9619468685782138,0.9610269909330715,0.9619468685782138,0.9610269909330715,0
1994-10-07,0.9529312779443347,0.9619468685782138,0.9619468685782138,0.9529312779443347,0
1994-10-10,0.9656939662898862,0.9529312779443347,0.9656939662898862,0.9529312779443347,0
1994-10-11,0.9964932184559392,0.9656939662898862,0.9964932184559392,0.9656939662898862,0
1994-10-12,1.0411589816385443,0.9964932184559392,1.0411589816385443,0.9964932184559392,0
1994-10-13,1.0452671471980035,1.0411589816385443,1.0452671471980035,1.0411589816385443,0
1994-10-14,1.0556817361850113,1.0452671471980035,1.0556817361850113,1.0452671471980035,0
1994-10-17,1.069335449452768,1.0556817361850113,1.069335449452768,1.0556817361850113,0
1994-10-18,1.0628602939693657,1.069335449452768,1.069335449452768,1.0628602939693657,0
1994-10-19,1.0553529074309713,1.0628602939693657,1.0628602939693657,1.0553529074309713,0
1994-10-20,1.0700581158665745,1.0553529074309713,1.0700581158665745,1.0553529074309713,0
1994-10-21,1.0486587228639537,1.0700581158665745,1.0700581158665745,1.0486587228639537,0
1994-10-24,1.0359626841645464,1.0486587228639537,1.0486587228639537,1.0359626841645464,0
1994-10-25,1.009813563795172,1.0359626841645464,1.0359626841645464,1.009813563795172,0
1994-10-26,1.0128097343401488,1.009813563795172,1.0128097343401488,1.009813563795172,0
1994-10-27,1.024034235754471,1.0128097343401488,1.024034235754471,1.0128097343401488,0
1994-10-28,1.042580653339438,1.024034235754471,1.042580653339438,1.024034235754471,0
1994-10-31,1.1084697525204024,1.042580653339438,1.1084697525204024,1.042580653339438,0
1994-11-01,1.0963941049216355,1.1084697525204024,1.1084697525204024,1.0963941049216355,0
1994-11-02,1.0595103144895899,1.0963941049216355,1.0963941049216355,1.0595103144895899,0
1994-11-03,1.0414499536636894,1.0595103144895899,1.0595103144895899,1.0414499536636894,0
1994-11-04,1.0580993591560452,1.0414499536636894,1.0580993591560452,1.0414499536636894,0
1994-11-07,1.0168101456179348,1.0580993591560452,1.0580993591560452,1.0168101456179348,0
1994-11-08,1.0259923135993751,1.0168101456179348,1.0259923135993751,1.0168101456179348,0
1994-11-09,1.0497178801689553,1.0259923135993751,1.0497178801689553,1.0259923135993751,0
1994-11-10,1.054890848621318,1.0497178801689553,1.054890848621318,1.0497178801689553,0
1994-11-11,1.0326728988758147,1.054890848621318,1.054890848621318,1.0326728988758147,0
1994-11-14,1.0211641717893722,1.0326728988758147,1.0326728988758147,1.0211641717893722,0
1994-11-15,1.0499680869958021,1.0211641717893722,1.0499680869958021,1.0211641717893722,0
1994-11-16,1.0393826553927374,1.0499680869958021,1.0499680869958021,1.0393826553927374,0
1994-11-17,1.0497386138528852,1.0393826553927374,1.0497386138528852,1.0393826553927374,0
1994-11-18,1.0286514935825228,1.0497386138528852,1.0497386138528852,1.0286514935825228,0
1994-11-21,1.0244281943329536,1.0286514935825228,1.0286514935825228,1.0244281943329536,0
1994-11-22,0.9933490734974064,1.0244281943329536,1.0244281943329536,0.9933490734974064,0
1994-11-23,0.9284884143075316,0.9933490734974064,0.9933490734974064,0.9284884143075316,0
1994-11-25,0.9438922410458511,0.9284884143075316,0.9438922410458511,0.9284884143075316,0
1994-11-28,0.95751220543299,0.9438922410458511,0.95751220543299,0.9438922410458511,0
1994-11-29,0.9702727179080538,0.95751220543299,0.9702727179080538,0.95751220543299,0
1994-11-30,0.9692030003271009,0.9702727179080538,0.9702727179080538,0.9692030003271009,0
1994-12-01,0.9651480750349462,0.9692030003271009,0.9692030003271009,0.9651480750349462,0
1994-12-02,0.9362996838821767,0.9651480750349462,0.9651480750349462,0.9362996838821767,0
1994-12-05,0.9624798848457297,0.9362996838821767,0.9624798848457297,0.9362996838821767,0
1994-12-06,0.965376682781429,0.9624798848457297,0.965376682781429,0.9624798848457297,0
1994-12-07,0.9672887431366566,0.965376682781429,0.9672887431366566,0.965376682781429,0
1994-12-08,0.9463516847035722,0.9672887431366566,0.9672887431366566,0.9463516847035722,0
1994-12-09,0.9188690999778146,0.9463516847035722,0.9463516847035722,0.9188690999778146,0
1994-12-12,0.9293568583875741,0.9188690999778146,0.9293568583875741,0.9188690999778146,0
1994-12-13,0.9476612002227265,0.9293568583875741,0.9476612002227265,0.9293568583875741,0
1994-12-14,0.9583650268624998,0.9476612002227265,0.9583650268624998,0.9476612002227265,0
1994-12-15,0.9730983463217883,0.9583650268624998,0.9730983463217883,0.9583650268624998,0
1994-12-16,0.9819977588647835,0.9730983463217883,0.9819977588647835,0.9730983463217883,0
1994-12-19,0.9963120886627322,0.9819977588647835,0.9963120886627322,0.9819977588647835,0
1994-12-20,1.000321287023917,0.9963120886627322,1.000321287023917,0.9963120886627322,0
1994-12-21,0.9910327471030732,1.000321287023917,1.000321287023917,0.9910327471030732,0
1994-12-22,1.022489414549121,0.9910327471030732,1.022489414549121,0.9910327471030732,0
1994-12-23,1.0130656008702181,1.022489414549121,1.022489414549121,1.0130656008702181,0
1994-12-27,1.0160857752770553,1.0130656008702181,1.0160857752770553,1.0130656008702181,0
1994-12-28,1.0325520592924722,1.0160857752770553,1.0325520592924722,1.0160857752770553,0
1994-12-29,1.0167980687035194,1.0325520592924722,1.0325520592924722,1.0167980687035194,0
1994-12-30,1.0187876672729204,1.0167980687035194,1.0187876672729204,1.0167980687035194,0
1995-01-03,0.9824629878758071,1.0187876672729204,1.0187876672729204,0.9824629878758071,0
1995-01-04,0.9965406690347406,0.9824629878758071,0.9965406690347406,0.9824629878758071,0
1995-01-05,1.0107488841259007,0.9965406690347406,1.0107488841259007,0.9965406690347406,0
1995-01-06,1.0106722757779372,1.0107488841259007,1.0107488841259007,1.0106722757779372,0
1995-01-09,1.0136839691361914,1.0106722757779372,1.0136839691361914,1.0106722757779372,0
1995-01-10,1.016704102198148,1.0136839691361914,1.016704102198148,1.0136839691361914,0
1995-01-11,1.0197296362363735,1.016704102198148,1.0197296362363735,1.016704102198148,0
1995-01-12,1.0217234765106589,1.0197296362363735,1.0217234765106589,1.0197296362363735,0
1995-01-13,1.0226827046055789,1.0217234765106589,1.0226827046055789,1.0217234765106589,0
1995-01-16,1.0589336164780785,1.0226827046055789,1.0589336164780785,1.0226827046055789,0
1995-01-17,1.0779698353929443,1.0589336164780785,1.0779698353929443,1.0589336164780785,0
1995-01-18,1.078960651311469,1.0779698353929443,1.078960651311469,1.0779698353929443,0
1995-01-19,1.0756546531045021,1.078960651311469,1.078960651311469,1.0756546531045021,0
1995-01-20,1.0573292539273889,1.0756546531045021,1.0756546531045021,1.0573292539273889,0
1995-01-23,1.0455811227422402,1.0573292539273889,1.0573292539273889,1.0455811227422402,0
1995-01-24,1.054978833685946,1.0455811227422402,1.054978833685946,1.0455811227422402,0
1995-01-25,1.0591343441269974,1.054978833685946,1.0591343441269974,1.054978833685946,0
1995-01-26,1.0675503781832776,1.0591343441269974,1.0675503781832776,1.0591343441269974,0
1995-01-27,1.070670444219768,1.0675503781832776,1.070670444219768,1.0675503781832776,0
1995-01-30,1.0834264016530375,1.070670444219768,1.0834264016530375,1.070670444219768,0
1995-01-31,1.0693274087925428,1.0834264016530375,1.0834264016530375,1.0693274087925428,0
1995-02-01,1.0820714122845656,1.0693274087925428,1.0820714122845656,1.0693274087925428,0
1995-02-02,1.080912307930325,1.0820714122845656,1.0820714122845656,1.080912307930325,0
1995-02-03,1.1002034381969872,1.080912307930325,1.1002034381969872,1.080912307930325,0
1995-02-06,1.1469450484449812,1.1002034381969872,1.1469450484449812,1.1002034381969872,0
1995-02-07,1.161407236139166,1.1469450484449812,1.161407236139166,1.1469450484449812,0
1995-02-08,1.1658362488837466,1.161407236139166,1.1658362488837466,1.161407236139166,0
1995-02-09,1.1657478858982162,1.1658362488837466,1.1658362488837466,1.1657478858982162,0
1995-02-10,1.165659529610039,1.1657478858982162,1.1657478858982162,1.165659529610039,0
1995-02-13,1.170096736741471,1.165659529610039,1.170096736741471,1.165659529610039,0
1995-02-14,1.171142278929667,1.170096736741471,1.171142278929667,1.170096736741471,0
1995-02-15,1.1755906150342912,1.171142278929667,1.1755906150342912,1.171142278929667,0
1995-02-16,1.194844372299285,1.1755906150342912,1.194844372299285,1.1755906150342912,0
1995-02-17,1.1901524266116272,1.194844372299285,1.194844372299285,1.1901524266116272,0
1995-02-21,1.1762994495609451,1.1901524266116272,1.1901524266116272,1.1762994495609451,0
1995-02-22,1.17507057544871,1.1762994495609451,1.1762994495609451,1.17507057544871,0
1995-02-23,1.2011400547268911,1.17507057544871,1.2011400547268911,1.17507057544871,0
1995-02-24,1.2068164666703873,1.2011400547268911,1.2068164666703873,1.2011400547268911,0
1995-02-27,1.2159845991586071,1.2068164666703873,1.2159845991586071,1.2068164666703873,0
1995-02-28,1.1868102095203983,1.2159845991586071,1.2159845991586071,1.1868102095203983,0
1995-03-01,1.2164761389078855,1.1868102095203983,1.2164761389078855,1.1868102095203983,0
1995-03-02,1.1931184263179624,1.2164761389078855,1.2164761389078855,1.1931184263179624,0
1995-03-03,1.197621519493398,1.1931184263179624,1.197621519493398,1.1931184263179624,0
1995-03-06,1.1986795523190303,1.197621519493398,1.1986795523190303,1.197621519493398,0
1995-03-07,1.2008932034037065,1.1986795523190303,1.2008932034037065,1.1986795523190303,0
1995-03-08,1.173123590022061,1.2008932034037065,1.2008932034037065,1.173123590022061,0
1995-03-09,1.1821187440483931,1.173123590022061,1.1821187440483931,1.173123590022061,0
1995-03-10,1.1808873347815738,1.1821187440483931,1.1821187440483931,1.1808873347815738,0
1995-03-13,1.2332486765528103,1.1808873347815738,1.2332486765528103,1.1808873347815738,0
1995-03-14,1.2296340985993583,1.2332486765528103,1.2332486765528103,1.2296340985993583,0
1995-03-15,1.2564761274453797,1.2296340985993583,1.2564761274453797,1.2296340985993583,0
1995-03-16,1.249253028737147,1.2564761274453797,1.2564761274453797,1.249253028737147,0
1995-03-17,1.2716424699290738,1.249253028737147,1.2716424699290738,1.249253028737147,0
1995-03-20,1.2753386140305816,1.2716424699290738,1.2753386140305816,1.2716424699290738,0
1995-03-21,1.275241951461026,1.2753386140305816,1.2753386140305816,1.275241951461026,0
1995-03-22,1.265498657096221,1.275241951461026,1.275241951461026,1.265498657096221,0
1995-03-23,1.2690028954367745,1.265498657096221,1.2690028954367745,1.265498657096221,0
1995-03-24,1.2713106770290568,1.2690028954367745,1.2713106770290568,1.2690028954367745,0
1995-03-27,1.325372485182341,1.2713106770290568,1.325372485182341,1.2713106770290568,0
1995-03-28,1.3413542852285725,1.325372485182341,1.3413542852285725,1.325372485182341,0
1995-03-29,1.3412526190902871,1.3413542852285725,1.3413542852285725,1.3412526190902871,0
1995-03-30,1.3399041655861355,1.3412526190902871,1.3412526190902871,1.3399041655861355,0
1995-03-31,1.3323278292386724,1.3399041655861355,1.3399041655861355,1.3323278292386724,0
1995-04-03,1.3160882368667213,1.3323278292386724,1.3323278292386724,1.3160882368667213,0
1995-04-04,1.325836228361202,1.3160882368667213,1.325836228361202,1.3160882368667213,0
1995-04-05,1.3517172249376639,1.325836228361202,1.3517172249376639,1.325836228361202,0
1995-04-06,1.351614773354345,1.3517172249376639,1.3517172249376639,1.351614773354345,0
1995-04-07,1.3665475291824332,1.351614773354345,1.3665475291824332,1.351614773354345,0
1995-04-10,1.3626592573855854,1.3665475291824332,1.3665475291824332,1.3626592573855854,0
1995-04-11,1.370115042719386,1.3626592573855854,1.370115042719386,1.3626592573855854,0
1995-04-12,1.3561031553078056,1.370115042719386,1.370115042719386,1.3561031553078056,0
1995-04-13,1.369812915039357,1.3561031553078056,1.369812915039357,1.3561031553078056,0
1995-04-17,1.3924616720423209,1.369812915039357,1.3924616720423209,1.369812915039357,0
1995-04-18,1.3680764030634935,1.3924616720423209,1.3924616720423209,1.3680764030634935,0
1995-04-19,1.3540821517365556,1.3680764030634935,1.3680764030634935,1.3540821517365556,0
1995-04-20,1.350215766511165,1.3540821517365556,1.3540821517365556,1.350215766511165,0
1995-04-21,1.3563750314123253,1.350215766511165,1.3563750314123253,1.350215766511165,0
1995-04-24,1.376357393259496,1.3563750314123253,1.376357393259496,1.3563750314123253,0
1995-04-25,1.4244285772136782,1.376357393259496,1.4244285772136782,1.376357393259496,0
1995-04-26,1.4126470761174355,1.4244285772136782,1.4244285772136782,1.4126470761174355,0
1995-04-27,1.4164125545238022,1.4126470761174355,1.4164125545238022,1.4126470761174355,0
1995-04-28,1.426639657922552,1.4164125545238022,1.426639657922552,1.4164125545238022,0
1995-05-01,1.4330213150317117,1.426639657922552,1.4330213150317117,1.426639657922552,0
1995-05-02,1.421193365829828,1.4330213150317117,1.4330213150317117,1.421193365829828,0
1995-05-03,1.4301475017558622,1.421193365829828,1.4301475017558622,1.421193365829828,0
1995-05-04,1.4898477641266565,1.4301475017558622,1.4898477641266565,1.4301475017558622,0
1995-05-05,1.4870643435808537,1.4898477641266565,1.4898477641266565,1.4870643435808537,0
1995-05-08,1.4816151823111454,1.4870643435808537,1.4870643435808537,1.4816151823111454,0
1995-05-09,1.5134438687265945,1.4816151823111454,1.5134438687265945,1.4816151823111454,0
1995-05-10,1.5092781969308697,1.5134438687265945,1.5134438687265945,1.5092781969308697,0
1995-05-11,1.514550027066495,1.5092781969308697,1.514550027066495,1.5092781969308697,0
1995-05-12,1.5265882919530327,1.514550027066495,1.5265882919530327,1.514550027066495,0
1995-05-15,1.5291890871544787,1.5265882919530327,1.5291890871544787,1.5265882919530327,0
1995-05-16,1.5508144579559933,1.5291890871544787,1.5508144579559933,1.5291890871544787,0
1995-05-17,1.5534395752128751,1.5508144579559933,1.5534395752128751,1.5508144579559933,0
1995-05-18,1.5354730179252782,1.5534395752128751,1.5534395752128751,1.5354730179252782,0
1995-05-19,1.4685950290174044,1.5354730179252782,1.5354730179252782,1.4685950290174044,0
1995-05-22,1.4711285741874598,1.4685950290174044,1.4711285741874598,1.4685950290174044,0
1995-05-23,1.5199960576280933,1.4711285741874598,1.5199960576280933,1.4711285741874598,0
1995-05-24,1.5618157939805946,1.5199960576280933,1.5618157939805946,1.5199960576280933,0
1995-05-25,1.5589440013461318,1.5618157939805946,1.5618157939805946,1.5589440013461318,0
1995-05-26,1.562950653855179,1.5589440013461318,1.562950653855179,1.5589440013461318,0
1995-05-30,1.5090986489142428,1.562950653855179,1.562950653855179,1.5090986489142428,0
1995-05-31,1.5076365990718301,1.5090986489142428,1.5090986489142428,1.5076365990718301,0
1995-06-01,1.601664990927925,1.5076365990718301,1.601664990927925,1.5076365990718301,0
1995-06-02,1.5889466731929291,1.601664990927925,1.601664990927925,1.5889466731929291,0
1995-06-05,1.592999505216753,1.5889466731929291,1.592999505216753,1.5889466731929291,0
1995-06-06,1.6221665961685903,1.592999505216753,1.6221665961685903,1.592999505216753,0
1995-06-07,1.61357480862037,1.6221665961685903,1.6221665961685903,1.61357480862037,0
1995-06-08,1.5881385759535467,1.61357480862037,1.61357480862037,1.5881385759535467,0
1995-06-09,1.5768856061161975,1.5881385759535467,1.5881385759535467,1.5768856061161975,0
1995-06-12,1.549069692426489,1.5768856061161975,1.5768856061161975,1.549069692426489,0
1995-06-13,1.5749540474138166,1.549069692426489,1.5749540474138166,1.549069692426489,0
1995-06-14,1.6260216884397227,1.5749540474138166,1.6260216884397227,1.5749540474138166,0
1995-06-15,1.621661553221597,1.6260216884397227,1.6260216884397227,1.621661553221597,0
1995-06-16,1.6426971208532744,1.621661553221597,1.6426971208532744,1.621661553221597,0
1995-06-19,1.6572076566576046,1.6426971208532744,1.6572076566576046,1.6426971208532744,0
1995-06-20,1.7132134462642044,1.6572076566576046,1.7132134462642044,1.6572076566576046,0
1995-06-21,1.6998403276169436,1.7132134462642044,1.7132134462642044,1.6998403276169436,0
1995-06-22,1.6967855343712461,1.6998403276169436,1.6998403276169436,1.6967855343712461,0
1995-06-23,1.7639048450755954,1.6967855343712461,1.7639048450755954,1.6967855343712461,0
1995-06-26,1.7532734326535206,1.7639048450755954,1.7639048450755954,1.7532734326535206,0
1995-06-27,1.6903963018285053,1.7532734326535206,1.7532734326535206,1.6903963018285053,0
1995-06-28,1.6800638076422958,1.6903963018285053,1.6903963018285053,1.6800638076422958,0
1995-06-29,1.7060688255734957,1.6800638076422958,1.7060688255734957,1.6800638076422958,0
1995-06-30,1.6971381984819611,1.7060688255734957,1.7060688255734957,1.6971381984819611,0
1995-07-03,1.6940882612487351,1.6971381984819611,1.6971381984819611,1.6940882612487351,0
1995-07-05,1.7129351649081577,1.6940882612487351,1.7129351649081577,1.6940882612487351,0
1995-07-06,1.7319169939474144,1.7129351649081577,1.7319169939474144,1.7129351649081577,0
1995-07-07,1.7984393682700663,1.7319169939474144,1.7984393682700663,1.7319169939474144,0
1995-07-10,1.8225963869251371,1.7984393682700663,1.8225963869251371,1.7984393682700663,0
1995-07-11,1.8255246275650008,1.8225963869251371,1.8255246275650008,1.8225963869251371,0
1995-07-12,1.79931368365076,1.8255246275650008,1.8255246275650008,1.79931368365076,0
1995-07-13,1.8660055890067422,1.79931368365076,1.8660055890067422,1.79931368365076,0
1995-07-14,1.8534187708723826,1.8660055890067422,1.8660055890067422,1.8534187708723826,0
1995-07-17,1.8486318590474178,1.8534187708723826,1.8534187708723826,1.8486318590474178,0
1995-07-18,1.8794116565025452,1.8486318590474178,1.8794116565025452,1.8486318590474178,0
1995-07-19,1.83081323403791,1.8794116565025452,1.8794116565025452,1.83081323403791,0
1995-07-20,1.7707745814090312,1.83081323403791,1.83081323403791,1.7707745814090312,0
1995-07-21,1.7901624380343284,1.7707745814090312,1.7901624380343284,1.7707745814090312,0
1995-07-24,1.7839791062411159,1.7901624380343284,1.7901624380343284,1.7839791062411159,0
1995-07-25,1.8230837567754081,1.7839791062411159,1.8230837567754081,1.7839791062411159,0
1995-07-26,1.8642857008784248,1.8230837567754081,1.8642857008784248,1.8230837567754081,0
1995-07-27,1.8594817588061976,1.8642857008784248,1.8642857008784248,1.8594817588061976,0
1995-07-28,1.9058832944104735,1.8594817588061976,1.9058832944104735,1.8594817588061976,0
1995-07-31,1.86946974271923,1.9058832944104735,1.9058832944104735,1.86946974271923,0
1995-08-01,1.8553155042154963,1.86946974271923,1.86946974271923,1.8553155042154963,0
1995-08-02,1.8458828512020686,1.8553155042154963,1.8553155042154963,1.8458828512020686,0
1995-08-03,1.8333980958117917,1.8458828512020686,1.8458828512020686,1.8333980958117917,0
1995-08-04,1.831721918586077,1.8333980958117917,1.8333980958117917,1.831721918586077,0
1995-08-07,1.8377267672880586,1.831721918586077,1.8377267672880586,1.831721918586077,0
1995-08-08,1.84989363936319,1.8377267672880586,1.84989363936319,1.8377267672880586,0
1995-08-09,1.8497534291706828,1.84989363936319,1.84989363936319,1.8497534291706828,0
1995-08-10,1.848071570351609,1.8497534291706828,1.8497534291706828,1.848071570351609,0
1995-08-11,1.8355737414541844,1.848071570351609,1.848071570351609,1.8355737414541844,0
1995-08-14,1.8046889556830688,1.8355737414541844,1.8355737414541844,1.8046889556830688,0
1995-08-15,1.8531889495633074,1.8046889556830688,1.8531889495633074,1.8046889556830688,0
1995-08-16,1.8422238749074538,1.8531889495633074,1.8531889495633074,1.8422238749074538,0
1995-08-17,1.8574880368200024,1.8422238749074538,1.8574880368200024,1.8422238749074538,0
1995-08-18,1.8480520972485688,1.8574880368200024,1.8574880368200024,1.8480520972485688,0
1995-08-21,1.8540917044215506,1.8480520972485688,1.8540917044215506,1.8480520972485688,0
1995-08-22,1.8384742458497305,1.8540917044215506,1.8540917044215506,1.8384742458497305,0
1995-08-23,1.8491101712355231,1.8384742458497305,1.8491101712355231,1.8384742458497305,0
1995-08-24,1.8288893804977808,1.8491101712355231,1.8491101712355231,1.8288893804977808,0
1995-08-25,1.8348849434219978,1.8288893804977808,1.8348849434219978,1.8288893804977808,0
1995-08-28,1.8654720432696839,1.8348849434219978,1.8654720432696839,1.8348849434219978,0
1995-08-29,1.8451387136723456,1.8654720432696839,1.8654720432696839,1.8451387136723456,0
1995-08-30,1.8588739607979798,1.8451387136723456,1.8588739607979798,1.8451387136723456,0
1995-08-31,1.871128743451892,1.8588739607979798,1.871128743451892,1.8588739607979798,0
1995-09-01,1.8756576012926773,1.871128743451892,1.8756576012926773,1.871128743451892,0
1995-09-05,1.9004563480469059,1.8756576012926773,1.9004563480469059,1.8756576012926773,0
1995-09-06,1.9537717973435855,1.9004563480469059,1.9537717973435855,1.9004563480469059,0
1995-09-07,1.964835394265439,1.9537717973435855,1.964835394265439,1.9537717973435855,0
1995-09-08,1.9678970958785165,1.964835394265439,1.9678970958785165,1.964835394265439,0
1995-09-11,1.9902793717745242,1.9678970958785165,1.9902793717745242,1.9678970958785165,0
1995-09-12,2.0063364961003023,1.9902793717745242,2.0063364961003023,1.9902793717745242,0
1995-09-13,2.033894828487645,2.0063364961003023,2.033894828487645,2.0063364961003023,0
1995-09-14,2.06169952240792,2.033894828487645,2.06169952240792,2.033894828487645,0
1995-09-15,2.117967543347361,2.06169952240792,2.117967543347361,2.06169952240792,0
1995-09-18,2.116050996942391,2.117967543347361,2.117967543347361,2.116050996942391,0
1995-09-19,2.092131182342002,2.116050996942391,2.116050996942391,2.092131182342002,0
1995-09-20,2.12229190593428,2.092131182342002,2.12229190593428,2.092131182342002,0
1995-09-21,2.1527388674301307,2.12229190593428,2.1527388674301307,2.12229190593428,0
1995-09-22,2.0993572566511007,2.1527388674301307,2.1527388674301307,2.0993572566511007,0
1995-09-25,2.100888670906685,2.0993572566511007,2.100888670906685,2.0993572566511007,0
1995-09-26,2.090598418333537,2.100888670906685,2.100888670906685,2.090598418333537,0
1995-09-27,2.088754227273913,2.090598418333537,2.090598418333537,2.088754227273913,0
1995-09-28,2.0835480987775306,2.088754227273913,2.088754227273913,2.0835480987775306,0
1995-09-29,2.130415194630456,2.0835480987775306,2.130415194630456,2.0835480987775306,0
1995-10-02,2.1183242011628374,2.130415194630456,2.130415194630456,2.1183242011628374,0
1995-10-03,2.0859052633282915,2.1183242011628374,2.1183242011628374,2.0859052633282915,0
1995-10-04,2.0924653161551237,2.0859052633282915,2.0924653161551237,2.0859052633282915,0
1995-10-05,2.0855746685547016,2.0924653161551237,2.0924653161551237,2.0855746685547016,0
1995-10-06,2.1038957421670403,2.0855746685547016,2.1038957421670403,2.0855746685547016,0
1995-10-09,2.108803560580229,2.1038957421670403,2.108803560580229,2.1038957421670403,0
1995-10-10,2.0561788020224303,2.108803560580229,2.108803560580229,2.0561788020224303,0
1995-10-11,2.0526955274619634,2.0561788020224303,2.0561788020224303,2.0526955274619634,0
1995-10-12,2.072487676319841,2.0526955274619634,2.072487676319841,2.0526955274619634,0
1995-10-13,2.1107992329689425,2.072487676319841,2.1107992329689425,2.072487676319841,0
1995-10-16,2.1309575507999026,2.1107992329689425,2.1309575507999026,2.1107992329689425,0
1995-10-17,2.1001266381401393,2.1309575507999026,2.1309575507999026,2.1001266381401393,0
1995-10-18,2.142153358309402,2.1001266381401393,2.142153358309402,2.1001266381401393,0
1995-10-19,2.160793307800319,2.142153358309402,2.160793307800319,2.142153358309402,0
1995-10-20,2.191580571046613,2.160793307800319,2.191580571046613,2.160793307800319,0
1995-10-23,2.1514926719139766,2.191580571046613,2.191580571046613,2.1514926719139766,0
1995-10-24,2.1376160298593097,2.1514926719139766,2.1514926719139766,2.1376160298593097,0
1995-10-25,2.1442839172971206,2.1376160298593097,2.1442839172971206,2.1376160298593097,0
1995-10-26,2.0910986071017788,2.1442839172971206,2.1442839172971206,2.0910986071017788,0
1995-10-27,2.0337539237915205,2.0910986071017788,2.0910986071017788,2.0337539237915205,0
1995-10-30,2.07982522750245,2.0337539237915205,2.07982522750245,2.0337539237915205,0
1995-10-31,2.119875024293237,2.07982522750245,2.119875024293237,2.07982522750245,0
1995-11-01,2.092567690853737,2.119875024293237,2.119875024293237,2.092567690853737,0
1995-11-02,2.1428712431665784,2.092567690853737,2.1428712431665784,2.092567690853737,0
1995-11-03,2.183723754563505,2.1428712431665784,2.183723754563505,2.1428712431665784,0
1995-11-06,2.1922070296098863,2.183723754563505,2.1922070296098863,2.183723754563505,0
1995-11-07,2.1694919620670867,2.1922070296098863,2.1922070296098863,2.1694919620670867,0
1995-11-08,2.1452066324352375,2.1694919620670867,2.1694919620670867,2.1452066324352375,0
1995-11-09,2.2031750659629505,2.1452066324352375,2.2031750659629505,2.1452066324352375,0
1995-11-10,2.2273766667659816,2.2031750659629505,2.2273766667659816,2.2031750659629505,0
1995-11-13,2.2236975586089285,2.2273766667659816,2.2273766667659816,2.2236975586089285,0
1995-11-14,2.216525089480448,2.2236975586089285,2.2236975586089285,2.216525089480448,0
1995-11-15,2.172681877160019,2.216525089480448,2.216525089480448,2.172681877160019,0
1995-11-16,2.2380244704981798,2.172681877160019,2.2380244704981798,2.172681877160019,0
1995-11-17,2.274775506126731,2.2380244704981798,2.274775506126731,2.2380244704981798,0
1995-11-20,2.295927358283178,2.274775506126731,2.295927358283178,2.274775506126731,0
1995-11-21,2.259991936399266,2.295927358283178,2.295927358283178,2.259991936399266,0
1995-11-22,2.314666976755933,2.259991936399266,2.314666976755933,2.259991936399266,0
1995-11-24,2.292923996317162,2.314666976755933,2.314666976755933,2.292923996317162,0
1995-11-27,2.310613637104013,2.292923996317162,2.310613637104013,2.292923996317162,0
1995-11-28,2.312231282131039,2.310613637104013,2.312231282131039,2.310613637104013,0
1995-11-29,2.385696777831406,2.312231282131039,2.385696777831406,2.312231282131039,0
1995-11-30,2.392851081686958,2.385696777831406,2.392851081686958,2.385696777831406,0
1995-12-01,2.3761350532799868,2.392851081686958,2.392851081686958,2.3761350532799868,0
1995-12-04,2.3850969256839187,2.3761350532799868,2.3850969256839187,2.3761350532799868,0
1995-12-05,2.4729139886455704,2.3850969256839187,2.4729139886455704,2.3850969256839187,0
1995-12-06,2.521545933434599,2.4729139886455704,2.521545933434599,2.4729139886455704,0
1995-12-07,2.5384728753719634,2.521545933434599,2.5384728753719634,2.521545933434599,0
1995-12-08,2.4981554356444096,2.5384728753719634,2.5384728753719634,2.4981554356444096,0
1995-12-11,2.5225429890020514,2.4981554356444096,2.5225429890020514,2.4981554356444096,0
1995-12-12,2.5546924053062994,2.5225429890020514,2.5546924053062994,2.5225429890020514,0
1995-12-13,2.531477263663827,2.5546924053062994,2.5546924053062994,2.531477263663827,0
1995-12-14,2.5789514535231537,2.531477263663827,2.5789514535231537,2.531477263663827,0
1995-12-15,2.5227797253497855,2.5789514535231537,2.5789514535231537,2.5227797253497855,0
1995-12-18,2.525359248441248,2.5227797253497855,2.525359248441248,2.5227797253497855,0
1995-12-19,2.379619158361127,2.525359248441248,2.525359248441248,2.379619158361127,0
1995-12-20,2.454874388506442,2.379619158361127,2.454874388506442,2.379619158361127,0
1995-12-21,2.3833140595246434,2.454874388506442,2.454874388506442,2.3833140595246434,0
1995-12-22,2.4199646149658687,2.3833140595246434,2.4199646149658687,2.3833140595246434,0
1995-12-26,2.4458196592123125,2.4199646149658687,2.4458196592123125,2.4199646149658687,0
1995-12-27,2.481231892111134,2.4458196592123125,2.481231892111134,2.4458196592123125,0
1995-12-28,2.4772564954302623,2.481231892111134,2.481231892111134,2.4772564954302623,0
1995-12-29,2.4695101565026323,2.4772564954302623,2.4772564954302623,2.4695101565026323,0
1996-01-02,2.478752030163538,2.4695101565026323,2.478752030163538,2.4695101565026323,0
1996-01-03,2.5579335260622478,2.478752030163538,2.5579335260622478,2.478752030163538,0
1996-01-04,2.578962649677579,2.5579335260622478,2.578962649677579,2.5579335260622478,0
1996-01-05,2.505045646292445,2.578962649677579,2.578962649677579,2.505045646292445,0
1996-01-08,2.4896380349407443,2.505045646292445,2.505045646292445,2.4896380349407443,0
1996-01-09,2.5178700314901503,2.4896380349407443,2.5178700314901503,2.4896380349407443,0
1996-01-10,2.387872940229587,2.5178700314901503,2.5178700314901503,2.387872940229587,0
1996-01-11,2.293745298228804,2.387872940229587,2.387872940229587,2.293745298228804,0
1996-01-12,2.3348084299853813,2.293745298228804,2.3348084299853813,2.293745298228804,0
1996-01-15,2.3237487573054914,2.3348084299853813,2.3348084299853813,2.3237487573054914,0
1996-01-16,2.3091083647762725,2.3237487573054914,2.3237487573054914,2.3091083647762725,0
1996-01-17,2.3935629111536474,2.3091083647762725,2.3935629111536474,2.3091083647762725,0
1996-01-18,2.3712521231822965,2.3935629111536474,2.3935629111536474,2.3712521231822965,0
1996-01-19,2.394897039569788,2.3712521231822965,2.394897039569788,2.3712521231822965,0
1996-01-22,2.4426724460222777,2.394897039569788,2.4426724460222777,2.394897039569788,0
1996-01-23,2.4443590657050427,2.4426724460222777,2.4443590657050427,2.4426724460222777,0
1996-01-24,2.4610006890658562,2.4443590657050427,2.4610006890658562,2.4443590657050427,0
1996-01-25,2.520914766550578,2.4610006890658562,2.520914766550578,2.4610006890658562,0
1996-01-26,2.4940089006080037,2.520914766550578,2.520914766550578,2.4940089006080037,0
1996-01-29,2.5582346388827353,2.4940089006080037,2.5582346388827353,2.4940089006080037,0
1996-01-30,2.588873699760931,2.5582346388827353,2.588873699760931,2.5582346388827353,0
1996-01-31,2.6547071856058833,2.588873699760931,2.6547071856058833,2.588873699760931,0
1996-02-01,2.73744553464834,2.6547071856058833,2.73744553464834,2.6547071856058833,0
1996-02-02,2.7674685372589085,2.73744553464834,2.7674685372589085,2.73744553464834,0
1996-02-05,2.7327511883605804,2.7674685372589085,2.7674685372589085,2.7327511883605804,0
1996-02-06,2.7989645041472535,2.7327511883605804,2.7989645041472535,2.7327511883605804,0
1996-02-07,2.878513269238439,2.7989645041472535,2.878513269238439,2.7989645041472535,0
1996-02-08,2.9282909369225445,2.878513269238439,2.9282909369225445,2.878513269238439,0
1996-02-09,3.0228939945733955,2.9282909369225445,3.0228939945733955,2.9282909369225445,0
1996-02-12,3.020515792274844,3.0228939945733955,3.0228939945733955,3.020515792274844,0
1996-02-13,3.089110440504736,3.020515792274844,3.089110440504736,3.020515792274844,0
1996-02-14,3.069234442942925,3.089110440504736,3.089110440504736,3.069234442942925,0
1996-02-15,2.9885746457382614,3.069234442942925,3.069234442942925,2.9885746457382614,0
1996-02-16,2.932828668925198,2.9885746457382614,2.9885746457382614,2.932828668925198,0
1996-02-20,2.8967651375617756,2.932828668925198,2.932828668925198,2.8967651375617756,0
1996-02-21,2.8108093424368468,2.8967651375617756,2.8967651375617756,2.8108093424368468,0
1996-02-22,2.9151075013532655,2.8108093424368468,2.9151075013532655,2.8108093424368468,0
1996-02-23,3.0534363592828577,2.9151075013532655,3.0534363592828577,2.9151075013532655,0
1996-02-26,3.0272312547588833,3.0534363592828577,3.0534363592828577,3.0272312547588833,0
1996-02-27,2.89787387821548,3.0272312547588833,3.0272312547588833,2.89787387821548,0
1996-02-28,2.87049282761331,2.89787387821548,2.89787387821548,2.87049282761331,0
1996-02-29,2.830816465821721,2.87049282761331,2.87049282761331,2.830816465821721,0
1996-03-01,2.7483122042557713,2.830816465821721,2.830816465821721,2.7483122042557713,0
1996-03-04,2.8791985736937225,2.7483122042557713,2.8791985736937225,2.7483122042557713,0
1996-03-05,2.9288977943386736,2.8791985736937225,2.9288977943386736,2.8791985736937225,0
1996-03-06,3.0107145528148918,2.9288977943386736,3.0107145528148918,2.9288977943386736,0
1996-03-07,2.9312183622734285,3.0107145528148918,3.0107145528148918,2.9312183622734285,0
1996-03-08,2.975188303913476,2.9312183622734285,2.975188303913476,2.9312183622734285,0
1996-03-11,2.685943947532489,2.975188303913476,2.975188303913476,2.685943947532489,0
1996-03-12,2.7789297164105315,2.685943947532489,2.7789297164105315,2.685943947532489,0
1996-03-13,2.713822393228584,2.7789297164105315,2.7789297164105315,2.713822393228584,0
1996-03-14,2.7695065928850076,2.713822393228584,2.7695065928850076,2.713822393228584,0
1996-03-15,2.8057044688485013,2.7695065928850076,2.8057044688485013,2.7695065928850076,0
1996-03-18,2.7998415158955745,2.8057044688485013,2.8057044688485013,2.7998415158955745,0
1996-03-19,2.9613140155033313,2.7998415158955745,2.9613140155033313,2.7998415158955745,0
1996-03-20,2.941974842359239,2.9613140155033313,2.9613140155033313,2.941974842359239,0
1996-03-21,2.9311779138522605,2.941974842359239,2.941974842359239,2.9311779138522605,0
1996-03-22,2.9098662698648536,2.9311779138522605,2.9311779138522605,2.9098662698648536,0
1996-03-25,2.93273542037301,2.9098662698648536,2.93273542037301,2.9098662698648536,0
1996-03-26,2.915631091195949,2.93273542037301,2.93273542037301,2.915631091195949,0
1996-03-27,2.957441957461672,2.915631091195949,2.957441957461672,2.915631091195949,0
1996-03-28,2.8766002472085286,2.957441957461672,2.957441957461672,2.8766002472085286,0
1996-03-29,2.9097061168370346,2.8766002472085286,2.9097061168370346,2.8766002472085286,0
1996-04-01,2.8675112323343765,2.9097061168370346,2.9097061168370346,2.8675112323343765,0
1996-04-02,2.967035777828843,2.8675112323343765,2.967035777828843,2.8675112323343765,0
1996-04-03,2.9838143640167614,2.967035777828843,2.9838143640167614,2.967035777828843,0
1996-04-04,2.9835882098328215,2.9838143640167614,2.9838143640167614,2.9835882098328215,0
1996-04-08,2.9769618766861954,2.9835882098328215,2.9835882098328215,2.9769618766861954,0
1996-04-09,2.823377905950808,2.9769618766861954,2.9769618766861954,2.823377905950808,0
1996-04-10,2.790278237718239,2.823377905950808,2.823377905950808,2.790278237718239,0
1996-04-11,2.641206535765165,2.790278237718239,2.790278237718239,2.641206535765165,0
1996-04-12,2.63117989620712,2.641206535765165,2.641206535765165,2.63117989620712,0
1996-04-15,2.730948775439902,2.63117989620712,2.730948775439902,2.63117989620712,0
1996-04-16,2.7990537066120966,2.730948775439902,2.7990537066120966,2.730948775439902,0
1996-04-17,2.8233453563747704,2.7990537066120966,2.8233453563747704,2.7990537066120966,0
1996-04-18,2.802594387470005,2.8233453563747704,2.8233453563747704,2.802594387470005,0
1996-04-19,2.814637098351962,2.802594387470005,2.814637098351962,2.802594387470005,0
1996-04-22,2.834924035646676,2.814637098351962,2.834924035646676,2.814637098351962,0
1996-04-23,2.9006047019728256,2.834924035646676,2.9006047019728256,2.834924035646676,0
1996-04-24,2.9275667761313193,2.9006047019728256,2.9275667761313193,2.9006047019728256,0
1996-04-25,2.8957937582953877,2.9275667761313193,2.9275667761313193,2.8957937582953877,0
1996-04-26,2.9352493669656434,2.8957937582953877,2.9352493669656434,2.8957937582953877,0
1996-04-29,2.9539889060798865,2.9352493669656434,2.9539889060798865,2.9352493669656434,0
1996-04-30,2.9537650124762904,2.9539889060798865,2.9539889060798865,2.9537650124762904,0
1996-05-01,2.947190199584176,2.9537650124762904,2.9537650124762904,2.947190199584176,0
1996-05-02,2.9659873787165556,2.947190199584176,2.9659873787165556,2.947190199584176,0
1996-05-03,2.813003463712981,2.9659873787165556,2.9659873787165556,2.813003463712981,0
1996-05-06,2.800506739996804,2.813003463712981,2.813003463712981,2.800506739996804,0
1996-05-07,2.792133322838798,2.800506739996804,2.800506739996804,2.792133322838798,0
1996-05-08,2.7572901052075545,2.792133322838798,2.792133322838798,2.7572901052075545,0
1996-05-09,2.860097852905332,2.7572901052075545,2.860097852905332,2.7572901052075545,0
1996-05-10,2.8536768985072984,2.860097852905332,2.860097852905332,2.8536768985072984,0
1996-05-13,2.9381774222676555,2.8536768985072984,2.9381774222676555,2.8536768985072984,0
1996-05-14,3.070686777288281,2.9381774222676555,3.070686777288281,2.9381774222676555,0
1996-05-15,3.1268430112257817,3.070686777288281,3.1268430112257817,3.070686777288281,0
1996-05-16,3.115630711631232,3.1268430112257817,3.1268430112257817,3.115630711631232,0
1996-05-17,3.135104855895705,3.115630711631232,3.135104855895705,3.115630711631232,0
1996-05-20,3.1854429400761686,3.135104855895705,3.1854429400761686,3.135104855895705,0
1996-05-21,3.249651197439723,3.1854429400761686,3.249651197439723,3.1854429400761686,0
1996-05-22,3.2358941338546887,3.249651197439723,3.249651197439723,3.2358941338546887,0
1996-05-23,3.3277145342654815,3.2358941338546887,3.3277145342654815,3.2358941338546887,0
1996-05-24,3.286287356892471,3.3277145342654815,3.3277145342654815,3.286287356892471,0
1996-05-28,3.3246015517828127,3.286287356892471,3.3246015517828127,3.286287356892471,0
1996-05-29,3.223767550349842,3.3246015517828127,3.3246015517828127,3.223767550349842,0
1996-05-30,3.158581366310843,3.223767550349842,3.223767550349842,3.158581366310843,0
1996-05-31,3.2069459995783696,3.158581366310843,3.2069459995783696,3.158581366310843,0
1996-06-03,3.135301785471003,3.2069459995783696,3.2069459995783696,3.135301785471003,0
1996-06-04,3.161437813556992,3.135301785471003,3.161437813556992,3.135301785471003,0
1996-06-05,3.227488365100273,3.161437813556992,3.227488365100273,3.161437813556992,0
1996-06-06,3.312376370940984,3.227488365100273,3.312376370940984,3.227488365100273,0
1996-06-07,3.239184952136348,3.312376370940984,3.312376370940984,3.239184952136348,0
1996-06-10,3.2389394424832294,3.239184952136348,3.239184952136348,3.2389394424832294,0
1996-06-11,3.207261491158576,3.2389394424832294,3.2389394424832294,3.207261491158576,0
1996-06-12,3.1980999486675463,3.207261491158576,3.207261491158576,3.1980999486675463,0
1996-06-13,3.1800459414161524,3.1980999486675463,3.1980999486675463,3.1800459414161524,0
1996-06-14,3.179804914124561,3.1800459414161524,3.1800459414161524,3.179804914124561,0
1996-06-17,3.1396538713914786,3.179804914124561,3.179804914124561,3.1396538713914786,0
1996-06-18,3.1328247003235736,3.1396538713914786,3.1396538713914786,3.1328247003235736,0
1996-06-19,3.0557434852855976,3.1328247003235736,3.1328247003235736,3.0557434852855976,0
1996-06-20,3.0965358083111667,3.0557434852855976,3.0965358083111667,3.0557434852855976,0
1996-06-21,3.089765195004229,3.0965358083111667,3.0965358083111667,3.089765195004229,0
1996-06-24,3.169255519999965,3.089765195004229,3.169255519999965,3.089765195004229,0
1996-06-25,3.186806558357779,3.169255519999965,3.186806558357779,3.169255519999965,0
1996-06-26,3.175407418515958,3.186806558357779,3.186806558357779,3.175407418515958,0
1996-06-27,3.110604427313984,3.175407418515958,3.175407418515958,3.110604427313984,0
1996-06-28,3.176233538669574,3.110604427313984,3.176233538669574,3.110604427313984,0
1996-07-01,3.2093930362863303,3.176233538669574,3.2093930362863303,3.176233538669574,0
1996-07-02,3.2920923003814577,3.2093930362863303,3.2920923003814577,3.2093930362863303,0
1996-07-03,3.2553673511245895,3.2920923003814577,3.2920923003814577,3.2553673511245895,0
1996-07-05,3.234759000976613,3.2553673511245895,3.2553673511245895,3.234759000976613,0
1996-07-08,2.98666061563512,3.234759000976613,3.234759000976613,2.98666061563512,0
1996-07-09,2.9501497073901426,2.98666061563512,2.98666061563512,2.9501497073901426,0
1996-07-10,2.9859128095366314,2.9501497073901426,2.9859128095366314,2.9501497073901426,0
1996-07-11,3.0219759225637874,2.9859128095366314,3.0219759225637874,2.9859128095366314,0
1996-07-12,2.838870349874456,3.0219759225637874,3.0219759225637874,2.838870349874456,0
1996-07-15,2.8448508070925107,2.838870349874456,2.8448508070925107,2.838870349874456,0
1996-07-16,2.5926443684316984,2.8448508070925107,2.8448508070925107,2.5926443684316984,0
1996-07-17,2.6118430168559743,2.5926443684316984,2.6118430168559743,2.5926443684316984,0
1996-07-18,2.705205554220028,2.6118430168559743,2.705205554220028,2.6118430168559743,0
1996-07-19,2.8167213963112245,2.705205554220028,2.8167213963112245,2.705205554220028,0
1996-07-22,2.755038530110773,2.8167213963112245,2.8167213963112245,2.755038530110773,0
1996-07-23,2.694259275298096,2.755038530110773,2.755038530110773,2.694259275298096,0
1996-07-24,2.590634797475973,2.694259275298096,2.694259275298096,2.590634797475973,0
1996-07-25,2.6059352888522596,2.590634797475973,2.6059352888522596,2.590634797475973,0
1996-07-26,2.675745452329559,2.6059352888522596,2.675745452329559,2.6059352888522596,0
1996-07-29,2.719083802472764,2.675745452329559,2.719083802472764,2.675745452329559,0
1996-07-30,2.6288669273409915,2.719083802472764,2.719083802472764,2.6288669273409915,0
1996-07-31,2.7049328163300044,2.6288669273409915,2.7049328163300044,2.6288669273409915,0
1996-08-01,2.7645130765854637,2.7049328163300044,2.7645130765854637,2.7049328163300044,0
1996-08-02,2.9017873768487643,2.7645130765854637,2.9017873768487643,2.7645130765854637,0
1996-08-05,3.089449991359562,2.9017873768487643,3.089449991359562,2.9017873768487643,0
1996-08-06,3.0348247470142784,3.089449991359562,3.089449991359562,3.0348247470142784,0
1996-08-07,3.0625464470956887,3.0348247470142784,3.0625464470956887,3.0348247470142784,0
1996-08-08,3.0861004696951886,3.0625464470956887,3.0861004696951886,3.0625464470956887,0
1996-08-09,3.0706503903120974,3.0861004696951886,3.0861004696951886,3.0706503903120974,0
1996-08-12,3.0400869300935853,3.0706503903120974,3.0706503903120974,3.0400869300935853,0
1996-08-13,3.106575805590739,3.0400869300935853,3.106575805590739,3.0400869300935853,0
1996-08-14,3.0321075076887727,3.106575805590739,3.106575805590739,3.0321075076887727,0
1996-08-15,3.0641011395294155,3.0321075076887727,3.0641011395294155,3.0321075076887727,0
1996-08-16,3.0465636192414256,3.0641011395294155,3.0641011395294155,3.0465636192414256,0
1996-08-19,3.1238882852729506,3.0465636192414256,3.1238882852729506,3.0465636192414256,0
1996-08-20,3.128037420473366,3.1238882852729506,3.128037420473366,3.1238882852729506,0
1996-08-21,3.1212270336434065,3.128037420473366,3.128037420473366,3.1212270336434065,0
1996-08-22,3.088150131158185,3.1212270336434065,3.1212270336434065,3.088150131158185,0
1996-08-23,3.1748654081070855,3.088150131158185,3.1748654081070855,3.088150131158185,0
1996-08-26,3.1237064218931456,3.1748654081070855,3.1748654081070855,3.1237064218931456,0
1996-08-27,3.0774773001068727,3.1237064218931456,3.1237064218931456,3.0774773001068727,0
1996-08-28,3.111936844884708,3.0774773001068727,3.111936844884708,3.0774773001068727,0
1996-08-29,3.096413065359238,3.111936844884708,3.111936844884708,3.096413065359238,0
1996-08-30,3.004737385982372,3.096413065359238,3.096413065359238,3.004737385982372,0
1996-09-03,2.9106362282288285,3.004737385982372,3.004737385982372,2.9106362282288285,0
1996-09-04,2.96680472117233,2.9106362282288285,2.96680472117233,2.9106362282288285,0
1996-09-05,2.9750361731023522,2.96680472117233,2.9750361731023522,2.96680472117233,0
1996-09-06,2.866752991234598,2.9750361731023522,2.9750361731023522,2.866752991234598,0
1996-09-09,2.9884760454240618,2.866752991234598,2.9884760454240618,2.866752991234598,0
1996-09-10,3.094476304005397,2.9884760454240618,3.094476304005397,2.9884760454240618,0
1996-09-11,3.0898934633354624,3.094476304005397,3.094476304005397,3.0898934633354624,0
1996-09-12,3.141780664264883,3.0898934633354624,3.141780664264883,3.0898934633354624,0
1996-09-13,3.207430072867182,3.141780664264883,3.207430072867182,3.141780664264883,0
1996-09-16,3.3541254735060977,3.207430072867182,3.3541254735060977,3.207430072867182,0
1996-09-17,3.3905615809986838,3.3541254735060977,3.3905615809986838,3.3541254735060977,0
1996-09-18,3.3672104967599856,3.3905615809986838,3.3905615809986838,3.3672104967599856,0
1996-09-19,3.3416624514565423,3.3672104967599856,3.3672104967599856,3.3416624514565423,0
1996-09-20,3.3802921697186408,3.3416624514565423,3.3802921697186408,3.3416624514565423,0
1996-09-23,3.41600354267591,3.3802921697186408,3.41600354267591,3.3802921697186408,0
1996-09-24,3.413411376841579,3.41600354267591,3.41600354267591,3.413411376841579,0
1996-09-25,3.4108215962010706,3.413411376841579,3.413411376841579,3.4108215962010706,0
1996-09-26,3.4175582518133885,3.4108215962010706,3.4175582518133885,3.4108215962010706,0
1996-09-27,3.4126278548735747,3.4175582518133885,3.4175582518133885,3.4126278548735747,0
1996-09-30,3.421692270873327,3.4126278548735747,3.421692270873327,3.4126278548735747,0
1996-10-01,3.4120935982298657,3.421692270873327,3.421692270873327,3.4120935982298657,0
1996-10-02,3.467773193901478,3.4120935982298657,3.467773193901478,3.4120935982298657,0
1996-10-03,3.538186233373935,3.467773193901478,3.538186233373935,3.467773193901478,0
1996-10-04,3.528363546453087,3.538186233373935,3.538186233373935,3.528363546453087,0
1996-10-07,3.6710777935527683,3.528363546453087,3.6710777935527683,3.528363546453087,0
1996-10-08,3.6830304071821316,3.6710777935527683,3.6830304071821316,3.6710777935527683,0
1996-10-09,3.6386220194325225,3.6830304071821316,3.6830304071821316,3.6386220194325225,0
1996-10-10,3.553243368742102,3.6386220194325225,3.6386220194325225,3.553243368742102,0
1996-10-11,3.531431246428845,3.553243368742102,3.553243368742102,3.531431246428845,0
1996-10-14,3.6622486834002976,3.531431246428845,3.6622486834002976,3.531431246428845,0
1996-10-15,3.67662093912271,3.6622486834002976,3.67662093912271,3.6622486834002976,0
1996-10-16,3.661654536143597,3.67662093912271,3.67662093912271,3.661654536143597,0
1996-10-17,3.715076719497603,3.661654536143597,3.715076719497603,3.661654536143597,0
1996-10-18,3.7443788804831684,3.715076719497603,3.7443788804831684,3.715076719497603,0
1996-10-21,3.8035542178280077,3.7443788804831684,3.8035542178280077,3.7443788804831684,0
1996-10-22,3.788242421146226,3.8035542178280077,3.8035542178280077,3.788242421146226,0
1996-10-23,3.7080614794367635,3.788242421146226,3.788242421146226,3.7080614794367635,0
1996-10-24,3.7447071037627344,3.7080614794367635,3.7447071037627344,3.7080614794367635,0
1996-10-25,3.6478088804923847,3.7447071037627344,3.7447071037627344,3.6478088804923847,0
1996-10-28,3.657264472632792,3.6478088804923847,3.657264472632792,3.6478088804923847,0
1996-10-29,3.583846743281211,3.657264472632792,3.657264472632792,3.583846743281211,0
1996-10-30,3.6701607888657084,3.583846743281211,3.6701607888657084,3.583846743281211,0
1996-10-31,3.6332307711120477,3.6701607888657084,3.6701607888657084,3.6332307711120477,0
1996-11-01,3.7373180634733023,3.6332307711120477,3.7373180634733023,3.6332307711120477,0
1996-11-04,3.697471464204596,3.7373180634733023,3.7373180634733023,3.697471464204596,0
1996-11-05,3.7708442003928613,3.697471464204596,3.7708442003928613,3.697471464204596,0
1996-11-06,3.8352311721240957,3.7708442003928613,3.8352311721240957,3.7708442003928613,0
1996-11-07,4.05629399285354,3.8352311721240957,4.05629399285354,3.8352311721240957,0
1996-11-08,4.084702470384197,4.05629399285354,4.084702470384197,4.05629399285354,0
1996-11-11,4.152574619128607,4.084702470384197,4.152574619128607,4.084702470384197,0
1996-11-12,4.1390048482792645,4.152574619128607,4.152574619128607,4.1390048482792645,0
1996-11-13,4.101655265956748,4.1390048482792645,4.1390048482792645,4.101655265956748,0
1996-11-14,4.156557836347637,4.101655265956748,4.156557836347637,4.101655265956748,0
1996-11-15,4.238471729049135,4.156557836347637,4.238471729049135,4.156557836347637,0
1996-11-18,4.254275166301869,4.238471729049135,4.254275166301869,4.238471729049135,0
1996-11-19,4.256649146825869,4.254275166301869,4.256649146825869,4.254275166301869,0
1996-11-20,4.347945794509031,4.256649146825869,4.347945794509031,4.256649146825869,0
1996-11-21,4.369474257538563,4.347945794509031,4.369474257538563,4.347945794509031,0
1996-11-22,4.349952543424817,4.369474257538563,4.369474257538563,4.349952543424817,0
1996-11-25,4.4507616640336165,4.349952543424817,4.4507616640336165,4.349952543424817,0
1996-11-26,4.619724868970223,4.4507616640336165,4.619724868970223,4.4507616640336165,0
1996-11-27,4.573852596025843,4.619724868970223,4.619724868970223,4.573852596025843,0
1996-11-29,4.548073249123705,4.573852596025843,4.573852596025843,4.548073249123705,0
1996-12-02,4.598404558902149,4.548073249123705,4.598404558902149,4.548073249123705,0
1996-12-03,4.603722557463297,4.598404558902149,4.603722557463297,4.598404558902149,0
1996-12-04,4.367848529683698,4.603722557463297,4.603722557463297,4.367848529683698,0
1996-12-05,4.40312286894569,4.367848529683698,4.40312286894569,4.367848529683698,0
1996-12-06,4.366993465091412,4.40312286894569,4.40312286894569,4.366993465091412,0
1996-12-09,4.289979770093259,4.366993465091412,4.366993465091412,4.289979770093259,0
1996-12-10,4.4790755825830795,4.289979770093259,4.4790755825830795,4.289979770093259,0
1996-12-11,4.41469864339968,4.4790755825830795,4.4790755825830795,4.41469864339968,0
1996-12-12,4.293040323158195,4.41469864339968,4.41469864339968,4.293040323158195,0
1996-12-13,4.078918418547923,4.293040323158195,4.293040323158195,4.078918418547923,0
1996-12-16,4.109985214078638,4.078918418547923,4.109985214078638,4.078918418547923,0
1996-12-17,3.9520001506474256,4.109985214078638,4.109985214078638,3.9520001506474256,0
1996-12-18,4.046409987960455,3.9520001506474256,4.046409987960455,3.9520001506474256,0
1996-12-19,4.142301399728681,4.046409987960455,4.142301399728681,4.046409987960455,0
1996-12-20,4.398125053185951,4.142301399728681,4.398125053185951,4.142301399728681,0
1996-12-23,4.426746492949918,4.398125053185951,4.426746492949918,4.398125053185951,0
1996-12-24,4.393144639710715,4.426746492949918,4.426746492949918,4.393144639710715,0
1996-12-26,4.489349746216675,4.393144639710715,4.489349746216675,4.393144639710715,0
1996-12-27,4.592541717338919,4.489349746216675,4.592541717338919,4.489349746216675,0
1996-12-30,4.609239741850758,4.592541717338919,4.609239741850758,4.592541717338919,0
1996-12-31,4.4893002146401635,4.609239741850758,4.609239741850758,4.4893002146401635,0
1997-01-02,4.242767363520745,4.4893002146401635,4.4893002146401635,4.242767363520745,0
1997-01-03,4.274760217488801,4.242767363520745,4.274760217488801,4.242767363520745,0
1997-01-06,4.458490114140684,4.274760217488801,4.458490114140684,4.274760217488801,0
1997-01-07,4.341261968030219,4.458490114140684,4.458490114140684,4.341261968030219,0
1997-01-08,4.499494302555128,4.341261968030219,4.499494302555128,4.341261968030219,0
1997-01-09,4.381580585134055,4.499494302555128,4.499494302555128,4.381580585134055,0
1997-01-10,4.49124638403417,4.381580585134055,4.49124638403417,4.381580585134055,0
1997-01-13,4.636269061500421,4.49124638403417,4.636269061500421,4.49124638403417,0
1997-01-14,4.615928187030912,4.636269061500421,4.636269061500421,4.615928187030912,0
1997-01-15,4.789213373887136,4.615928187030912,4.789213373887136,4.615928187030912,0
1997-01-16,4.753853808196053,4.789213373887136,4.789213373887136,4.753853808196053,0
1997-01-17,4.811535764684852,4.753853808196053,4.811535764684852,4.753853808196053,0
1997-01-20,4.898938447460603,4.811535764684852,4.898938447460603,4.811535764684852,0
1997-01-21,4.916328104021827,4.898938447460603,4.916328104021827,4.898938447460603,0
1997-01-22,5.034654816471835,4.916328104021827,5.034654816471835,4.916328104021827,0
1997-01-23,5.142811376378504,5.034654816471835,5.142811376378504,5.034654816471835,0
1997-01-24,4.928391272586207,5.142811376378504,5.142811376378504,4.928391272586207,0
1997-01-27,4.737857542033405,4.928391272586207,4.928391272586207,4.737857542033405,0
1997-01-28,4.6969832184174365,4.737857542033405,4.737857542033405,4.6969832184174365,0
1997-01-29,4.736907727094678,4.6969832184174365,4.736907727094678,4.6969832184174365,0
1997-01-30,4.875407757305986,4.736907727094678,4.875407757305986,4.736907727094678,0
1997-01-31,5.063771716600144,4.875407757305986,5.063771716600144,4.875407757305986,0
1997-02-03,5.045243702298423,5.063771716600144,5.063771716600144,5.045243702298423,0
1997-02-04,5.090098301357436,5.045243702298423,5.090098301357436,5.045243702298423,0
1997-02-05,5.1837730512152,5.090098301357436,5.1837730512152,5.090098301357436,0
1997-02-06,4.891641734212874,5.1837730512152,5.1837730512152,4.891641734212874,0
1997-02-07,4.988727603011713,4.891641734212874,4.988727603011713,4.891641734212874,0
1997-02-10,5.191807307905127,4.988727603011713,5.191807307905127,4.988727603011713,0
1997-02-11,5.043952621984549,5.191807307905127,5.191807307905127,5.043952621984549,0
1997-02-12,5.2183324931738015,5.043952621984549,5.2183324931738015,5.043952621984549,0
1997-02-13,5.439829922443928,5.2183324931738015,5.439829922443928,5.2183324931738015,0
1997-02-14,5.616794868324134,5.439829922443928,5.616794868324134,5.439829922443928,0
1997-02-18,5.577537077338389,5.616794868324134,5.616794868324134,5.577537077338389,0
1997-02-19,5.718807840972292,5.577537077338389,5.718807840972292,5.577537077338389,0
1997-02-20,5.603795804567392,5.718807840972292,5.718807840972292,5.603795804567392,0
1997-02-21,5.399879637252913,5.603795804567392,5.603795804567392,5.399879637252913,0
1997-02-24,5.4057773982901836,5.399879637252913,5.4057773982901836,5.399879637252913,0
1997-02-25,5.59768485066893,5.4057773982901836,5.59768485066893,5.4057773982901836,0
1997-02-26,5.610147082942346,5.59768485066893,5.610147082942346,5.59768485066893,0
1997-02-27,5.4449412417682534,5.610147082942346,5.610147082942346,5.4449412417682534,0
1997-02-28,5.200683163105296,5.4449412417682534,5.4449412417682534,5.200683163105296,0
1997-03-03,5.154231478386135,5.200683163105296,5.200683163105296,5.154231478386135,0
1997-03-04,5.2576094015111,5.154231478386135,5.2576094015111,5.154231478386135,0
1997-03-05,5.170619687361064,5.2576094015111,5.2576094015111,5.170619687361064,0
1997-03-06,5.43323997415889,5.170619687361064,5.43323997415889,5.170619687361064,0
1997-03-07,5.338030665318343,5.43323997415889,5.43323997415889,5.338030665318343,0
1997-03-10,5.481281318338011,5.338030665318343,5.481281318338011,5.338030665318343,0
1997-03-11,5.652477477643346,5.481281318338011,5.652477477643346,5.481281318338011,0
1997-03-12,5.561239015863738,5.652477477643346,5.652477477643346,5.561239015863738,0
1997-03-13,5.413232838032025,5.561239015863738,5.561239015863738,5.413232838032025,0
1997-03-14,5.160744781696384,5.413232838032025,5.413232838032025,5.160744781696384,0
1997-03-17,5.239682697510643,5.160744781696384,5.239682697510643,5.160744781696384,0
1997-03-18,5.2824416650998645,5.239682697510643,5.2824416650998645,5.239682697510643,0
1997-03-19,5.111616607897521,5.2824416650998645,5.2824416650998645,5.111616607897521,0
1997-03-20,5.0596879588000085,5.111616607897521,5.111616607897521,5.0596879588000085,0
1997-03-21,4.981030312430646,5.0596879588000085,5.0596879588000085,4.981030312430646,0
1997-03-24,5.049844195035149,4.981030312430646,5.049844195035149,4.981030312430646,0
1997-03-25,5.260710248456306,5.049844195035149,5.260710248456306,5.049844195035149,0
1997-03-26,5.105277840864043,5.260710248456306,5.260710248456306,5.105277840864043,0
1997-03-27,5.17174675082275,5.105277840864043,5.17174675082275,5.105277840864043,0
1997-03-31,4.760641790051486,5.17174675082275,5.17174675082275,4.760641790051486,0
1997-04-01,4.458877338067142,4.760641790051486,4.760641790051486,4.458877338067142,0
1997-04-02,4.544491757949581,4.458877338067142,4.544491757949581,4.458877338067142,0
1997-04-03,4.29984504769044,4.544491757949581,4.544491757949581,4.29984504769044,0
1997-04-04,4.369864530140325,4.29984504769044,4.369864530140325,4.29984504769044,0
1997-04-07,4.533602579262687,4.369864530140325,4.533602579262687,4.369864530140325,0
1997-04-08,4.586502224203836,4.533602579262687,4.586502224203836,4.533602579262687,0
1997-04-09,4.684971230322315,4.586502224203836,4.684971230322315,4.586502224203836,0
1997-04-10,4.570075024475213,4.684971230322315,4.684971230322315,4.570075024475213,0
1997-04-11,4.519032286212236,4.570075024475213,4.570075024475213,4.519032286212236,0
1997-04-14,4.088221627392414,4.519032286212236,4.519032286212236,4.088221627392414,0
1997-04-15,4.252451165392017,4.088221627392414,4.252451165392017,4.088221627392414,0
1997-04-16,4.469255951542965,4.252451165392017,4.469255951542965,4.252451165392017,0
1997-04-17,4.624056328131019,4.469255951542965,4.624056328131019,4.469255951542965,0
1997-04-18,4.5670340038560875,4.624056328131019,4.624056328131019,4.5670340038560875,0
1997-04-21,4.634125296970322,4.5670340038560875,4.634125296970322,4.5670340038560875,0
1997-04-22,4.54298381763598,4.634125296970322,4.634125296970322,4.54298381763598,0
1997-04-23,4.842212564671196,4.54298381763598,4.842212564671196,4.54298381763598,0
1997-04-24,4.856436627182179,4.842212564671196,4.856436627182179,4.842212564671196,0
1997-04-25,4.782930975220325,4.856436627182179,4.856436627182179,4.782930975220325,0
1997-04-28,4.617507821882705,4.782930975220325,4.782930975220325,4.617507821882705,0
1997-04-29,4.752911981051512,4.617507821882705,4.752911981051512,4.617507821882705,0
1997-04-30,5.202279948664691,4.752911981051512,5.202279948664691,4.752911981051512,0
1997-05-01,5.275309130000946,5.202279948664691,5.275309130000946,5.202279948664691,0
1997-05-02,5.256381659392287,5.275309130000946,5.275309130000946,5.256381659392287,0
1997-05-05,5.539336443228768,5.256381659392287,5.539336443228768,5.256381659392287,0
1997-05-06,5.934279006524504,5.539336443228768,5.934279006524504,5.539336443228768,0
1997-05-07,5.920485404823002,5.934279006524504,5.934279006524504,5.920485404823002,0
1997-05-08,5.533620627925915,5.920485404823002,5.920485404823002,5.533620627925915,0
1997-05-09,5.647776570860438,5.533620627925915,5.647776570860438,5.533620627925915,0
1997-05-12,5.7634950551638,5.647776570860438,5.7634950551638,5.647776570860438,0
1997-05-13,6.050803984438539,5.7634950551638,6.050803984438539,5.7634950551638,0
1997-05-14,5.9760489559150916,6.050803984438539,6.050803984438539,5.9760489559150916,0
1997-05-15,6.009083516648249,5.9760489559150916,6.009083516648249,5.9760489559150916,0
1997-05-16,6.129611018443379,6.009083516648249,6.129611018443379,6.009083516648249,0
1997-05-19,5.877153894150289,6.129611018443379,6.129611018443379,5.877153894150289,0
1997-05-20,5.929679874079798,5.877153894150289,5.929679874079798,5.877153894150289,0
1997-05-21,6.1423493493992005,5.929679874079798,6.1423493493992005,5.929679874079798,0
1997-05-22,6.100986626402799,6.1423493493992005,6.1423493493992005,6.100986626402799,0
1997-05-23,6.039451912986216,6.100986626402799,6.100986626402799,6.039451912986216,0
1997-05-27,6.207492427586381,6.039451912986216,6.207492427586381,6.039451912986216,0
1997-05-28,6.282526138456336,6.207492427586381,6.282526138456336,6.207492427586381,0
1997-05-29,6.278591891400085,6.282526138456336,6.282526138456336,6.278591891400085,0
1997-05-30,6.16746207500068,6.278591891400085,6.278591891400085,6.16746207500068,0
1997-06-02,6.286586876633219,6.16746207500068,6.286586876633219,6.16746207500068,0
1997-06-03,6.203054433884817,6.286586876633219,6.286586876633219,6.203054433884817,0
1997-06-04,6.1408619729612255,6.203054433884817,6.203054433884817,6.1408619729612255,0
1997-06-05,6.1199453497994805,6.1408619729612255,6.1408619729612255,6.1199453497994805,0
1997-06-06,6.1874597579311,6.1199453497994805,6.1874597579311,6.1199453497994805,0
1997-06-09,6.5498785631403,6.1874597579311,6.5498785631403,6.1874597579311,0
1997-06-10,6.648915018165606,6.5498785631403,6.648915018165606,6.5498785631403,0
1997-06-11,6.709446272958011,6.648915018165606,6.709446272958011,6.648915018165606,0
1997-06-12,6.755888153059757,6.709446272958011,6.755888153059757,6.709446272958011,0
1997-06-13,7.147238388138533,6.755888153059757,7.147238388138533,6.755888153059757,0
1997-06-16,7.327441790974962,7.147238388138533,7.327441790974962,7.147238388138533,0
1997-06-17,7.334550657305222,7.327441790974962,7.334550657305222,7.327441790974962,0
1997-06-18,7.303345017803086,7.334550657305222,7.334550657305222,7.303345017803086,0
1997-06-19,7.226389044310454,7.303345017803086,7.303345017803086,7.226389044310454,0
1997-06-20,7.449606860096056,7.226389044310454,7.449606860096056,7.226389044310454,0
1997-06-23,7.372900928086965,7.449606860096056,7.449606860096056,7.372900928086965,0
1997-06-24,6.836054067569069,7.372900928086965,7.372900928086965,6.836054067569069,0
1997-06-25,7.356130165820373,6.836054067569069,7.356130165820373,6.836054067569069,0
1997-06-26,7.201669518529036,7.356130165820373,7.356130165820373,7.201669518529036,0
1997-06-27,7.094935479582119,7.201669518529036,7.201669518529036,7.094935479582119,0
1997-06-30,7.1770066882562515,7.094935479582119,7.1770066882562515,7.094935479582119,0
1997-07-01,7.03268046649728,7.1770066882562515,7.1770066882562515,7.03268046649728,0
1997-07-02,7.2785026083718325,7.03268046649728,7.2785026083718325,7.03268046649728,0
1997-07-03,7.636916398234884,7.2785026083718325,7.636916398234884,7.2785026083718325,0
1997-07-07,7.951695162802232,7.636916398234884,7.951695162802232,7.636916398234884,0
1997-07-08,7.708174088627655,7.951695162802232,7.951695162802232,7.708174088627655,0
1997-07-09,7.949455418330302,7.708174088627655,7.949455418330302,7.708174088627655,0
1997-07-10,7.685800717062567,7.949455418330302,7.949455418330302,7.685800717062567,0
1997-07-11,7.788077208911926,7.685800717062567,7.788077208911926,7.685800717062567,0
1997-07-14,7.867329275431188,7.788077208911926,7.867329275431188,7.788077208911926,0
1997-07-15,7.939048630778256,7.867329275431188,7.939048630778256,7.867329275431188,0
1997-07-16,8.059715360659713,7.939048630778256,8.059715360659713,7.939048630778256,0
1997-07-17,8.377583713031214,8.059715360659713,8.377583713031214,8.059715360659713,0
1997-07-18,8.2512868334411,8.377583713031214,8.377583713031214,8.2512868334411,0
1997-07-21,7.724062318024811,8.2512868334411,8.2512868334411,7.724062318024811,0
1997-07-22,7.727449537255441,7.724062318024811,7.727449537255441,7.724062318024811,0
1997-07-23,8.341726076496021,7.727449537255441,8.341726076496021,7.727449537255441,0
1997-07-24,8.32022348333431,8.341726076496021,8.341726076496021,8.32022348333431,0
1997-07-25,8.43620155126014,8.32022348333431,8.43620155126014,8.32022348333431,0
1997-07-28,8.418747677965246,8.43620155126014,8.43620155126014,8.418747677965246,0
1997-07-29,8.401308637916786,8.418747677965246,8.418747677965246,8.401308637916786,0
1997-07-30,8.484507886134214,8.401308637916786,8.484507886134214,8.401308637916786,0
1997-07-31,8.787576526963644,8.484507886134214,8.787576526963644,8.484507886134214,0
1997-08-01,8.761010983325418,8.787576526963644,8.787576526963644,8.761010983325418,0
1997-08-04,8.656925925109423,8.761010983325418,8.761010983325418,8.656925925109423,0
1997-08-05,8.724677455579185,8.656925925109423,8.724677455579185,8.656925925109423,0
1997-08-06,8.741185073806724,8.724677455579185,8.741185073806724,8.724677455579185,0
1997-08-07,8.955621027523135,8.741185073806724,8.955621027523135,8.741185073806724,0
1997-08-08,8.75385659482171,8.955621027523135,8.955621027523135,8.75385659482171,0
1997-08-11,8.219351508023857,8.75385659482171,8.75385659482171,8.219351508023857,0
1997-08-12,8.400274002980344,8.219351508023857,8.400274002980344,8.219351508023857,0
1997-08-13,7.997766029628686,8.400274002980344,8.400274002980344,7.997766029628686,0
1997-08-14,7.924252661219739,7.997766029628686,7.997766029628686,7.924252661219739,0
1997-08-15,8.012216806438197,7.924252661219739,8.012216806438197,7.924252661219739,0
1997-08-18,7.273637096754221,8.012216806438197,8.012216806438197,7.273637096754221,0
1997-08-19,7.759185779863677,7.273637096754221,7.759185779863677,7.273637096754221,0
1997-08-20,8.028059638613309,7.759185779863677,8.028059638613309,7.759185779863677,0
1997-08-21,8.392230053110229,8.028059638613309,8.392230053110229,8.028059638613309,0
1997-08-22,7.949181031915988,8.392230053110229,8.392230053110229,7.949181031915988,0
1997-08-25,7.940522656729293,7.949181031915988,7.949181031915988,7.940522656729293,0
1997-08-26,7.85145359025864,7.940522656729293,7.940522656729293,7.85145359025864,0
1997-08-27,7.503649273487763,7.85145359025864,7.85145359025864,7.503649273487763,0
1997-08-28,7.6385711855111085,7.503649273487763,7.6385711855111085,7.503649273487763,0
1997-08-29,7.289368592087188,7.6385711855111085,7.6385711855111085,7.289368592087188,0
1997-09-02,7.376118210789451,7.289368592087188,7.376118210789451,7.289368592087188,0
1997-09-03,8.094814833893636,7.376118210789451,8.094814833893636,7.376118210789451,0
1997-09-04,7.964064754323626,8.094814833893636,8.094814833893636,7.964064754323626,0
1997-09-05,8.116312199515587,7.964064754323626,8.116312199515587,7.964064754323626,0
1997-09-08,8.046446208429991,8.116312199515587,8.116312199515587,8.046446208429991,0
1997-09-09,8.151133888095396,8.046446208429991,8.151133888095396,8.046446208429991,0
1997-09-10,8.16275766393257,8.151133888095396,8.16275766393257,8.151133888095396,0
1997-09-11,7.655211270742065,8.16275766393257,8.16275766393257,7.655211270742065,0
1997-09-12,7.537190926751821,7.655211270742065,7.655211270742065,7.537190926751821,0
1997-09-15,7.900809862144815,7.537190926751821,7.900809862144815,7.537190926751821,0
1997-09-16,7.860248726730138,7.900809862144815,7.900809862144815,7.860248726730138,0
1997-09-17,8.449155572562754,7.860248726730138,8.449155572562754,7.860248726730138,0
1997-09-18,8.448515180215786,8.449155572562754,8.449155572562754,8.448515180215786,0
1997-09-19,8.556481061967379,8.448515180215786,8.556481061967379,8.448515180215786,0
1997-09-22,8.599265549432506,8.556481061967379,8.599265549432506,8.556481061967379,0
1997-09-23,8.742818202499087,8.599265549432506,8.742818202499087,8.599265549432506,0
1997-09-24,8.62208815491024,8.742818202499087,8.742818202499087,8.62208815491024,0
1997-09-25,8.40900223031435,8.62208815491024,8.62208815491024,8.40900223031435,0
1997-09-26,8.23288513962271,8.40900223031435,8.40900223031435,8.23288513962271,0
1997-09-29,8.43822323683429,8.23288513962271,8.43822323683429,8.23288513962271,0
1997-09-30,8.680431960745361,8.43822323683429,8.680431960745361,8.43822323683429,0
1997-10-01,8.40672097046476,8.680431960745361,8.680431960745361,8.40672097046476,0
1997-10-02,8.740127093788237,8.40672097046476,8.740127093788237,8.40672097046476,0
1997-10-03,8.88514180246022,8.740127093788237,8.88514180246022,8.740127093788237,0
1997-10-06,9.018726681351682,8.88514180246022,9.018726681351682,8.88514180246022,0
1997-10-07,9.197395385660808,9.018726681351682,9.197395385660808,9.018726681351682,0
1997-10-08,9.453756911853738,9.197395385660808,9.453756911853738,9.197395385660808,0
1997-10-09,9.254465319616607,9.453756911853738,9.453756911853738,9.254465319616607,0
1997-10-10,9.155871617784358,9.254465319616607,9.254465319616607,9.155871617784358,0
1997-10-13,9.07567425696876,9.155871617784358,9.155871617784358,9.07567425696876,0
1997-10-14,9.10131229441851,9.07567425696876,9.10131229441851,9.07567425696876,0
1997-10-15,9.109436386590874,9.10131229441851,9.109436386590874,9.10131229441851,0
1997-10-16,9.047122718066769,9.109436386590874,9.109436386590874,9.047122718066769,0
1997-10-17,8.617000770657468,9.047122718066769,9.047122718066769,8.617000770657468,0
1997-10-20,8.353426169606283,8.617000770657468,8.617000770657468,8.353426169606283,0
1997-10-21,8.709964465023809,8.353426169606283,8.709964465023809,8.353426169606283,0
1997-10-22,9.217377993949999,8.709964465023809,9.217377993949999,8.709964465023809,0
1997-10-23,9.034970220785452,9.217377993949999,9.217377993949999,9.034970220785452,0
1997-10-24,8.500756734393656,9.034970220785452,9.034970220785452,8.500756734393656,0
1997-10-27,8.248280656045234,8.500756734393656,8.500756734393656,8.248280656045234,0
1997-10-28,6.454311940172321,8.248280656045234,8.248280656045234,6.454311940172321,0
1997-10-29,7.571185856695537,6.454311940172321,7.571185856695537,6.454311940172321,0
1997-10-30,7.509037163825001,7.571185856695537,7.571185856695537,7.509037163825001,0
1997-10-31,7.010917500596967,7.509037163825001,7.509037163825001,7.010917500596967,0
1997-11-03,7.507346080433181,7.010917500596967,7.507346080433181,7.010917500596967,0
1997-11-04,7.980761853834754,7.507346080433181,7.980761853834754,7.507346080433181,0
1997-11-05,7.980156962757738,7.980761853834754,7.980761853834754,7.980156962757738,0
1997-11-06,8.059142178021137,7.980156962757738,8.059142178021137,7.980156962757738,0
1997-11-07,7.96639759958235,8.059142178021137,8.059142178021137,7.96639759958235,0
1997-11-10,7.707448375969141,7.96639759958235,7.96639759958235,7.707448375969141,0
1997-11-11,7.566916891665391,7.707448375969141,7.707448375969141,7.566916891665391,0
1997-11-12,7.574037291200352,7.566916891665391,7.574037291200352,7.566916891665391,0
1997-11-13,7.104723898613746,7.574037291200352,7.574037291200352,7.104723898613746,0
1997-11-14,7.413293081820881,7.104723898613746,7.413293081820881,7.104723898613746,0
1997-11-17,7.715518801812225,7.413293081820881,7.715518801812225,7.413293081820881,0
1997-11-18,8.142427197593781,7.715518801812225,8.142427197593781,7.715518801812225,0
1997-11-19,7.988791125189481,8.142427197593781,8.142427197593781,7.988791125189481,0
1997-11-20,8.1074627311109,7.988791125189481,8.1074627311109,7.988791125189481,0
1997-11-21,8.476217421500067,8.1074627311109,8.476217421500067,8.1074627311109,0
1997-11-24,8.64922618250892,8.476217421500067,8.64922618250892,8.476217421500067,0
1997-11-25,8.179238829707652,8.64922618250892,8.64922618250892,8.179238829707652,0
1997-11-26,8.243191446386113,8.179238829707652,8.243191446386113,8.179238829707652,0
1997-11-28,8.315590483665884,8.243191446386113,8.315590483665884,8.243191446386113,0
1997-12-01,8.339435353162719,8.315590483665884,8.339435353162719,8.315590483665884,0
1997-12-02,8.984714333742598,8.339435353162719,8.984714333742598,8.339435353162719,0
1997-12-03,8.82088390041399,8.984714333742598,8.984714333742598,8.82088390041399,0
1997-12-04,8.896529670876797,8.82088390041399,8.896529670876797,8.82088390041399,0
1997-12-05,8.870266050419785,8.896529670876797,8.896529670876797,8.870266050419785,0
1997-12-08,9.210114706603953,8.870266050419785,9.210114706603953,8.870266050419785,0
1997-12-09,9.130871578980873,9.210114706603953,9.210114706603953,9.130871578980873,0
1997-12-10,8.965314410004192,9.130871578980873,9.130871578980873,8.965314410004192,0
1997-12-11,8.73321607054754,8.965314410004192,8.965314410004192,8.73321607054754,0
1997-12-12,8.286202868231216,8.73321607054754,8.73321607054754,8.286202868231216,0
1997-12-15,8.334350836029444,8.286202868231216,8.334350836029444,8.286202868231216,0
1997-12-16,8.58668694863275,8.334350836029444,8.58668694863275,8.334350836029444,0
1997-12-17,8.744184751776384,8.58668694863275,8.744184751776384,8.58668694863275,0
1997-12-18,8.608725880591695,8.744184751776384,8.744184751776384,8.608725880591695,0
1997-12-19,8.357982277756731,8.608725880591695,8.608725880591695,8.357982277756731,0
1997-12-22,8.169947142106677,8.357982277756731,8.357982277756731,8.169947142106677,0
1997-12-23,8.326908900598376,8.169947142106677,8.326908900598376,8.169947142106677,0
1997-12-24,7.880261780215398,8.326908900598376,8.326908900598376,7.880261780215398,0
1997-12-26,7.808695973101303,7.880261780215398,7.880261780215398,7.808695973101303,0
1997-12-29,7.902151291441464,7.808695973101303,7.902151291441464,7.808695973101303,0
1997-12-30,8.367624014182752,7.902151291441464,8.367624014182752,7.902151291441464,0
1997-12-31,8.760768235921043,8.367624014182752,8.760768235921043,8.367624014182752,0
1998-01-02,8.74319163323762,8.760768235921043,8.760768235921043,8.74319163323762,0
1998-01-05,8.87763002679746,8.74319163323762,8.87763002679746,8.74319163323762,0
1998-01-06,8.936681242774075,8.87763002679746,8.936681242774075,8.87763002679746,0
1998-01-07,8.50759368369209,8.936681242774075,8.936681242774075,8.50759368369209,0
1998-01-08,8.573277878143854,8.50759368369209,8.573277878143854,8.50759368369209,0
1998-01-09,8.347655411152761,8.573277878143854,8.573277878143854,8.347655411152761,0
1998-01-12,7.479535302450276,8.347655411152761,8.347655411152761,7.479535302450276,0
1998-01-13,7.889155103525178,7.479535302450276,7.889155103525178,7.479535302450276,0
1998-01-14,8.219018593903344,7.889155103525178,8.219018593903344,7.889155103525178,0
1998-01-15,8.331565275960301,8.219018593903344,8.331565275960301,8.219018593903344,0
1998-01-16,8.12293106210246,8.331565275960301,8.331565275960301,8.12293106210246,0
1998-01-20,8.471180152936164,8.12293106210246,8.471180152936164,8.12293106210246,0
1998-01-21,8.88282889371541,8.471180152936164,8.88282889371541,8.471180152936164,0
1998-01-22,8.626889749036971,8.88282889371541,8.88282889371541,8.626889749036971,0
1998-01-23,8.396792238615125,8.626889749036971,8.626889749036971,8.396792238615125,0
1998-01-26,8.359308502501658,8.396792238615125,8.396792238615125,8.359308502501658,0
1998-01-27,8.342319679988151,8.359308502501658,8.359308502501658,8.342319679988151,0
1998-01-28,8.594571778214652,8.342319679988151,8.594571778214652,8.342319679988151,0
1998-01-29,8.826876157455345,8.594571778214652,8.826876157455345,8.594571778214652,0
1998-01-30,8.970164675563895,8.826876157455345,8.970164675563895,8.826876157455345,0
1998-02-02,8.986622126075728,8.970164675563895,8.986622126075728,8.970164675563895,0
1998-02-03,9.431544200250585,8.986622126075728,9.431544200250585,8.986622126075728,0
1998-02-04,9.643170748114956,9.431544200250585,9.643170748114956,9.431544200250585,0
1998-02-05,9.606532223630646,9.643170748114956,9.643170748114956,9.606532223630646,0
1998-02-06,9.587887348031769,9.606532223630646,9.606532223630646,9.587887348031769,0
1998-02-09,9.909147456876585,9.587887348031769,9.909147456876585,9.587887348031769,0
1998-02-10,9.807838292979953,9.909147456876585,9.909147456876585,9.807838292979953,0
1998-02-11,10.088537873487239,9.807838292979953,10.088537873487239,9.807838292979953,0
1998-02-12,10.060026496969972,10.088537873487239,10.088537873487239,10.060026496969972,0
1998-02-13,10.188510497853713,10.060026496969972,10.188510497853713,10.060026496969972,0
1998-02-17,10.010838075695187,10.188510497853713,10.188510497853713,10.010838075695187,0
1998-02-18,10.1573059453436,10.010838075695187,10.1573059453436,10.010838075695187,0
1998-02-19,10.435235584113581,10.1573059453436,10.435235584113581,10.1573059453436,0
1998-02-20,10.268917341703203,10.435235584113581,10.435235584113581,10.268917341703203,0
1998-02-23,10.497374326893242,10.268917341703203,10.497374326893242,10.268917341703203,0
1998-02-24,10.620023952546033,10.497374326893242,10.620023952546033,10.497374326893242,0
1998-02-25,10.370451580327543,10.620023952546033,10.620023952546033,10.370451580327543,0
1998-02-26,10.75573538030889,10.370451580327543,10.75573538030889,10.370451580327543,0
1998-02-27,10.938209477207934,10.75573538030889,10.938209477207934,10.75573538030889,0
1998-03-02,10.93738043037851,10.938209477207934,10.938209477207934,10.93738043037851,0
1998-03-03,10.868267656287378,10.93738043037851,10.93738043037851,10.868267656287378,0
1998-03-04,11.051983031122322,10.868267656287378,11.051983031122322,10.868267656287378,0
1998-03-05,10.835073040455468,11.051983031122322,11.051983031122322,10.835073040455468,0
1998-03-06,10.53383388907387,10.835073040455468,10.835073040455468,10.53383388907387,0
1998-03-09,11.170200233419635,10.53383388907387,11.170200233419635,10.53383388907387,0
1998-03-10,11.05070899654632,11.170200233419635,11.170200233419635,11.05070899654632,0
1998-03-11,11.363937701850576,11.05070899654632,11.363937701850576,11.05070899654632,0
1998-03-12,11.523025176454714,11.363937701850576,11.523025176454714,11.363937701850576,0
1998-03-13,11.663436265949718,11.523025176454714,11.663436265949718,11.523025176454714,0
1998-03-16,11.530329255019577,11.663436265949718,11.663436265949718,11.530329255019577,0
1998-03-17,11.902907718230793,11.530329255019577,11.902907718230793,11.530329255019577,0
1998-03-18,12.005079955107526,11.902907718230793,12.005079955107526,11.902907718230793,0
1998-03-19,12.138938326096174,12.005079955107526,12.138938326096174,12.005079955107526,0
1998-03-20,12.232019538804622,12.138938326096174,12.232019538804622,12.138938326096174,0
1998-03-23,12.547058197399126,12.232019538804622,12.547058197399126,12.232019538804622,0
1998-03-24,12.460477603748913,12.547058197399126,12.547058197399126,12.460477603748913,0
1998-03-25,12.779185162868155,12.460477603748913,12.779185162868155,12.460477603748913,0
1998-03-26,12.637355971828894,12.779185162868155,12.779185162868155,12.637355971828894,0
1998-03-27,12.614900278467232,12.637355971828894,12.637355971828894,12.614900278467232,0
1998-03-30,12.452822045583238,12.614900278467232,12.614900278467232,12.452822045583238,0
1998-03-31,12.430553485032375,12.452822045583238,12.452822045583238,12.430553485032375,0
1998-04-01,12.557281068040016,12.430553485032375,12.557281068040016,12.430553485032375,0
1998-04-02,12.861481946828242,12.557281068040016,12.861481946828242,12.557281068040016,0
1998-04-03,13.279403057453619,12.861481946828242,13.279403057453619,12.861481946828242,0
1998-04-06,13.478406048505295,13.279403057453619,13.478406048505295,13.279403057453619,0
1998-04-07,13.151927511583798,13.478406048505295,13.478406048505295,13.151927511583798,0
1998-04-08,12.885970537937457,13.151927511583798,13.151927511583798,12.885970537937457,0
1998-04-09,12.667234414400335,12.885970537937457,12.885970537937457,12.667234414400335,0
1998-04-13,12.967656846670286,12.667234414400335,12.967656846670286,12.667234414400335,0
1998-04-14,12.857354716364105,12.967656846670286,12.967656846670286,12.857354716364105,0
1998-04-15,13.182533918096311,12.857354716364105,13.182533918096311,12.857354716364105,0
1998-04-16,13.292066187022106,13.182533918096311,13.292066187022106,13.182533918096311,0
1998-04-17,12.82427854450355,13.292066187022106,13.292066187022106,12.82427854450355,0
1998-04-20,13.333238134443091,12.82427854450355,13.333238134443091,12.82427854450355,0
1998-04-21,13.32109915649937,13.333238134443091,13.333238134443091,13.32109915649937,0
1998-04-22,13.509236802375417,13.32109915649937,13.509236802375417,13.32109915649937,0
1998-04-23,13.620488283925734,13.509236802375417,13.620488283925734,13.509236802375417,0
1998-04-24,13.224271887607888,13.620488283925734,13.620488283925734,13.224271887607888,0
1998-04-27,12.802643189596052,13.224271887607888,13.224271887607888,12.802643189596052,0
1998-04-28,12.075963158074504,12.802643189596052,12.802643189596052,12.075963158074504,0
1998-04-29,12.022993050028592,12.075963158074504,12.075963158074504,12.022993050028592,0
1998-04-30,12.271258121963672,12.022993050028592,12.271258121963672,12.022993050028592,0
1998-05-01,12.954395987129967,12.271258121963672,12.954395987129967,12.271258121963672,0
1998-05-04,13.389717581719628,12.954395987129967,13.389717581719628,12.954395987129967,0
1998-05-05,13.288344336628072,13.389717581719628,13.389717581719628,13.288344336628072,0
1998-05-06,13.010065824744986,13.288344336628072,13.288344336628072,13.010065824744986,0
1998-05-07,12.549766098828323,13.010065824744986,13.010065824744986,12.549766098828323,0
1998-05-08,12.249934892070288,12.549766098828323,12.549766098828323,12.249934892070288,0
1998-05-11,12.847657255632974,12.249934892070288,12.847657255632974,12.249934892070288,0
1998-05-12,12.716619720694617,12.847657255632974,12.847657255632974,12.716619720694617,0
1998-05-13,13.124713298913157,12.716619720694617,13.124713298913157,12.716619720694617,0
1998-05-14,13.222654263455894,13.124713298913157,13.222654263455894,13.124713298913157,0
1998-05-15,13.022803666781428,13.222654263455894,13.222654263455894,13.022803666781428,0
1998-05-18,12.803104951094982,13.022803666781428,13.022803666781428,12.803104951094982,0
1998-05-19,12.650855699740108,12.803104951094982,12.803104951094982,12.650855699740108,0
1998-05-20,12.90723146462488,12.650855699740108,12.90723146462488,12.650855699740108,0
1998-05-21,13.27576089156312,12.90723146462488,13.27576089156312,12.90723146462488,0
1998-05-22,13.020091253221615,13.27576089156312,13.27576089156312,13.020091253221615,0
1998-05-26,12.866096192608087,13.020091253221615,13.020091253221615,12.866096192608087,0
1998-05-27,12.24711478132117,12.866096192608087,12.866096192608087,12.24711478132117,0
1998-05-28,12.298642454528718,12.24711478132117,12.298642454528718,12.24711478132117,0
1998-05-29,12.465982466103062,12.298642454528718,12.465982466103062,12.298642454528718,0
1998-06-01,12.093600000581555,12.465982466103062,12.465982466103062,12.093600000581555,0
1998-06-02,12.259059548283675,12.093600000581555,12.259059548283675,12.093600000581555,0
1998-06-03,12.289625850939967,12.259059548283675,12.289625850939967,12.259059548283675,0
1998-06-04,11.700125484723648,12.289625850939967,12.289625850939967,11.700125484723648,0
1998-06-05,12.349995720079027,11.700125484723648,12.349995720079027,11.700125484723648,0
1998-06-08,13.065609717860177,12.349995720079027,13.065609717860177,12.349995720079027,0
1998-06-09,13.020885405759651,13.065609717860177,13.065609717860177,13.020885405759651,0
1998-06-10,13.13992506699733,13.020885405759651,13.13992506699733,13.020885405759651,0
1998-06-11,12.886432841246787,13.13992506699733,13.13992506699733,12.886432841246787,0
1998-06-12,12.15953075568486,12.886432841246787,12.886432841246787,12.15953075568486,0
1998-06-15,12.502439982873446,12.15953075568486,12.502439982873446,12.15953075568486,0
1998-06-16,11.51444819847483,12.502439982873446,12.502439982873446,11.51444819847483,0
1998-06-17,12.045644806467095,11.51444819847483,12.045644806467095,11.51444819847483,0
1998-06-18,12.799733183619464,12.045644806467095,12.799733183619464,12.045644806467095,0
1998-06-19,12.626522951419336,12.799733183619464,12.799733183619464,12.626522951419336,0
1998-06-22,12.435758435658414,12.626522951419336,12.626522951419336,12.435758435658414,0
1998-06-23,12.614910085521618,12.435758435658414,12.614910085521618,12.435758435658414,0
1998-06-24,13.06307947148315,12.614910085521618,13.06307947148315,12.614910085521618,0
1998-06-25,13.587387818255385,13.06307947148315,13.587387818255385,13.06307947148315,0
1998-06-26,13.518954109822035,13.587387818255385,13.587387818255385,13.518954109822035,0
1998-06-29,13.685832618285811,13.518954109822035,13.685832618285811,13.518954109822035,0
1998-06-30,13.831525356101459,13.685832618285811,13.831525356101459,13.685832618285811,0
1998-07-01,13.546368553532956,13.831525356101459,13.831525356101459,13.546368553532956,0
1998-07-02,14.01604462071946,13.546368553532956,14.01604462071946,13.546368553532956,0
1998-07-06,14.0952370163964,14.01604462071946,14.0952370163964,14.01604462071946,0
1998-07-07,14.519885306049012,14.0952370163964,14.519885306049012,14.0952370163964,0
1998-07-08,14.436635249496845,14.519885306049012,14.519885306049012,14.436635249496845,0
1998-07-09,14.751168850596098,14.436635249496845,14.751168850596098,14.436635249496845,0
1998-07-10,14.453595689906413,14.751168850596098,14.751168850596098,14.453595689906413,0
1998-07-13,14.686429606545211,14.453595689906413,14.686429606545211,14.453595689906413,0
1998-07-14,14.697166411630306,14.686429606545211,14.697166411630306,14.686429606545211,0
1998-07-15,15.192788836718709,14.697166411630306,15.192788836718709,14.697166411630306,0
1998-07-16,15.107012689719355,15.192788836718709,15.192788836718709,15.107012689719355,0
1998-07-17,15.419002690302328,15.107012689719355,15.419002690302328,15.107012689719355,0
1998-07-20,15.478876047077428,15.419002690302328,15.478876047077428,15.419002690302328,0
1998-07-21,15.477702846551635,15.478876047077428,15.478876047077428,15.477702846551635,0
1998-07-22,14.668788067474686,15.477702846551635,15.477702846551635,14.668788067474686,0
1998-07-23,14.667676266474333,14.668788067474686,14.668788067474686,14.667676266474333,0
1998-07-24,13.793111339841348,14.667676266474333,14.667676266474333,13.793111339841348,0
1998-07-27,13.758087774118147,13.793111339841348,13.793111339841348,13.758087774118147,0
1998-07-28,14.05096801020814,13.758087774118147,14.05096801020814,13.758087774118147,0
1998-07-29,13.339160744574622,14.05096801020814,14.05096801020814,13.339160744574622,0
1998-07-30,13.183165456460443,13.339160744574622,13.339160744574622,13.183165456460443,0
1998-07-31,13.775225861096693,13.183165456460443,13.775225861096693,13.183165456460443,0
1998-08-03,12.892271412481128,13.775225861096693,13.775225861096693,12.892271412481128,0
1998-08-04,12.729115270937557,12.892271412481128,12.892271412481128,12.729115270937557,0
1998-08-05,11.248678315944618,12.729115270937557,12.729115270937557,11.248678315944618,0
1998-08-06,11.711047734893455,11.248678315944618,11.711047734893455,11.248678315944618,0
1998-08-07,11.861974761481438,11.711047734893455,11.861974761481438,11.711047734893455,0
1998-08-10,11.922334097851708,11.861974761481438,11.922334097851708,11.861974761481438,0
1998-08-11,11.716568398788871,11.922334097851708,11.922334097851708,11.716568398788871,0
1998-08-12,11.189249268090775,11.716568398788871,11.716568398788871,11.189249268090775,0
1998-08-13,11.757682882798406,11.189249268090775,11.757682882798406,11.189249268090775,0
1998-08-14,11.330851898443482,11.757682882798406,11.757682882798406,11.330851898443482,0
1998-08-17,10.934245717164012,11.330851898443482,11.330851898443482,10.934245717164012,0
1998-08-18,11.62889509938899,10.934245717164012,11.62889509938899,10.934245717164012,0
1998-08-19,12.271828893870834,11.62889509938899,12.271828893870834,11.62889509938899,0
1998-08-20,12.17709504135025,12.271828893870834,12.271828893870834,12.17709504135025,0
1998-08-21,11.958391833308314,12.17709504135025,12.17709504135025,11.958391833308314,0
1998-08-24,11.670680432049437,11.958391833308314,11.958391833308314,11.670680432049437,0
1998-08-25,11.891505616247033,11.670680432049437,11.891505616247033,11.670680432049437,0
1998-08-26,11.972228347358492,11.891505616247033,11.972228347358492,11.891505616247033,0
1998-08-27,11.766338528013707,11.972228347358492,11.972228347358492,11.766338528013707,0
1998-08-28,10.103841570524205,11.766338528013707,11.766338528013707,10.103841570524205,0
1998-08-31,9.993492848998788,10.103841570524205,10.103841570524205,9.993492848998788,0
1998-09-01,7.853860583840382,9.993492848998788,9.993492848998788,7.853860583840382,0
1998-09-02,8.85034248852665,7.853860583840382,8.85034248852665,7.853860583840382,0
1998-09-03,8.658955995725037,8.85034248852665,8.85034248852665,8.658955995725037,0
1998-09-04,8.454013567264338,8.658955995725037,8.658955995725037,8.454013567264338,0
1998-09-08,8.24430745089062,8.454013567264338,8.454013567264338,8.24430745089062,0
1998-09-09,9.572045581923943,8.24430745089062,9.572045581923943,8.24430745089062,0
1998-09-10,8.874339241649134,9.572045581923943,9.572045581923943,8.874339241649134,0
1998-09-11,8.343854769825475,8.874339241649134,8.874339241649134,8.343854769825475,0
1998-09-14,9.153253826882747,8.343854769825475,9.153253826882747,8.343854769825475,0
1998-09-15,9.625120888104618,9.153253826882747,9.625120888104618,9.153253826882747,0
1998-09-16,9.798858621815958,9.625120888104618,9.798858621815958,9.625120888104618,0
1998-09-17,10.062939666997243,9.798858621815958,10.062939666997243,9.798858621815958,0
1998-09-18,9.199660700860846,10.062939666997243,10.062939666997243,9.199660700860846,0
1998-09-21,9.321909502587731,9.199660700860846,9.321909502587731,9.199660700860846,0
1998-09-22,9.304071834587004,9.321909502587731,9.321909502587731,9.304071834587004,0
1998-09-23,9.534200683664773,9.304071834587004,9.534200683664773,9.304071834587004,0
1998-09-24,10.680343922241324,9.534200683664773,10.680343922241324,9.534200683664773,0
1998-09-25,9.893482193624015,10.680343922241324,10.680343922241324,9.893482193624015,0
1998-09-28,9.857188609537141,9.893482193624015,9.893482193624015,9.857188609537141,0
1998-09-29,10.122368686963497,9.857188609537141,10.122368686963497,9.857188609537141,0
1998-09-30,10.049427654011886,10.122368686963497,10.122368686963497,10.049427654011886,0
1998-10-01,9.132903366875516,10.049427654011886,10.049427654011886,9.132903366875516,0
1998-10-02,8.341223113934337,9.132903366875516,9.132903366875516,8.341223113934337,0
1998-10-05,8.82333485238737,8.341223113934337,8.82333485238737,8.341223113934337,0
1998-10-06,8.288838312058964,8.82333485238737,8.82333485238737,8.288838312058964,0
1998-10-07,8.264583376983888,8.288838312058964,8.288838312058964,8.264583376983888,0
1998-10-08,7.894600200584242,8.264583376983888,8.264583376983888,7.894600200584242,0
1998-10-09,7.764465775022419,7.894600200584242,7.894600200584242,7.764465775022419,0
1998-10-12,8.231089303779092,7.764465775022419,8.231089303779092,7.764465775022419,0
1998-10-13,8.59073444527908,8.231089303779092,8.59073444527908,8.231089303779092,0
1998-10-14,8.501467204574698,8.59073444527908,8.59073444527908,8.501467204574698,0
1998-10-15,8.740827535876765,8.501467204574698,8.740827535876765,8.501467204574698,0
1998-10-16,10.149871652347466,8.740827535876765,10.149871652347466,8.740827535876765,0
1998-10-19,10.15807525203628,10.149871652347466,10.15807525203628,10.149871652347466,0
1998-10-20,10.265102809118762,10.15807525203628,10.265102809118762,10.15807525203628,0
1998-10-21,10.445284326015837,10.265102809118762,10.445284326015837,10.265102809118762,0
1998-10-22,10.334661583566868,10.445284326015837,10.445284326015837,10.334661583566868,0
1998-10-23,10.797307938667977,10.334661583566868,10.797307938667977,10.334661583566868,0
1998-10-26,10.384934810960111,10.797307938667977,10.797307938667977,10.384934810960111,0
1998-10-27,10.611951131413985,10.384934810960111,10.611951131413985,10.384934810960111,0
1998-10-28,10.426267630186171,10.611951131413985,10.611951131413985,10.426267630186171,0
1998-10-29,10.370670860189216,10.426267630186171,10.426267630186171,10.370670860189216,0
1998-10-30,11.125375405554879,10.370670860189216,11.125375405554879,10.370670860189216,0
1998-11-02,11.305681777083697,11.125375405554879,11.305681777083697,11.125375405554879,0
1998-11-03,11.882950946384204,11.305681777083697,11.882950946384204,11.305681777083697,0
1998-11-04,11.623135038023001,11.882950946384204,11.882950946384204,11.623135038023001,0
1998-11-05,11.995087270039631,11.623135038023001,11.995087270039631,11.623135038023001,0
1998-11-06,12.485073321863094,11.995087270039631,12.485073321863094,11.995087270039631,0
1998-11-09,12.59727422386412,12.485073321863094,12.59727422386412,12.485073321863094,0
1998-11-10,12.327296215747113,12.59727422386412,12.59727422386412,12.327296215747113,0
1998-11-11,12.22434982984438,12.327296215747113,12.327296215747113,12.22434982984438,0
1998-11-12,11.980013885972905,12.22434982984438,12.22434982984438,11.980013885972905,0
1998-11-13,11.9390894493739,11.980013885972905,11.980013885972905,11.9390894493739,0
1998-11-16,12.287578323344327,11.9390894493739,12.287578323344327,11.9390894493739,0
1998-11-17,12.561360059994904,12.287578323344327,12.561360059994904,12.287578323344327,0
1998-11-18,12.560407988657023,12.561360059994904,12.561360059994904,12.560407988657023,0
1998-11-19,12.786578920840011,12.560407988657023,12.786578920840011,12.560407988657023,0
1998-11-20,13.119883129569109,12.786578920840011,13.119883129569109,12.786578920840011,0
1998-11-23,13.416426289015057,13.119883129569109,13.416426289015057,13.119883129569109,0
1998-11-24,14.364495103819548,13.416426289015057,14.364495103819548,13.416426289015057,0
1998-11-25,14.092648401847303,14.364495103819548,14.364495103819548,14.092648401847303,0
1998-11-27,14.091580268575576,14.092648401847303,14.092648401847303,14.091580268575576,0
1998-11-30,14.40233665283544,14.091580268575576,14.40233665283544,14.091580268575576,0
1998-12-01,13.180973285354426,14.40233665283544,14.40233665283544,13.180973285354426,0
1998-12-02,13.690759313421365,13.180973285354426,13.690759313421365,13.180973285354426,0
1998-12-03,13.56969368574233,13.690759313421365,13.690759313421365,13.56969368574233,0
1998-12-04,12.896134195134676,13.56969368574233,13.56969368574233,12.896134195134676,0
1998-12-07,13.911903160157234,12.896134195134676,13.911903160157234,12.896134195134676,0
1998-12-08,14.10917169419289,13.911903160157234,14.10917169419289,13.911903160157234,0
1998-12-09,13.919040218741715,14.10917169419289,14.10917169419289,13.919040218741715,0
1998-12-10,13.995116011679643,13.919040218741715,13.995116011679643,13.919040218741715,0
1998-12-11,13.380199533667518,13.995116011679643,13.995116011679643,13.380199533667518,0
1998-12-14,13.459676672008285,13.380199533667518,13.459676672008285,13.380199533667518,0
1998-12-15,12.295133752917671,13.459676672008285,13.459676672008285,12.295133752917671,0
1998-12-16,13.246740467202455,12.295133752917671,13.246740467202455,12.295133752917671,0
1998-12-17,13.192507172337265,13.246740467202455,13.246740467202455,13.192507172337265,0
1998-12-18,13.823007268843009,13.192507172337265,13.823007268843009,13.192507172337265,0
1998-12-21,13.99816874350586,13.823007268843009,13.99816874350586,13.823007268843009,0
1998-12-22,14.584039296619801,13.99816874350586,14.584039296619801,13.99816874350586,0
1998-12-23,14.77639082391884,14.584039296619801,14.77639082391884,14.584039296619801,0
1998-12-24,15.705004764014918,14.77639082391884,15.705004764014918,14.77639082391884,0
1998-12-28,15.50068457786258,15.705004764014918,15.705004764014918,15.50068457786258,0
1998-12-29,15.38106243119556,15.50068457786258,15.50068457786258,15.38106243119556,0
1998-12-30,16.110465257412628,15.38106243119556,16.110465257412628,15.38106243119556,0
1998-12-31,15.720445077308172,16.110465257412628,16.110465257412628,15.720445077308172,0
1999-01-04,15.719253567383664,15.720445077308172,15.720445077308172,15.719253567383664,0
1999-01-05,15.610521756100999,15.719253567383664,15.719253567383664,15.610521756100999,0
1999-01-06,16.144588535134822,15.610521756100999,16.144588535134822,15.610521756100999,0
1999-01-07,17.311049705442013,16.144588535134822,17.311049705442013,16.144588535134822,0
1999-01-08,17.05504158714287,17.311049705442013,17.311049705442013,17.05504158714287,0
1999-01-11,17.43198569596249,17.05504158714287,17.43198569596249,17.05504158714287,0
1999-01-12,16.931759495159767,17.43198569596249,17.43198569596249,16.931759495159767,0
1999-01-13,16.014692915436807,16.931759495159767,16.931759495159767,16.014692915436807,0
1999-01-14,15.675144609082311,16.014692915436807,16.014692915436807,15.675144609082311,0
1999-01-15,14.85205709727204,15.675144609082311,15.675144609082311,14.85205709727204,0
1999-01-19,16.011108584542228,14.85205709727204,16.011108584542228,14.85205709727204,0
1999-01-20,16.323641031265396,16.011108584542228,16.323641031265396,16.011108584542228,0
1999-01-21,16.713594302154718,16.323641031265396,16.713594302154718,16.323641031265396,0
1999-01-22,15.383678652413241,16.713594302154718,16.713594302154718,15.383678652413241,0
1999-01-25,15.276847931595599,15.383678652413241,15.383678652413241,15.276847931595599,0
1999-01-26,15.743150725146615,15.276847931595599,15.743150725146615,15.276847931595599,0
1999-01-27,16.600207065618946,15.743150725146615,16.600207065618946,15.743150725146615,0
1999-01-28,16.018734020479783,16.600207065618946,16.600207065618946,16.018734020479783,0
1999-01-29,16.825077311302046,16.018734020479783,16.825077311302046,16.018734020479783,0
1999-02-01,17.20976132338586,16.825077311302046,17.20976132338586,16.825077311302046,0
1999-02-02,16.905130521221235,17.20976132338586,17.20976132338586,16.905130521221235,0
1999-02-03,16.591653946374382,16.905130521221235,16.905130521221235,16.591653946374382,0
1999-02-04,17.096036554032036,16.591653946374382,17.096036554032036,16.591653946374382,0
1999-02-05,16.327364566112834,17.096036554032036,17.096036554032036,16.327364566112834,0
1999-02-08,15.765091039425606,16.327364566112834,16.327364566112834,15.765091039425606,0
1999-02-09,15.859205015314677,15.765091039425606,15.859205015314677,15.765091039425606,0
1999-02-10,14.793541894549058,15.859205015314677,15.859205015314677,14.793541894549058,0
1999-02-11,15.077720914081954,14.793541894549058,15.077720914081954,14.793541894549058,0
1999-02-12,16.11666707090167,15.077720914081954,16.11666707090167,15.077720914081954,0
1999-02-16,15.535846243074822,16.11666707090167,16.11666707090167,15.535846243074822,0
1999-02-17,15.25189344493631,15.535846243074822,15.535846243074822,15.25189344493631,0
1999-02-18,15.204204767466749,15.25189344493631,15.25189344493631,15.204204767466749,0
1999-02-19,15.563026514784106,15.204204767466749,15.563026514784106,15.204204767466749,0
1999-02-22,15.762331545751987,15.563026514784106,15.762331545751987,15.563026514784106,0
1999-02-23,17.021798027060207,15.762331545751987,17.021798027060207,15.762331545751987,0
1999-02-24,16.995510559112567,17.021798027060207,17.021798027060207,16.995510559112567,0
1999-02-25,16.094451514659145,16.995510559112567,16.995510559112567,16.094451514659145,0
1999-02-26,15.63545380311143,16.094451514659145,16.094451514659145,15.63545380311143,0
1999-03-01,15.445204497144534,15.63545380311143,15.63545380311143,15.445204497144534,0
1999-03-02,15.572948072416803,15.445204497144534,15.572948072416803,15.445204497144534,0
1999-03-03,15.159377754325519,15.572948072416803,15.572948072416803,15.159377754325519,0
1999-03-04,15.401233064699138,15.159377754325519,15.401233064699138,15.159377754325519,0
1999-03-05,15.984793052554412,15.401233064699138,15.984793052554412,15.401233064699138,0
1999-03-08,16.94842154006125,15.984793052554412,16.94842154006125,15.984793052554412,0
1999-03-09,17.2772362807144,16.94842154006125,17.2772362807144,16.94842154006125,0
1999-03-10,17.149773042975948,17.2772362807144,17.2772362807144,17.149773042975948,0
1999-03-11,17.60046796259798,17.149773042975948,17.60046796259798,17.149773042975948,0
1999-03-12,18.18663767174984,17.60046796259798,18.18663767174984,17.60046796259798,0
1999-03-15,17.663140544428103,18.18663767174984,18.18663767174984,17.663140544428103,0
1999-03-16,18.41695739840712,17.663140544428103,18.41695739840712,17.663140544428103,0
1999-03-17,18.20504986952976,18.41695739840712,18.41695739840712,18.20504986952976,0
1999-03-18,17.96864896228505,18.20504986952976,18.20504986952976,17.96864896228505,0
1999-03-19,18.83444269819249,17.96864896228505,18.83444269819249,17.96864896228505,0
1999-03-22,17.872610954737432,18.83444269819249,18.83444269819249,17.872610954737432,0
1999-03-23,17.97460827722493,17.872610954737432,17.97460827722493,17.872610954737432,0
1999-03-24,16.41699148997633,17.97460827722493,17.97460827722493,16.41699148997633,0
1999-03-25,16.696284355190016,16.41699148997633,16.696284355190016,16.41699148997633,0
1999-03-26,17.71873370090514,16.696284355190016,17.71873370090514,16.696284355190016,0
1999-03-29,17.332598720592888,17.71873370090514,17.71873370090514,17.332598720592888,0
1999-03-30,18.38034348844545,17.332598720592888,18.38034348844545,17.332598720592888,0
1999-03-31,18.089923816997615,18.38034348844545,18.38034348844545,18.089923816997615,0
1999-04-01,17.217624081859526,18.089923816997615,18.089923816997615,17.217624081859526,0
1999-04-05,17.606091549331087,17.217624081859526,17.606091549331087,17.217624081859526,0
1999-04-06,18.855336364383536,17.606091549331087,18.855336364383536,17.606091549331087,0
1999-04-07,18.720446406079905,18.855336364383536,18.855336364383536,18.720446406079905,0
1999-04-08,19.17072637075169,18.720446406079905,19.17072637075169,18.720446406079905,0
1999-04-09,19.898136579699912,19.17072637075169,19.898136579699912,19.17072637075169,0
1999-04-12,19.91044932909551,19.898136579699912,19.91044932909551,19.898136579699912,0
1999-04-13,20.54556225501446,19.91044932909551,20.54556225501446,19.91044932909551,0
1999-04-14,20.148339630921228,20.54556225501446,20.54556225501446,20.148339630921228,0
1999-04-15,19.128719696460635,20.148339630921228,20.148339630921228,19.128719696460635,0
1999-04-16,18.911785749387995,19.128719696460635,19.128719696460635,18.911785749387995,0
1999-04-19,18.429208780508624,18.911785749387995,18.911785749387995,18.429208780508624,0
1999-04-20,17.57398210293055,18.429208780508624,18.429208780508624,17.57398210293055,0
1999-04-21,18.23423979682143,17.57398210293055,18.23423979682143,17.57398210293055,0
1999-04-22,19.797268219806657,18.23423979682143,19.797268219806657,18.23423979682143,0
1999-04-23,20.359951462868064,19.797268219806657,20.359951462868064,19.797268219806657,0
1999-04-26,20.20421171526509,20.359951462868064,20.359951462868064,20.20421171526509,0
1999-04-27,20.551355038642743,20.20421171526509,20.551355038642743,20.20421171526509,0
1999-04-28,20.845995356786897,20.551355038642743,20.845995356786897,20.551355038642743,0
1999-04-29,19.990106749636567,20.845995356786897,20.845995356786897,19.990106749636567,0
1999-04-30,19.53173516015157,19.990106749636567,19.990106749636567,19.53173516015157,0
1999-05-03,19.05320283725847,19.53173516015157,19.53173516015157,19.05320283725847,0
1999-05-04,20.097359843038298,19.05320283725847,20.097359843038298,19.05320283725847,0
1999-05-05,19.234913784744784,20.097359843038298,20.097359843038298,19.234913784744784,0
1999-05-06,19.691847804473305,19.234913784744784,19.691847804473305,19.234913784744784,0
1999-05-07,19.327483405757587,19.691847804473305,19.691847804473305,19.327483405757587,0
1999-05-10,19.76554207657496,19.327483405757587,19.76554207657496,19.327483405757587,0
1999-05-11,19.468933212754635,19.76554207657496,19.76554207657496,19.468933212754635,0
1999-05-12,20.05851455259561,19.468933212754635,20.05851455259561,19.468933212754635,0
1999-05-13,20.52818239919549,20.05851455259561,20.52818239919549,20.05851455259561,0
1999-05-14,20.794038521337654,20.52818239919549,20.794038521337654,20.52818239919549,0
1999-05-17,19.17433255981273,20.794038521337654,20.794038521337654,19.17433255981273,0
1999-05-18,19.347601654620032,19.17433255981273,19.347601654620032,19.17433255981273,0
1999-05-19,19.237995193086384,19.347601654620032,19.347601654620032,19.237995193086384,0
1999-05-20,19.65395973145913,19.237995193086384,19.65395973145913,19.237995193086384,0
1999-05-21,19.297384096160872,19.65395973145913,19.65395973145913,19.297384096160872,0
1999-05-24,18.97211722877834,19.297384096160872,19.297384096160872,18.97211722877834,0
1999-05-25,18.023620495931958,18.97211722877834,18.97211722877834,18.023620495931958,0
1999-05-26,17.145981396717705,18.023620495931958,18.023620495931958,17.145981396717705,0
1999-05-27,17.71787977817112,17.145981396717705,17.71787977817112,17.145981396717705,0
1999-05-28,16.952476191742466,17.71787977817112,17.71787977817112,16.952476191742466,0
1999-06-01,17.60018567176033,16.952476191742466,17.60018567176033,16.952476191742466,0
1999-06-02,17.41509777296696,17.60018567176033,17.60018567176033,17.41509777296696,0
1999-06-03,17.464116610438396,17.41509777296696,17.464116610438396,17.41509777296696,0
1999-06-04,17.752730497448898,17.464116610438396,17.752730497448898,17.464116610438396,0
1999-06-07,18.821891829732127,17.752730497448898,18.821891829732127,17.752730497448898,0
1999-06-08,18.9661981488101,18.821891829732127,18.9661981488101,18.821891829732127,0
1999-06-09,18.405623459189666,18.9661981488101,18.9661981488101,18.405623459189666,0
1999-06-10,18.35202709383634,18.405623459189666,18.405623459189666,18.35202709383634,0
1999-06-11,17.842741463421095,18.35202709383634,18.35202709383634,17.842741463421095,0
1999-06-14,17.394211040534696,17.842741463421095,17.842741463421095,17.394211040534696,0
1999-06-15,17.443127120204046,17.394211040534696,17.443127120204046,17.394211040534696,0
1999-06-16,17.794209660450164,17.443127120204046,17.794209660450164,17.443127120204046,0
1999-06-17,18.813082377336844,17.794209660450164,18.813082377336844,17.794209660450164,0
1999-06-18,19.340796561489967,18.813082377336844,19.340796561489967,18.813082377336844,0
1999-06-21,19.406417659319935,19.340796561489967,19.406417659319935,19.340796561489967,0
1999-06-22,19.540359623256517,19.406417659319935,19.540359623256517,19.406417659319935,0
1999-06-23,19.130652156931834,19.540359623256517,19.540359623256517,19.130652156931834,0
1999-06-24,18.847482791407995,19.130652156931834,19.130652156931834,18.847482791407995,0
1999-06-25,18.421033073536748,18.847482791407995,18.847482791407995,18.421033073536748,0
1999-06-28,18.282300726908407,18.421033073536748,18.421033073536748,18.282300726908407,0
1999-06-29,18.951154776082447,18.282300726908407,18.951154776082447,18.282300726908407,0
1999-06-30,19.482782005014762,18.951154776082447,19.482782005014762,18.951154776082447,0
1999-07-01,20.54005546391922,19.482782005014762,20.54005546391922,19.482782005014762,0
1999-07-02,21.002336025612568,20.54005546391922,21.002336025612568,20.54005546391922,0
1999-07-06,21.628381063488593,21.002336025612568,21.628381063488593,21.002336025612568,0
1999-07-07,21.612186104692675,21.628381063488593,21.628381063488593,21.612186104692675,0
1999-07-08,21.6977906627982,21.612186104692675,21.6977906627982,21.612186104692675,0
1999-07-09,21.747120132065515,21.6977906627982,21.747120132065515,21.6977906627982,0
1999-07-12,22.13233418549294,21.747120132065515,22.13233418549294,21.747120132065515,0
1999-07-13,21.835304962672954,22.13233418549294,22.13233418549294,21.835304962672954,0
1999-07-14,21.599462527294964,21.835304962672954,21.835304962672954,21.599462527294964,0
1999-07-15,21.961061654299197,21.599462527294964,21.961061654299197,21.599462527294964,0
1999-07-16,22.378058362202413,21.961061654299197,22.378058362202413,21.961061654299197,0
1999-07-19,22.740739141861233,22.378058362202413,22.740739141861233,22.378058362202413,0
1999-07-20,22.288054527123524,22.740739141861233,22.740739141861233,22.288054527123524,0
1999-07-21,20.914339627309978,22.288054527123524,22.288054527123524,20.914339627309978,0
1999-07-22,20.841703718922144,20.914339627309978,20.914339627309978,20.841703718922144,0
1999-07-23,20.01791457679146,20.841703718922144,20.841703718922144,20.01791457679146,0
1999-07-26,19.89910514161673,20.01791457679146,20.01791457679146,19.89910514161673,0
1999-07-27,19.457837448235992,19.89910514161673,19.89910514161673,19.457837448235992,0
1999-07-28,19.94371932007843,19.457837448235992,19.94371932007843,19.457837448235992,0
1999-07-29,20.134846981556745,19.94371932007843,20.134846981556745,19.94371932007843,0
1999-07-30,19.288618159581507,20.134846981556745,20.134846981556745,19.288618159581507,0
1999-08-02,18.574057969936632,19.288618159581507,19.288618159581507,18.574057969936632,0
1999-08-03,18.703852550884566,18.574057969936632,18.703852550884566,18.574057969936632,0
1999-08-04,18.438868817343845,18.703852550884566,18.703852550884566,18.438868817343845,0
1999-08-05,17.68041546386398,18.438868817343845,18.438868817343845,17.68041546386398,0
1999-08-06,18.1612849961745,17.68041546386398,18.1612849961745,17.68041546386398,0
1999-08-09,17.56573571682848,18.1612849961745,18.1612849961745,17.56573571682848,0
1999-08-10,17.450709649533046,17.56573571682848,17.56573571682848,17.450709649533046,0
1999-08-11,16.870918815195903,17.450709649533046,17.450709649533046,16.870918815195903,0
1999-08-12,17.484328750339927,16.870918815195903,17.484328750339927,16.870918815195903,0
1999-08-13,17.45151362674093,17.484328750339927,17.484328750339927,17.45151362674093,0
1999-08-16,18.663360579747774,17.45151362674093,18.663360579747774,17.45151362674093,0
1999-08-17,18.911611731023918,18.663360579747774,18.911611731023918,18.663360579747774,0
1999-08-18,19.281312370093435,18.911611731023918,19.281312370093435,18.911611731023918,0
1999-08-19,18.863667809667742,19.281312370093435,19.281312370093435,18.863667809667742,0
1999-08-20,18.39908678190537,18.863667809667742,18.863667809667742,18.39908678190537,0
1999-08-23,18.957225613083626,18.39908678190537,18.957225613083626,18.39908678190537,0
1999-08-24,20.044098478780967,18.957225613083626,20.044098478780967,18.957225613083626,0
1999-08-25,20.262905462470364,20.044098478780967,20.262905462470364,20.044098478780967,0
1999-08-26,20.88549702343202,20.262905462470364,20.88549702343202,20.262905462470364,0
1999-08-27,20.133963783190765,20.88549702343202,20.88549702343202,20.133963783190765,0
1999-08-30,19.400693548261504,20.133963783190765,20.133963783190765,19.400693548261504,0
1999-08-31,18.321899664057423,19.400693548261504,19.400693548261504,18.321899664057423,0
1999-09-01,18.113180751677874,18.321899664057423,18.321899664057423,18.113180751677874,0
1999-09-02,18.780447088130142,18.113180751677874,18.780447088130142,18.113180751677874,0
1999-09-03,18.113972298950603,18.780447088130142,18.780447088130142,18.113972298950603,0
1999-09-07,19.700111613130677,18.113972298950603,19.700111613130677,18.113972298950603,0
1999-09-08,19.48127719219591,19.700111613130677,19.700111613130677,19.48127719219591,0
1999-09-09,19.196658500751163,19.48127719219591,19.48127719219591,19.196658500751163,0
1999-09-10,19.168521379034534,19.196658500751163,19.196658500751163,19.168521379034534,0
1999-09-13,19.64717873614702,19.168521379034534,19.64717873614702,19.168521379034534,0
1999-09-14,19.245782801521205,19.64717873614702,19.64717873614702,19.245782801521205,0
1999-09-15,18.86328057748733,19.245782801521205,19.245782801521205,18.86328057748733,0
1999-09-16,17.964862938390972,18.86328057748733,18.86328057748733,17.964862938390972,0
1999-09-17,18.17411406212422,17.964862938390972,18.17411406212422,17.964862938390972,0
1999-09-20,18.861658854316424,18.17411406212422,18.861658854316424,18.17411406212422,0
1999-09-21,18.780909121109083,18.861658854316424,18.861658854316424,18.780909121109083,0
1999-09-22,17.593021568910792,18.780909121109083,18.780909121109083,17.593021568910792,0
1999-09-23,17.53494462686778,17.593021568910792,17.593021568910792,17.53494462686778,0
1999-09-24,16.432299091498145,17.53494462686778,17.53494462686778,16.432299091498145,0
1999-09-27,16.38286158071757,16.432299091498145,16.432299091498145,16.38286158071757,0
1999-09-28,16.706224344177144,16.38286158071757,16.706224344177144,16.38286158071757,0
1999-09-29,16.607548288099057,16.706224344177144,16.706224344177144,16.607548288099057,0
1999-09-30,16.01184155052207,16.607548288099057,16.607548288099057,16.01184155052207,0
1999-10-01,16.744534616855915,16.01184155052207,16.744534616855915,16.01184155052207,0
1999-10-04,16.6335358340765,16.744534616855915,16.744534616855915,16.6335358340765,0
1999-10-05,17.51836272290414,16.6335358340765,17.51836272290414,16.6335358340765,0
1999-10-06,17.466811953192913,17.51836272290414,17.51836272290414,17.466811953192913,0
1999-10-07,18.267775909215295,17.466811953192913,18.267775909215295,17.466811953192913,0
1999-10-08,17.95646379723511,18.267775909215295,18.267775909215295,17.95646379723511,0
1999-10-11,18.77209392367992,17.95646379723511,18.77209392367992,17.95646379723511,0
1999-10-12,18.678667485065866,18.77209392367992,18.77209392367992,18.678667485065866,0
1999-10-13,17.812502237366395,18.678667485065866,18.678667485065866,17.812502237366395,0
1999-10-14,16.427960018888598,17.812502237366395,17.812502237366395,16.427960018888598,0
1999-10-15,16.414711145901745,16.427960018888598,16.427960018888598,16.414711145901745,0
1999-10-18,15.152639850080165,16.414711145901745,16.414711145901745,15.152639850080165,0
1999-10-19,15.481368433285589,15.152639850080165,15.481368433285589,15.152639850080165,0
1999-10-20,15.930229504777365,15.481368433285589,15.930229504777365,15.481368433285589,0
1999-10-21,16.399395681044357,15.930229504777365,16.399395681044357,15.930229504777365,0
1999-10-22,16.685868279814045,16.399395681044357,16.685868279814045,16.399395681044357,0
1999-10-25,17.109030869785514,16.685868279814045,17.109030869785514,16.685868279814045,0
1999-10-26,16.848806178618336,17.109030869785514,17.109030869785514,16.848806178618336,0
1999-10-27,16.212973746512063,16.848806178618336,16.848806178618336,16.212973746512063,0
1999-10-28,17.091777031862186,16.212973746512063,17.091777031862186,16.212973746512063,0
1999-10-29,18.839036017637696,17.091777031862186,18.839036017637696,17.091777031862186,0
1999-11-01,19.861396706071798,18.839036017637696,19.861396706071798,18.839036017637696,0
1999-11-02,19.234668380015766,19.861396706071798,19.861396706071798,19.234668380015766,0
1999-11-03,18.820878843588577,19.234668380015766,19.234668380015766,18.820878843588577,0
1999-11-04,19.19958624282971,18.820878843588577,19.19958624282971,18.820878843588577,0
1999-11-05,19.63651171921247,19.19958624282971,19.63651171921247,19.19958624282971,0
1999-11-08,20.214812410859032,19.63651171921247,20.214812410859032,19.63651171921247,0
1999-11-09,20.26826560501777,20.214812410859032,20.26826560501777,20.214812410859032,0
1999-11-10,19.69528623333511,20.26826560501777,20.26826560501777,19.69528623333511,0
1999-11-11,20.132766166037243,19.69528623333511,20.132766166037243,19.69528623333511,0
1999-11-12,20.473905650384385,20.132766166037243,20.473905650384385,20.132766166037243,0
1999-11-15,21.026676588879134,20.473905650384385,21.026676588879134,20.473905650384385,0
1999-11-16,21.173200584205297,21.026676588879134,21.173200584205297,21.026676588879134,0
1999-11-17,21.702993522889805,21.173200584205297,21.702993522889805,21.173200584205297,0
1999-11-18,21.87419992784948,21.702993522889805,21.87419992784948,21.702993522889805,0
1999-11-19,22.33591894704792,21.87419992784948,22.33591894704792,21.87419992784948,0
1999-11-22,22.27551750300896,22.33591894704792,22.33591894704792,22.27551750300896,0
1999-11-23,22.259141678737524,22.27551750300896,22.27551750300896,22.259141678737524,0
1999-11-24,21.67157397478269,22.259141678737524,22.259141678737524,21.67157397478269,0
1999-11-26,22.015193071934515,21.67157397478269,22.015193071934515,21.67157397478269,0
1999-11-29,21.766371109569025,22.015193071934515,22.015193071934515,21.766371109569025,0
1999-11-30,21.533886226090797,21.766371109569025,21.766371109569025,21.533886226090797,0
1999-12-01,20.77308075664087,21.533886226090797,21.533886226090797,20.77308075664087,0
1999-12-02,21.27487938850852,20.77308075664087,21.27487938850852,20.77308075664087,0
1999-12-03,21.656808616064204,21.27487938850852,21.656808616064204,21.27487938850852,0
1999-12-06,22.84821326184877,21.656808616064204,22.84821326184877,21.656808616064204,0
1999-12-07,22.34018146254879,22.84821326184877,22.84821326184877,22.34018146254879,0
1999-12-08,21.795738866818102,22.34018146254879,22.34018146254879,21.795738866818102,0
1999-12-09,21.3756898579162,21.795738866818102,21.795738866818102,21.3756898579162,0
1999-12-10,21.68735470879984,21.3756898579162,21.68735470879984,21.3756898579162,0
1999-12-13,21.90141038493847,21.68735470879984,21.90141038493847,21.68735470879984,0
1999-12-14,22.01548627182923,21.90141038493847,22.01548627182923,21.90141038493847,0
1999-12-15,21.374884232434674,22.01548627182923,22.01548627182923,21.374884232434674,0
1999-12-16,21.714949919021127,21.374884232434674,21.714949919021127,21.374884232434674,0
1999-12-17,22.00101660835543,21.714949919021127,22.00101660835543,21.714949919021127,0
1999-12-20,22.423239210849413,22.00101660835543,22.423239210849413,22.00101660835543,0
1999-12-21,21.935374815267398,22.423239210849413,22.423239210849413,21.935374815267398,0
1999-12-22,22.935380668187356,21.935374815267398,22.935380668187356,21.935374815267398,0
1999-12-23,23.11305753266378,22.935380668187356,23.11305753266378,22.935380668187356,0
1999-12-27,24.215898636590367,23.11305753266378,24.215898636590367,23.11305753266378,0
1999-12-28,24.11330031686599,24.215898636590367,24.215898636590367,24.11330031686599,0
1999-12-29,24.065115652127048,24.11330031686599,24.11330031686599,24.065115652127048,0
1999-12-30,24.371956834861393,24.065115652127048,24.371956834861393,24.065115652127048,0
1999-12-31,24.28450777413421,24.371956834861393,24.371956834861393,24.28450777413421,0
2000-01-03,24.399123761922162,24.28450777413421,24.399123761922162,24.28450777413421,0
2000-01-04,23.680878181155563,24.399123761922162,24.399123761922162,23.680878181155563,0
2000-01-05,20.900850861822228,23.680878181155563,23.680878181155563,20.900850861822228,0
2000-01-06,21.011431546227946,20.900850861822228,21.011431546227946,20.900850861822228,0
2000-01-07,19.99681025706107,21.011431546227946,21.011431546227946,19.99681025706107,0
2000-01-10,23.479294157032616,19.99681025706107,23.479294157032616,19.99681025706107,0
2000-01-11,23.719191754867726,23.479294157032616,23.719191754867726,23.479294157032616,0
2000-01-12,22.865868291252944,23.719191754867726,23.719191754867726,22.865868291252944,0
2000-01-13,22.18173973695365,22.865868291252944,22.865868291252944,22.18173973695365,0
2000-01-14,23.081298983929713,22.18173973695365,23.081298983929713,22.18173973695365,0
2000-01-18,24.019739363421348,23.081298983929713,24.019739363421348,23.081298983929713,0
2000-01-19,23.450995200207682,24.019739363421348,24.019739363421348,23.450995200207682,0
2000-01-20,24.022169350563065,23.450995200207682,24.022169350563065,23.450995200207682,0
2000-01-21,22.917290709120085,24.022169350563065,24.022169350563065,22.917290709120085,0
2000-01-24,22.76710250315367,22.917290709120085,22.917290709120085,22.76710250315367,0
2000-01-25,20.82958117340782,22.76710250315367,22.76710250315367,20.82958117340782,0
2000-01-26,21.537591566794852,20.82958117340782,21.537591566794852,20.82958117340782,0
2000-01-27,21.023845405172825,21.537591566794852,21.537591566794852,21.023845405172825,0
2000-01-28,20.770289643556854,21.023845405172825,21.023845405172825,20.770289643556854,0
2000-01-31,18.824965316092864,20.770289643556854,20.770289643556854,18.824965316092864,0
2000-02-01,20.35621287930978,18.824965316092864,20.35621287930978,18.824965316092864,0
2000-02-02,20.95631897944329,20.35621287930978,20.95631897944329,20.35621287930978,0
2000-02-03,21.010526115515578,20.95631897944329,21.010526115515578,20.95631897944329,0
2000-02-04,21.958463406370424,21.010526115515578,21.958463406370424,21.010526115515578,0
2000-02-07,21.683632827285464,21.958463406370424,21.958463406370424,21.683632827285464,0
2000-02-08,21.58216394071688,21.683632827285464,21.683632827285464,21.58216394071688,0
2000-02-09,22.461614466718974,21.58216394071688,22.461614466718974,21.58216394071688,0
2000-02-10,21.044537800860457,22.461614466718974,22.461614466718974,21.044537800860457,0
2000-02-11,21.168637660550374,21.044537800860457,21.168637660550374,21.044537800860457,0
2000-02-14,19.87725114806093,21.168637660550374,21.168637660550374,19.87725114806093,0
2000-02-15,20.22510446563256,19.87725114806093,20.22510446563256,19.87725114806093,0
2000-02-16,20.909968104978596,20.22510446563256,20.909968104978596,20.22510446563256,0
2000-02-17,19.984356368299405,20.909968104978596,20.909968104978596,19.984356368299405,0
2000-02-18,19.67285757850905,19.984356368299405,19.984356368299405,19.67285757850905,0
2000-02-22,18.40431646404931,19.67285757850905,19.67285757850905,18.40431646404931,0
2000-02-23,18.262640810899164,18.40431646404931,18.40431646404931,18.262640810899164,0
2000-02-24,18.90819058524874,18.262640810899164,18.90819058524874,18.262640810899164,0
2000-02-25,17.764511538235677,18.90819058524874,18.90819058524874,17.764511538235677,0
2000-02-28,17.57023503236116,17.764511538235677,17.764511538235677,17.57023503236116,0
2000-02-29,18.67464246316765,17.57023503236116,18.67464246316765,17.57023503236116,0
2000-03-01,19.21340673841115,18.67464246316765,19.21340673841115,18.67464246316765,0
2000-03-02,19.631336620649176,19.21340673841115,19.631336620649176,19.21340673841115,0
2000-03-03,19.669722450087722,19.631336620649176,19.669722450087722,19.631336620649176,0
2000-03-06,20.77307936893062,19.669722450087722,20.77307936893062,19.669722450087722,0
2000-03-07,20.16430062707647,20.77307936893062,20.77307936893062,20.16430062707647,0
2000-03-08,18.992693129022822,20.16430062707647,20.16430062707647,18.992693129022822,0
2000-03-09,18.919786884495977,18.992693129022822,18.992693129022822,18.919786884495977,0
2000-03-10,20.577101066811753,18.919786884495977,20.577101066811753,18.919786884495977,0
2000-03-13,20.24685153021696,20.577101066811753,20.577101066811753,20.24685153021696,0
2000-03-14,19.581603621214114,20.24685153021696,20.24685153021696,19.581603621214114,0
2000-03-15,18.745616818549003,19.581603621214114,19.581603621214114,18.745616818549003,0
2000-03-16,20.056227203104545,18.745616818549003,20.056227203104545,18.745616818549003,0
2000-03-17,22.86540970739475,20.056227203104545,22.86540970739475,20.056227203104545,0
2000-03-20,23.317074394930234,22.86540970739475,23.317074394930234,22.86540970739475,0
2000-03-21,22.958249397644533,23.317074394930234,23.317074394930234,22.958249397644533,0
2000-03-22,24.36994746124993,22.958249397644533,24.36994746124993,22.958249397644533,0
2000-03-23,24.812237699247326,24.36994746124993,24.812237699247326,24.36994746124993,0
2000-03-24,26.08114096634543,24.812237699247326,26.08114096634543,24.812237699247326,0
2000-03-27,26.543712097712433,26.08114096634543,26.543712097712433,26.08114096634543,0
2000-03-28,25.698982480580256,26.543712097712433,26.543712097712433,25.698982480580256,0
2000-03-29,25.253021466284647,25.698982480580256,25.698982480580256,25.253021466284647,0
2000-03-30,25.329500937682933,25.253021466284647,25.329500937682933,25.253021466284647,0
2000-03-31,24.055603248283198,25.329500937682933,25.329500937682933,24.055603248283198,0
2000-04-03,24.872819723185923,24.055603248283198,24.872819723185923,24.055603248283198,0
2000-04-04,25.305126916027618,24.872819723185923,25.305126916027618,24.872819723185923,0
2000-04-05,24.738539312952373,25.305126916027618,25.305126916027618,24.738539312952373,0
2000-04-06,24.273230831739493,24.738539312952373,24.738539312952373,24.273230831739493,0
2000-04-07,24.9043855296,24.273230831739493,24.9043855296,24.273230831739493,0
2000-04-10,25.375714401574076,24.9043855296,25.375714401574076,24.9043855296,0
2000-04-11,25.075322937484547,25.375714401574076,25.375714401574076,25.075322937484547,0
2000-04-12,24.855214626152325,25.075322937484547,25.075322937484547,24.855214626152325,0
2000-04-13,22.808302362088504,24.855214626152325,24.855214626152325,22.808302362088504,0
2000-04-14,21.856469774288144,22.808302362088504,22.808302362088504,21.856469774288144,0
2000-04-17,18.104695352083333,21.856469774288144,21.856469774288144,18.104695352083333,0
2000-04-18,20.000374181355475,18.104695352083333,20.000374181355475,18.104695352083333,0
2000-04-19,21.584111124909228,20.000374181355475,21.584111124909228,20.000374181355475,0
2000-04-20,20.980205170256653,21.584111124909228,21.584111124909228,20.980205170256653,0
2000-04-24,21.28093549741875,20.980205170256653,21.28093549741875,20.980205170256653,0
2000-04-25,20.585691751128394,21.28093549741875,21.28093549741875,20.585691751128394,0
2000-04-26,23.148329680301416,20.585691751128394,23.148329680301416,20.585691751128394,0
2000-04-27,22.362903923412745,23.148329680301416,23.148329680301416,22.362903923412745,0
2000-04-28,22.139393422323792,22.362903923412745,22.362903923412745,22.139393422323792,0
2000-05-01,21.725398503221346,22.139393422323792,22.139393422323792,21.725398503221346,0
2000-05-02,22.608128213229364,21.725398503221346,22.608128213229364,21.725398503221346,0
2000-05-03,21.25166476596188,22.608128213229364,22.608128213229364,21.25166476596188,0
2000-05-04,19.757104303668335,21.25166476596188,21.25166476596188,19.757104303668335,0
2000-05-05,20.203005205745168,19.757104303668335,20.203005205745168,19.757104303668335,0
2000-05-08,20.936038963305432,20.203005205745168,20.936038963305432,20.203005205745168,0
2000-05-09,20.462714179138448,20.936038963305432,20.936038963305432,20.462714179138448,0
2000-05-10,19.969600928054486,20.462714179138448,20.462714179138448,19.969600928054486,0
2000-05-11,18.61674259220009,19.969600928054486,19.969600928054486,18.61674259220009,0
2000-05-12,19.89158044276785,18.61674259220009,19.89158044276785,18.61674259220009,0
2000-05-15,20.536866635696967,19.89158044276785,20.536866635696967,19.89158044276785,0
2000-05-16,21.600310473201354,20.536866635696967,21.600310473201354,20.536866635696967,0
2000-05-17,22.22592222669756,21.600310473201354,22.22592222669756,21.600310473201354,0
2000-05-18,21.52818123320864,22.22592222669756,22.22592222669756,21.52818123320864,0
2000-05-19,20.734037031013802,21.52818123320864,21.52818123320864,20.734037031013802,0
2000-05-22,19.756319763993385,20.734037031013802,20.734037031013802,19.756319763993385,0
2000-05-23,19.30862021475462,19.756319763993385,19.756319763993385,19.30862021475462,0
2000-05-24,18.45415608949597,19.30862021475462,19.30862021475462,18.45415608949597,0
2000-05-25,19.355387626341045,18.45415608949597,19.355387626341045,18.45415608949597,0
2000-05-26,18.35768935905981,19.355387626341045,19.355387626341045,18.35768935905981,0
2000-05-30,18.41874137711604,18.35768935905981,18.41874137711604,18.35768935905981,0
2000-05-31,20.219194923341902,18.41874137711604,20.219194923341902,18.41874137711604,0
2000-06-01,20.35068224292541,20.219194923341902,20.35068224292541,20.219194923341902,0
2000-06-02,21.417833331197233,20.35068224292541,21.417833331197233,20.35068224292541,0
2000-06-05,22.53548693426254,21.417833331197233,22.53548693426254,21.417833331197233,0
2000-06-06,22.20511665049606,22.53548693426254,22.53548693426254,22.20511665049606,0
2000-06-07,21.90627751533446,22.20511665049606,22.20511665049606,21.90627751533446,0
2000-06-08,22.360308386464133,21.90627751533446,22.360308386464133,21.90627751533446,0
2000-06-09,22.095683348202183,22.360308386464133,22.360308386464133,22.095683348202183,0
2000-06-12,21.953014543096653,22.095683348202183,22.095683348202183,21.953014543096653,0
2000-06-13,21.17916882722384,21.953014543096653,21.953014543096653,21.17916882722384,0
2000-06-14,22.36991098305527,21.17916882722384,22.36991098305527,21.17916882722384,0
2000-06-15,22.48189420268619,22.36991098305527,22.48189420268619,22.36991098305527,0
2000-06-16,22.622777846736067,22.48189420268619,22.622777846736067,22.48189420268619,0
2000-06-19,22.063381506536732,22.622777846736067,22.622777846736067,22.063381506536732,0
2000-06-20,22.908311943661438,22.063381506536732,22.908311943661438,22.063381506536732,0
2000-06-21,22.660642420588548,22.908311943661438,22.908311943661438,22.660642420588548,0
2000-06-22,22.630234013365307,22.660642420588548,22.660642420588548,22.630234013365307,0
2000-06-23,21.595513090615736,22.630234013365307,22.630234013365307,21.595513090615736,0
2000-06-26,21.03775361713895,21.595513090615736,21.595513090615736,21.03775361713895,0
2000-06-27,21.849033350672723,21.03775361713895,21.849033350672723,21.03775361713895,0
2000-06-28,21.36409209476363,21.849033350672723,21.849033350672723,21.36409209476363,0
2000-06-29,21.54186796894458,21.36409209476363,21.54186796894458,21.36409209476363,0
2000-06-30,20.929741973160624,21.54186796894458,21.54186796894458,20.929741973160624,0
2000-07-03,21.40447496906932,20.929741973160624,21.40447496906932,20.929741973160624,0
2000-07-05,22.286815912652095,21.40447496906932,22.286815912652095,21.40447496906932,0
2000-07-06,21.079268829111026,22.286815912652095,22.286815912652095,21.079268829111026,0
2000-07-07,21.569594965985985,21.079268829111026,21.569594965985985,21.079268829111026,0
2000-07-10,22.60854159787447,21.569594965985985,22.60854159787447,21.569594965985985,0
2000-07-11,22.492338258010992,22.60854159787447,22.60854159787447,22.492338258010992,0
2000-07-12,22.633239787162577,22.492338258010992,22.633239787162577,22.492338258010992,0
2000-07-13,23.075463963373014,22.633239787162577,23.075463963373014,22.633239787162577,0
2000-07-14,23.37839264338506,23.075463963373014,23.37839264338506,23.075463963373014,0
2000-07-17,24.064344252237298,23.37839264338506,24.064344252237298,23.37839264338506,0
2000-07-18,23.943236006853635,24.064344252237298,24.064344252237298,23.943236006853635,0
2000-07-19,23.354223655022675,23.943236006853635,23.943236006853635,23.354223655022675,0
2000-07-20,22.789570329988052,23.354223655022675,23.354223655022675,22.789570329988052,0
2000-07-21,23.73702673730743,22.789570329988052,23.73702673730743,22.789570329988052,0
2000-07-24,22.34648609227366,23.73702673730743,23.73702673730743,22.34648609227366,0
2000-07-25,21.961773613518492,22.34648609227366,22.34648609227366,21.961773613518492,0
2000-07-26,22.17041687194022,21.961773613518492,22.17041687194022,21.961773613518492,0
2000-07-27,21.519715461135572,22.17041687194022,22.17041687194022,21.519715461135572,0
2000-07-28,21.29683885148464,21.519715461135572,21.519715461135572,21.29683885148464,0
2000-07-31,19.853124043214592,21.29683885148464,21.29683885148464,19.853124043214592,0
2000-08-01,20.231482920575726,19.853124043214592,20.231482920575726,19.853124043214592,0
2000-08-02,20.60133140340054,20.231482920575726,20.60133140340054,20.231482920575726,0
2000-08-03,20.90854152781587,20.60133140340054,20.90854152781587,20.60133140340054,0
2000-08-04,21.34072703026911,20.90854152781587,21.34072703026911,20.90854152781587,0
2000-08-07,21.682673946978273,21.34072703026911,21.682673946978273,21.34072703026911,0
2000-08-08,22.45869615642745,21.682673946978273,22.45869615642745,21.682673946978273,0
2000-08-09,22.712889795390822,22.45869615642745,22.712889795390822,22.45869615642745,0
2000-08-10,22.13832397376448,22.712889795390822,22.712889795390822,22.13832397376448,0
2000-08-11,21.8128446505726,22.13832397376448,22.13832397376448,21.8128446505726,0
2000-08-14,22.117831312014978,21.8128446505726,22.117831312014978,21.8128446505726,0
2000-08-15,22.960191037422184,22.117831312014978,22.960191037422184,22.117831312014978,0
2000-08-16,22.90078358078757,22.960191037422184,22.960191037422184,22.90078358078757,0
2000-08-17,22.654328687507665,22.90078358078757,22.90078358078757,22.654328687507665,0
2000-08-18,23.367136670735917,22.654328687507665,23.367136670735917,22.654328687507665,0
2000-08-21,23.13193446362584,23.367136670735917,23.367136670735917,23.13193446362584,0
2000-08-22,23.506912372066903,23.13193446362584,23.506912372066903,23.13193446362584,0
2000-08-23,23.387977807332625,23.506912372066903,23.506912372066903,23.387977807332625,0
2000-08-24,23.663461494597442,23.387977807332625,23.663461494597442,23.387977807332625,0
2000-08-25,23.882290805147036,23.663461494597442,23.882290805147036,23.663461494597442,0
2000-08-28,23.850848678735794,23.882290805147036,23.882290805147036,23.850848678735794,0
2000-08-29,24.092978882841358,23.850848678735794,24.092978882841358,23.850848678735794,0
2000-08-30,24.10604621830157,24.092978882841358,24.10604621830157,24.092978882841358,0
2000-08-31,23.411946839427,24.10604621830157,24.10604621830157,23.411946839427,0
2000-09-01,24.344522782758386,23.411946839427,24.344522782758386,23.411946839427,0
2000-09-05,24.41755534594028,24.344522782758386,24.41755534594028,24.344522782758386,0
2000-09-06,23.830266484526,24.41755534594028,24.41755534594028,23.830266484526,0
2000-09-07,23.016232006571947,23.830266484526,23.830266484526,23.016232006571947,0
2000-09-08,23.606018449557496,23.016232006571947,23.606018449557496,23.016232006571947,0
2000-09-11,23.120072495567264,23.606018449557496,23.606018449557496,23.120072495567264,0
2000-09-12,23.017050296289288,23.120072495567264,23.120072495567264,23.017050296289288,0
2000-09-13,22.51044216383453,23.017050296289288,23.017050296289288,22.51044216383453,0
2000-09-14,22.686398630352844,22.51044216383453,22.686398630352844,22.51044216383453,0
2000-09-15,23.027503174432443,22.686398630352844,23.027503174432443,22.686398630352844,0
2000-09-18,21.51437755148131,23.027503174432443,23.027503174432443,21.51437755148131,0
2000-09-19,20.918682422911484,21.51437755148131,21.51437755148131,20.918682422911484,0
2000-09-20,21.48653020043812,20.918682422911484,21.48653020043812,20.918682422911484,0
2000-09-21,21.008767488364278,21.48653020043812,21.48653020043812,21.008767488364278,0
2000-09-22,20.048859120252743,21.008767488364278,21.008767488364278,20.048859120252743,0
2000-09-25,21.140669881808435,20.048859120252743,21.140669881808435,20.048859120252743,0
2000-09-26,20.688877996061446,21.140669881808435,21.140669881808435,20.688877996061446,0
2000-09-27,19.893965863251363,20.688877996061446,20.688877996061446,19.893965863251363,0
2000-09-28,20.2068113661308,19.893965863251363,20.2068113661308,19.893965863251363,0
2000-09-29,20.986027744678736,20.2068113661308,20.986027744678736,20.2068113661308,0
2000-10-02,20.387394931698665,20.986027744678736,20.986027744678736,20.387394931698665,0
2000-10-03,20.47905188475291,20.387394931698665,20.47905188475291,20.387394931698665,0
2000-10-04,19.903567296264974,20.47905188475291,20.47905188475291,19.903567296264974,0
2000-10-05,20.399606725357472,19.903567296264974,20.399606725357472,19.903567296264974,0
2000-10-06,20.611015764078882,20.399606725357472,20.611015764078882,20.399606725357472,0
2000-10-09,19.269355999793397,20.611015764078882,20.611015764078882,19.269355999793397,0
2000-10-10,18.832455548301294,19.269355999793397,19.269355999793397,18.832455548301294,0
2000-10-11,17.897831239785475,18.832455548301294,18.832455548301294,17.897831239785475,0
2000-10-12,17.44557811029987,17.897831239785475,17.897831239785475,17.44557811029987,0
2000-10-13,16.138528045739925,17.44557811029987,17.44557811029987,16.138528045739925,0
2000-10-16,17.751145638102763,16.138528045739925,17.751145638102763,16.138528045739925,0
2000-10-17,17.991755105365975,17.751145638102763,17.991755105365975,17.751145638102763,0
2000-10-18,16.647716365669783,17.991755105365975,17.991755105365975,16.647716365669783,0
2000-10-19,16.461148185947565,16.647716365669783,16.647716365669783,16.461148185947565,0
2000-10-20,18.3221169245416,16.461148185947565,18.3221169245416,16.461148185947565,0
2000-10-23,18.55499710059255,18.3221169245416,18.55499710059255,18.3221169245416,0
2000-10-24,18.802280007788088,18.55499710059255,18.802280007788088,18.55499710059255,0
2000-10-25,18.424528437330803,18.802280007788088,18.802280007788088,18.424528437330803,0
2000-10-26,17.123902506914213,18.424528437330803,18.424528437330803,17.123902506914213,0
2000-10-27,17.263943856692546,17.123902506914213,17.263943856692546,17.123902506914213,0
2000-10-30,18.245425849988486,17.263943856692546,18.245425849988486,17.263943856692546,0
2000-10-31,18.7352797097296,18.245425849988486,18.7352797097296,18.245425849988486,0
2000-11-01,19.702472260928676,18.7352797097296,19.702472260928676,18.7352797097296,0
2000-11-02,19.50072600594998,19.702472260928676,19.702472260928676,19.50072600594998,0
2000-11-03,19.59550240636172,19.50072600594998,19.59550240636172,19.50072600594998,0
2000-11-06,19.626180086254095,19.59550240636172,19.626180086254095,19.59550240636172,0
2000-11-07,20.037075736592893,19.626180086254095,20.037075736592893,19.626180086254095,0
2000-11-08,20.02248041568406,20.037075736592893,20.037075736592893,20.02248041568406,0
2000-11-09,18.68902424746126,20.02248041568406,20.02248041568406,18.68902424746126,0
2000-11-10,18.475705665629206,18.68902424746126,18.68902424746126,18.475705665629206,0
2000-11-13,17.126053950645723,18.475705665629206,18.475705665629206,17.126053950645723,0
2000-11-14,16.725211350413595,17.126053950645723,17.126053950645723,16.725211350413595,0
2000-11-15,18.042500438342568,16.725211350413595,18.042500438342568,16.725211350413595,0
2000-11-16,18.21137231802887,18.042500438342568,18.21137231802887,18.042500438342568,0
2000-11-17,17.353635435314896,18.21137231802887,18.21137231802887,17.353635435314896,0
2000-11-20,17.07402832014098,17.353635435314896,17.353635435314896,17.07402832014098,0
2000-11-21,16.34057074199836,17.07402832014098,17.07402832014098,16.34057074199836,0
2000-11-22,16.589574344417755,16.34057074199836,16.589574344417755,16.34057074199836,0
2000-11-24,15.399221741471528,16.589574344417755,16.589574344417755,15.399221741471528,0
2000-11-27,16.343103937201867,15.399221741471528,16.343103937201867,15.399221741471528,0
2000-11-28,16.773614528976115,16.343103937201867,16.773614528976115,16.343103937201867,0
2000-11-29,15.905351247464125,16.773614528976115,16.773614528976115,15.905351247464125,0
2000-11-30,15.814933591593384,15.905351247464125,15.905351247464125,15.814933591593384,0
2000-12-01,15.40262263038841,15.814933591593384,15.814933591593384,15.40262263038841,0
2000-12-04,15.379590584662317,15.40262263038841,15.40262263038841,15.379590584662317,0
2000-12-05,15.771012106483665,15.379590584662317,15.771012106483665,15.379590584662317,0
2000-12-06,17.322144512139076,15.771012106483665,17.322144512139076,15.771012106483665,0
2000-12-07,16.48954189148488,17.322144512139076,17.322144512139076,16.48954189148488,0
2000-12-08,15.809531708168132,16.48954189148488,16.48954189148488,15.809531708168132,0
2000-12-11,15.919231661269329,15.809531708168132,15.919231661269329,15.809531708168132,0
2000-12-12,17.57791004861654,15.919231661269329,17.57791004861654,15.919231661269329,0
2000-12-13,17.350700647331422,17.57791004861654,17.57791004861654,17.350700647331422,0
2000-12-14,16.636430301412386,17.350700647331422,17.350700647331422,16.636430301412386,0
2000-12-15,15.999346379663026,16.636430301412386,16.636430301412386,15.999346379663026,0
2000-12-18,14.914033669961986,15.999346379663026,15.999346379663026,14.914033669961986,0
2000-12-19,15.510732748318588,14.914033669961986,15.510732748318588,14.914033669961986,0
2000-12-20,14.561827987347803,15.510732748318588,15.510732748318588,14.561827987347803,0
2000-12-21,13.295450481478422,14.561827987347803,14.561827987347803,13.295450481478422,0
2000-12-22,13.570888400768581,13.295450481478422,13.570888400768581,13.295450481478422,0
2000-12-26,14.790839076632905,13.570888400768581,14.790839076632905,13.570888400768581,0
2000-12-27,15.266278255516081,14.790839076632905,15.266278255516081,14.790839076632905,0
2000-12-28,15.600377612628831,15.266278255516081,15.600377612628831,15.266278255516081,0
2000-12-29,15.741820210887589,15.600377612628831,15.741820210887589,15.600377612628831,0
2001-01-02,14.846643921001206,15.741820210887589,15.741820210887589,14.846643921001206,0
2001-01-03,14.039177741836466,14.846643921001206,14.846643921001206,14.039177741836466,0
2001-01-04,16.06123424937191,14.039177741836466,16.06123424937191,14.039177741836466,0
2001-01-05,15.54136433999346,16.06123424937191,16.06123424937191,15.54136433999346,0
2001-01-08,14.018230291140638,15.54136433999346,15.54136433999346,14.018230291140638,0
2001-01-09,14.342712114631528,14.018230291140638,14.342712114631528,14.018230291140638,0
2001-01-10,14.228002648892275,14.342712114631528,14.342712114631528,14.228002648892275,0
2001-01-11,14.976851228942548,14.228002648892275,14.976851228942548,14.228002648892275,0
2001-01-12,15.018222201796378,14.976851228942548,15.018222201796378,14.976851228942548,0
2001-01-16,14.931913304201048,15.018222201796378,15.018222201796378,14.931913304201048,0
2001-01-17,15.217122214339364,14.931913304201048,15.217122214339364,14.931913304201048,0
2001-01-18,15.425382799446677,15.217122214339364,15.425382799446677,15.217122214339364,0
2001-01-19,15.884742663178981,15.425382799446677,15.884742663178981,15.425382799446677,0
2001-01-22,15.612847253067489,15.884742663178981,15.884742663178981,15.612847253067489,0
2001-01-23,15.922936370601079,15.612847253067489,15.922936370601079,15.612847253067489,0
2001-01-24,16.297940007144618,15.922936370601079,16.297940007144618,15.922936370601079,0
2001-01-25,16.442809316124656,16.297940007144618,16.442809316124656,16.297940007144618,0
2001-01-26,16.31720946476274,16.442809316124656,16.442809316124656,16.31720946476274,0
2001-01-29,16.25972772516737,16.31720946476274,16.31720946476274,16.25972772516737,0
2001-01-30,16.518795343432192,16.25972772516737,16.518795343432192,16.25972772516737,0
2001-01-31,16.952854714407056,16.518795343432192,16.952854714407056,16.518795343432192,0
2001-02-01,16.663735617114188,16.952854714407056,16.952854714407056,16.663735617114188,0
2001-02-02,16.994454371659426,16.663735617114188,16.994454371659426,16.663735617114188,0
2001-02-05,15.836222318548835,16.994454371659426,16.994454371659426,15.836222318548835,0
2001-02-06,16.183919009693913,15.836222318548835,16.183919009693913,15.836222318548835,0
2001-02-07,16.03968927482987,16.183919009693913,16.183919009693913,16.03968927482987,0
2001-02-08,15.789683602270495,16.03968927482987,16.03968927482987,15.789683602270495,0
2001-02-09,15.236342912847554,15.789683602270495,15.789683602270495,15.236342912847554,0
2001-02-12,14.795659585648922,15.236342912847554,15.236342912847554,14.795659585648922,0
2001-02-13,15.302921493405915,14.795659585648922,15.302921493405915,14.795659585648922,0
2001-02-14,14.926510366968763,15.302921493405915,15.302921493405915,14.926510366968763,0
2001-02-15,14.857684959681132,14.926510366968763,14.926510366968763,14.857684959681132,0
2001-02-16,15.288563518158764,14.857684959681132,15.288563518158764,14.857684959681132,0
2001-02-20,14.276125238214798,15.288563518158764,15.288563518158764,14.276125238214798,0
2001-02-21,13.614881077930272,14.276125238214798,14.276125238214798,13.614881077930272,0
2001-02-22,12.732634088925666,13.614881077930272,13.614881077930272,12.732634088925666,0
2001-02-23,12.789450480949913,12.732634088925666,12.789450480949913,12.732634088925666,0
2001-02-26,12.529251344318443,12.789450480949913,12.789450480949913,12.529251344318443,0
2001-02-27,13.328412374670181,12.529251344318443,13.328412374670181,12.529251344318443,0
2001-02-28,12.957675541627399,13.328412374670181,13.328412374670181,12.957675541627399,0
2001-03-01,12.191169961140394,12.957675541627399,12.957675541627399,12.191169961140394,0
2001-03-02,12.382026177990054,12.191169961140394,12.382026177990054,12.191169961140394,0
2001-03-05,12.085956775169153,12.382026177990054,12.382026177990054,12.085956775169153,0
2001-03-06,12.416521638873444,12.085956775169153,12.416521638873444,12.085956775169153,0
2001-03-07,12.815716597052255,12.416521638873444,12.815716597052255,12.416521638873444,0
2001-03-08,13.089195607888485,12.815716597052255,13.089195607888485,12.815716597052255,0
2001-03-09,13.131488923095358,13.089195607888485,13.131488923095358,13.089195607888485,0
2001-03-12,11.965284580709355,13.131488923095358,13.131488923095358,11.965284580709355,0
2001-03-13,10.427966127806748,11.965284580709355,11.965284580709355,10.427966127806748,0
2001-03-14,10.94115225048043,10.427966127806748,10.94115225048043,10.427966127806748,0
2001-03-15,10.292177276072126,10.94115225048043,10.94115225048043,10.292177276072126,0
2001-03-16,10.299267833183023,10.292177276072126,10.299267833183023,10.292177276072126,0
2001-03-19,9.678765318678183,10.299267833183023,10.299267833183023,9.678765318678183,0
2001-03-20,10.268805823295478,9.678765318678183,10.268805823295478,9.678765318678183,0
2001-03-21,9.441084753346413,10.268805823295478,10.268805823295478,9.441084753346413,0
2001-03-22,8.95922879383043,9.441084753346413,9.441084753346413,8.95922879383043,0
2001-03-23,8.685603856982281,8.95922879383043,8.95922879383043,8.685603856982281,0
2001-03-26,9.472835746619298,8.685603856982281,9.472835746619298,8.685603856982281,0
2001-03-27,9.834563629653609,9.472835746619298,9.834563629653609,9.472835746619298,0
2001-03-28,10.436913213855561,9.834563629653609,10.436913213855561,9.834563629653609,0
2001-03-29,9.57073598570655,10.436913213855561,10.436913213855561,9.57073598570655,0
2001-03-30,9.679818480413463,9.57073598570655,9.679818480413463,9.57073598570655,0
2001-04-02,9.983341464500537,9.679818480413463,9.983341464500537,9.679818480413463,0
2001-04-03,9.343495566514118,9.983341464500537,9.983341464500537,9.343495566514118,0
2001-04-04,8.407634098914295,9.343495566514118,9.343495566514118,8.407634098914295,0
2001-04-05,8.512092302748291,8.407634098914295,8.512092302748291,8.407634098914295,0
2001-04-06,9.478997386104965,8.512092302748291,9.478997386104965,8.512092302748291,0
2001-04-09,9.045727657741878,9.478997386104965,9.478997386104965,9.045727657741878,0
2001-04-10,9.346826266520543,9.045727657741878,9.346826266520543,9.045727657741878,0
2001-04-11,9.85769108309595,9.346826266520543,9.85769108309595,9.346826266520543,0
2001-04-12,9.877214936563055,9.85769108309595,9.877214936563055,9.85769108309595,0
2001-04-16,10.414635981244817,9.877214936563055,10.414635981244817,9.877214936563055,0
2001-04-17,10.085217923736016,10.414635981244817,10.414635981244817,10.085217923736016,0
2001-04-18,10.511545796051864,10.085217923736016,10.511545796051864,10.085217923736016,0
2001-04-19,11.764108815526956,10.511545796051864,11.764108815526956,10.511545796051864,0
2001-04-20,12.232831601008066,11.764108815526956,12.232831601008066,11.764108815526956,0
2001-04-23,11.896028892042818,12.232831601008066,12.232831601008066,11.896028892042818,0
2001-04-24,11.247283559606583,11.896028892042818,11.896028892042818,11.247283559606583,0
2001-04-25,11.064245378276846,11.247283559606583,11.247283559606583,11.064245378276846,0
2001-04-26,11.497497695533486,11.064245378276846,11.497497695533486,11.064245378276846,0
2001-04-27,11.650651134004987,11.497497695533486,11.650651134004987,11.497497695533486,0
2001-04-30,12.231736149090036,11.650651134004987,12.231736149090036,11.650651134004987,0
2001-05-01,12.487533716983396,12.231736149090036,12.487533716983396,12.231736149090036,0
2001-05-02,12.601941678885874,12.487533716983396,12.601941678885874,12.487533716983396,0
2001-05-03,12.532554185004416,12.601941678885874,12.601941678885874,12.532554185004416,0
2001-05-04,12.054283872396528,12.532554185004416,12.532554185004416,12.054283872396528,0
2001-05-07,12.668565283127059,12.054283872396528,12.668565283127059,12.054283872396528,0
2001-05-08,12.339290856434983,12.668565283127059,12.668565283127059,12.339290856434983,0
2001-05-09,12.320761929030969,12.339290856434983,12.339290856434983,12.320761929030969,0
2001-05-10,12.164586741713721,12.320761929030969,12.320761929030969,12.164586741713721,0
2001-05-11,12.271124657247556,12.164586741713721,12.271124657247556,12.164586741713721,0
2001-05-14,12.016057858756918,12.271124657247556,12.271124657247556,12.016057858756918,0
2001-05-15,12.08713420026875,12.016057858756918,12.08713420026875,12.016057858756918,0
2001-05-16,12.253952888213554,12.08713420026875,12.253952888213554,12.08713420026875,0
2001-05-17,13.119674912592851,12.253952888213554,13.119674912592851,12.253952888213554,0
2001-05-18,13.179745468559693,13.119674912592851,13.179745468559693,13.119674912592851,0
2001-05-21,13.359360666163278,13.179745468559693,13.359360666163278,13.179745468559693,0
2001-05-22,13.948374728300706,13.359360666163278,13.948374728300706,13.359360666163278,0
2001-05-23,13.89325273467487,13.948374728300706,13.948374728300706,13.89325273467487,0
2001-05-24,13.185290521701484,13.89325273467487,13.89325273467487,13.185290521701484,0
2001-05-25,13.300598082180356,13.185290521701484,13.300598082180356,13.185290521701484,0
2001-05-29,12.828636572514126,13.300598082180356,13.300598082180356,12.828636572514126,0
2001-05-30,12.521228966244257,12.828636572514126,12.828636572514126,12.521228966244257,0
2001-05-31,11.994116649652497,12.521228966244257,12.521228966244257,11.994116649652497,0
2001-06-01,12.179881811160147,11.994116649652497,12.179881811160147,11.994116649652497,0
2001-06-04,12.405227586051598,12.179881811160147,12.405227586051598,12.179881811160147,0
2001-06-05,12.58343055321381,12.405227586051598,12.58343055321381,12.405227586051598,0
2001-06-06,13.015305499730985,12.58343055321381,13.015305499730985,12.58343055321381,0
2001-06-07,12.68993118428728,13.015305499730985,13.015305499730985,12.68993118428728,0
2001-06-08,12.826091771213703,12.68993118428728,12.826091771213703,12.68993118428728,0
2001-06-11,12.467910981767401,12.826091771213703,12.826091771213703,12.467910981767401,0
2001-06-12,12.201895027816667,12.467910981767401,12.467910981767401,12.201895027816667,0
2001-06-13,12.137102858538436,12.201895027816667,12.201895027816667,12.137102858538436,0
2001-06-14,11.823801827491165,12.137102858538436,12.137102858538436,11.823801827491165,0
2001-06-15,11.027054102034993,11.823801827491165,11.823801827491165,11.027054102034993,0
2001-06-18,11.079522170145975,11.027054102034993,11.079522170145975,11.027054102034993,0
2001-06-19,10.91774221606288,11.079522170145975,11.079522170145975,10.91774221606288,0
2001-06-20,11.060061367102064,10.91774221606288,11.060061367102064,10.91774221606288,0
2001-06-21,11.233579216621532,11.060061367102064,11.233579216621532,11.060061367102064,0
2001-06-22,11.615358249988214,11.233579216621532,11.615358249988214,11.233579216621532,0
2001-06-25,11.341486604362602,11.615358249988214,11.615358249988214,11.341486604362602,0
2001-06-26,11.027686720143091,11.341486604362602,11.341486604362602,11.027686720143091,0
2001-06-27,10.980627146613672,11.027686720143091,11.027686720143091,10.980627146613672,0
2001-06-28,10.960846083911587,10.980627146613672,10.980627146613672,10.960846083911587,0
2001-06-29,11.1413568133782,10.960846083911587,11.1413568133782,10.960846083911587,0
2001-07-02,11.26366361269194,11.1413568133782,11.26366361269194,11.1413568133782,0
2001-07-03,11.684497336600659,11.26366361269194,11.684497336600659,11.26366361269194,0
2001-07-05,11.67514889831473,11.684497336600659,11.684497336600659,11.67514889831473,0
2001-07-06,10.991241242866758,11.67514889831473,11.67514889831473,10.991241242866758,0
2001-07-09,10.277704716623598,10.991241242866758,10.991241242866758,10.277704716623598,0
2001-07-10,10.445284268632673,10.277704716623598,10.445284268632673,10.277704716623598,0
2001-07-11,10.067517766083236,10.445284268632673,10.445284268632673,10.067517766083236,0
2001-07-12,10.097396722624158,10.067517766083236,10.097396722624158,10.067517766083236,0
2001-07-13,10.815693816984282,10.097396722624158,10.815693816984282,10.097396722624158,0
2001-07-16,11.095979436329966,10.815693816984282,11.095979436329966,10.815693816984282,0
2001-07-17,10.678492033482982,11.095979436329966,11.095979436329966,10.678492033482982,0
2001-07-18,10.977587800295291,10.678492033482982,10.977587800295291,10.678492033482982,0
2001-07-19,10.752416316697307,10.977587800295291,10.977587800295291,10.752416316697307,0
2001-07-20,11.03415452513811,10.752416316697307,11.03415452513811,10.752416316697307,0
2001-07-23,10.835363566074399,11.03415452513811,11.03415452513811,10.835363566074399,0
2001-07-24,10.19426814125296,10.835363566074399,10.835363566074399,10.19426814125296,0
2001-07-25,9.897830241409563,10.19426814125296,10.19426814125296,9.897830241409563,0
2001-07-26,10.224771391951668,9.897830241409563,10.224771391951668,9.897830241409563,0
2001-07-27,10.545926270556903,10.224771391951668,10.545926270556903,10.224771391951668,0
2001-07-30,10.666057682868232,10.545926270556903,10.666057682868232,10.545926270556903,0
2001-07-31,10.675843164299511,10.666057682868232,10.675843164299511,10.666057682868232,0
2001-08-01,10.807541738067629,10.675843164299511,10.807541738067629,10.675843164299511,0
2001-08-02,11.009769154485134,10.807541738067629,11.009769154485134,10.807541738067629,0
2001-08-03,11.144190048217688,11.009769154485134,11.144190048217688,11.009769154485134,0
2001-08-06,10.960653392150316,11.144190048217688,11.144190048217688,10.960653392150316,0
2001-08-07,10.517586321397667,10.960653392150316,10.960653392150316,10.517586321397667,0
2001-08-08,10.640059847286112,10.517586321397667,10.640059847286112,10.517586321397667,0
2001-08-09,10.047210022460359,10.640059847286112,10.640059847286112,10.047210022460359,0
2001-08-10,10.135441922135396,10.047210022460359,10.135441922135396,10.047210022460359,0
2001-08-13,10.239548229435975,10.135441922135396,10.239548229435975,10.135441922135396,0
2001-08-14,10.246498581581633,10.239548229435975,10.246498581581633,10.239548229435975,0
2001-08-15,10.232852430202247,10.246498581581633,10.246498581581633,10.232852430202247,0
2001-08-16,9.96695500465447,10.232852430202247,10.232852430202247,9.96695500465447,0
2001-08-17,10.069885863057225,9.96695500465447,10.069885863057225,9.96695500465447,0
2001-08-20,9.585371762062675,10.069885863057225,10.069885863057225,9.585371762062675,0
2001-08-21,9.850635530084132,9.585371762062675,9.850635530084132,9.585371762062675,0
2001-08-22,9.345795384085253,9.850635530084132,9.850635530084132,9.345795384085253,0
2001-08-23,9.635576524144676,9.345795384085253,9.635576524144676,9.345795384085253,0
2001-08-24,9.53108770714568,9.635576524144676,9.635576524144676,9.53108770714568,0
2001-08-27,10.123818550341355,9.53108770714568,10.123818550341355,9.53108770714568,0
2001-08-28,9.941858861306997,10.123818550341355,10.123818550341355,9.941858861306997,0
2001-08-29,9.504987496305889,9.941858861306997,9.941858861306997,9.504987496305889,0
2001-08-30,9.249897152633293,9.504987496305889,9.504987496305889,9.249897152633293,0
2001-08-31,8.716005130948526,9.249897152633293,9.249897152633293,8.716005130948526,0
2001-09-04,8.906858072256732,8.716005130948526,8.906858072256732,8.716005130948526,0
2001-09-05,8.73529733247377,8.906858072256732,8.906858072256732,8.73529733247377,0
2001-09-06,8.79933691341216,8.73529733247377,8.79933691341216,8.73529733247377,0
2001-09-07,8.118386100161871,8.79933691341216,8.79933691341216,8.118386100161871,0
2001-09-10,7.667054796475956,8.118386100161871,8.118386100161871,7.667054796475956,0
2001-09-17,7.947849725110579,7.667054796475956,7.947849725110579,7.667054796475956,0
2001-09-18,6.701434910286577,7.947849725110579,7.947849725110579,6.701434910286577,0
2001-09-19,6.652744699653917,6.701434910286577,6.701434910286577,6.652744699653917,0
2001-09-20,6.249432710908262,6.652744699653917,6.652744699653917,6.249432710908262,0
2001-09-21,5.65314245347534,6.249432710908262,6.249432710908262,5.65314245347534,0
2001-09-24,5.469725741246926,5.65314245347534,5.65314245347534,5.469725741246926,0
2001-09-25,6.046196964332562,5.469725741246926,6.046196964332562,5.469725741246926,0
2001-09-26,6.234868713711873,6.046196964332562,6.234868713711873,6.046196964332562,0
2001-09-27,6.168221078789499,6.234868713711873,6.234868713711873,6.168221078789499,0
2001-09-28,6.328368660524313,6.168221078789499,6.328368660524313,6.168221078789499,0
2001-10-01,6.730710342470906,6.328368660524313,6.730710342470906,6.328368660524313,0
2001-10-02,6.697336551763486,6.730710342470906,6.730710342470906,6.697336551763486,0
2001-10-03,6.949259491293531,6.697336551763486,6.949259491293531,6.697336551763486,0
2001-10-04,7.298236827998521,6.949259491293531,7.298236827998521,6.949259491293531,0
2001-10-05,7.316044268444198,7.298236827998521,7.316044268444198,7.298236827998521,0
2001-10-08,7.272578996959896,7.316044268444198,7.316044268444198,7.272578996959896,0
2001-10-09,7.129607695877648,7.272578996959896,7.272578996959896,7.129607695877648,0
2001-10-10,7.014631060069519,7.129607695877648,7.129607695877648,7.014631060069519,0
2001-10-11,7.482781638856144,7.014631060069519,7.482781638856144,7.014631060069519,0
2001-10-12,7.830385535048235,7.482781638856144,7.830385535048235,7.482781638856144,0
2001-10-15,7.723019387470473,7.830385535048235,7.830385535048235,7.723019387470473,0
2001-10-16,7.680112682429949,7.723019387470473,7.723019387470473,7.680112682429949,0
2001-10-17,7.824981809095966,7.680112682429949,7.824981809095966,7.680112682429949,0
2001-10-18,7.324983925117566,7.824981809095966,7.824981809095966,7.324983925117566,0
2001-10-19,7.277465152354594,7.324983925117566,7.324983925117566,7.277465152354594,0
2001-10-22,7.262688413445169,7.277465152354594,7.277465152354594,7.262688413445169,0
2001-10-23,7.692412959073487,7.262688413445169,7.692412959073487,7.262688413445169,0
2001-10-24,7.573774940099579,7.692412959073487,7.692412959073487,7.573774940099579,0
2001-10-25,7.512704120224052,7.573774940099579,7.573774940099579,7.512704120224052,0
2001-10-26,7.916742686020153,7.512704120224052,7.916742686020153,7.512704120224052,0
2001-10-29,7.8624560440858,7.916742686020153,7.916742686020153,7.8624560440858,0
2001-10-30,7.248233853820894,7.8624560440858,7.8624560440858,7.248233853820894,0
2001-10-31,6.986626673978008,7.248233853820894,7.248233853820894,6.986626673978008,0
2001-11-01,6.915011816558473,6.986626673978008,6.986626673978008,6.915011816558473,0
2001-11-02,7.445866120777474,6.915011816558473,7.445866120777474,6.915011816558473,0
2001-11-05,7.597625304644658,7.445866120777474,7.597625304644658,7.445866120777474,0
2001-11-06,7.895409661409671,7.597625304644658,7.895409661409671,7.597625304644658,0
2001-11-07,8.262875709952429,7.895409661409671,8.262875709952429,7.895409661409671,0
2001-11-08,8.229182281107589,8.262875709952429,8.262875709952429,8.229182281107589,0
2001-11-09,8.3055409099152,8.229182281107589,8.3055409099152,8.229182281107589,0
2001-11-12,8.331451828152199,8.3055409099152,8.331451828152199,8.3055409099152,0
2001-11-13,8.177815661272675,8.331451828152199,8.331451828152199,8.177815661272675,0
2001-11-14,8.729069490323958,8.177815661272675,8.729069490323958,8.177815661272675,0
2001-11-15,8.753553540869504,8.729069490323958,8.753553540869504,8.729069490323958,0
2001-11-16,8.800980165578874,8.753553540869504,8.800980165578874,8.753553540869504,0
2001-11-19,8.683085948261219,8.800980165578874,8.800980165578874,8.683085948261219,0
2001-11-20,9.00360138588229,8.683085948261219,9.00360138588229,8.683085948261219,0
2001-11-21,8.776607213827536,9.00360138588229,9.00360138588229,8.776607213827536,0
2001-11-23,8.601632612463938,8.776607213827536,8.776607213827536,8.601632612463938,0
2001-11-26,8.972081940661841,8.601632612463938,8.972081940661841,8.601632612463938,0
2001-11-27,9.029568611932808,8.972081940661841,9.029568611932808,8.972081940661841,0
2001-11-28,8.912057915356737,9.029568611932808,9.029568611932808,8.912057915356737,0
2001-11-29,8.427284896167015,8.912057915356737,8.912057915356737,8.427284896167015,0
2001-11-30,8.767932894016287,8.427284896167015,8.767932894016287,8.427284896167015,0
2001-12-03,8.579506548231196,8.767932894016287,8.767932894016287,8.579506548231196,0
2001-12-04,8.42538315895187,8.579506548231196,8.579506548231196,8.42538315895187,0
2001-12-05,8.852816677464041,8.42538315895187,8.852816677464041,8.42538315895187,0
2001-12-06,9.338207344312906,8.852816677464041,9.338207344312906,8.852816677464041,0
2001-12-07,9.323185151718116,9.338207344312906,9.338207344312906,9.323185151718116,0
2001-12-10,9.136555647301565,9.323185151718116,9.323185151718116,9.136555647301565,0
2001-12-11,8.623224321621928,9.136555647301565,9.136555647301565,8.623224321621928,0
2001-12-12,8.570550083779304,8.623224321621928,8.623224321621928,8.570550083779304,0
2001-12-13,8.599179939332387,8.570550083779304,8.599179939332387,8.570550083779304,0
2001-12-14,8.097394981908884,8.599179939332387,8.599179939332387,8.097394981908884,0
2001-12-17,8.328736732210768,8.097394981908884,8.328736732210768,8.097394981908884,0
2001-12-18,8.586520706962286,8.328736732210768,8.586520706962286,8.328736732210768,0
2001-12-19,8.739113673351182,8.586520706962286,8.739113673351182,8.586520706962286,0
2001-12-20,8.92314127009681,8.739113673351182,8.92314127009681,8.739113673351182,0
2001-12-21,8.658905580421692,8.92314127009681,8.92314127009681,8.658905580421692,0
2001-12-24,8.815810504314616,8.658905580421692,8.815810504314616,8.658905580421692,0
2001-12-26,8.764518100891046,8.815810504314616,8.815810504314616,8.764518100891046,0
2001-12-27,8.908231693760975,8.764518100891046,8.908231693760975,8.764518100891046,0
2001-12-28,9.06973079187795,8.908231693760975,9.06973079187795,8.908231693760975,0
2001-12-31,9.054977980651326,9.06973079187795,9.06973079187795,9.054977980651326,0
2002-01-02,8.656181498663484,9.054977980651326,9.054977980651326,8.656181498663484,0
2002-01-03,8.934981562823292,8.656181498663484,8.934981562823292,8.656181498663484,0
2002-01-04,9.238247357026752,8.934981562823292,9.238247357026752,8.934981562823292,0
2002-01-07,9.422562429132874,9.238247357026752,9.422562429132874,9.238247357026752,0
2002-01-08,9.222376030886405,9.422562429132874,9.422562429132874,9.222376030886405,0
2002-01-09,9.157707159886906,9.222376030886405,9.222376030886405,9.157707159886906,0
2002-01-10,8.93303161368965,9.157707159886906,9.157707159886906,8.93303161368965,0
2002-01-11,9.050614493233176,8.93303161368965,9.050614493233176,8.93303161368965,0
2002-01-14,8.783273209782662,9.050614493233176,9.050614493233176,8.783273209782662,0
2002-01-15,8.6175419552089,8.783273209782662,8.783273209782662,8.6175419552089,0
2002-01-16,8.82738455925781,8.6175419552089,8.82738455925781,8.6175419552089,0
2002-01-17,8.290874523746863,8.82738455925781,8.82738455925781,8.290874523746863,0
2002-01-18,8.477629352944605,8.290874523746863,8.477629352944605,8.290874523746863,0
2002-01-22,8.36064110889244,8.477629352944605,8.477629352944605,8.36064110889244,0
2002-01-23,8.187110177417532,8.36064110889244,8.36064110889244,8.187110177417532,0
2002-01-24,8.374468611489757,8.187110177417532,8.374468611489757,8.187110177417532,0
2002-01-25,8.451473925136996,8.374468611489757,8.451473925136996,8.374468611489757,0
2002-01-28,8.444143608899227,8.451473925136996,8.451473925136996,8.444143608899227,0
2002-01-29,8.512669773446188,8.444143608899227,8.512669773446188,8.444143608899227,0
2002-01-30,7.709051899246559,8.512669773446188,8.512669773446188,7.709051899246559,0
2002-01-31,8.041919932770355,7.709051899246559,8.041919932770355,7.709051899246559,0
2002-02-01,8.323808587525749,8.041919932770355,8.323808587525749,8.041919932770355,0
2002-02-04,8.206254063050826,8.323808587525749,8.323808587525749,8.206254063050826,0
2002-02-05,7.59370077414141,8.206254063050826,8.206254063050826,7.59370077414141,0
2002-02-06,7.452112395106313,7.59370077414141,7.59370077414141,7.452112395106313,0
2002-02-07,7.355297525913309,7.452112395106313,7.452112395106313,7.355297525913309,0
2002-02-08,7.216704487728161,7.355297525913309,7.355297525913309,7.216704487728161,0
2002-02-11,7.631030152930435,7.216704487728161,7.631030152930435,7.216704487728161,0
2002-02-12,7.911182725616688,7.631030152930435,7.911182725616688,7.631030152930435,0
2002-02-13,7.8360575240080115,7.911182725616688,7.911182725616688,7.8360575240080115,0
2002-02-14,8.085159041314766,7.8360575240080115,8.085159041314766,7.8360575240080115,0
2002-02-15,8.03918385763475,8.085159041314766,8.085159041314766,8.03918385763475,0
2002-02-19,7.78676695948718,8.03918385763475,8.03918385763475,7.78676695948718,0
2002-02-20,7.337461891596368,7.78676695948718,7.78676695948718,7.337461891596368,0
2002-02-21,7.707291650012072,7.337461891596368,7.707291650012072,7.337461891596368,0
2002-02-22,7.227912733552397,7.707291650012072,7.707291650012072,7.227912733552397,0
2002-02-25,7.4956718058773655,7.227912733552397,7.4956718058773655,7.227912733552397,0
2002-02-26,7.866322412528204,7.4956718058773655,7.866322412528204,7.4956718058773655,0
2002-02-27,7.817029799274495,7.866322412528204,7.866322412528204,7.817029799274495,0
2002-02-28,7.9071061131583,7.817029799274495,7.9071061131583,7.817029799274495,0
2002-03-01,7.800263901362701,7.9071061131583,7.9071061131583,7.800263901362701,0
2002-03-04,8.344962196067549,7.800263901362701,8.344962196067549,7.800263901362701,0
2002-03-05,8.78674789861295,8.344962196067549,8.78674789861295,8.344962196067549,0
2002-03-06,8.701814410661045,8.78674789861295,8.78674789861295,8.701814410661045,0
2002-03-07,9.011128104401182,8.701814410661045,9.011128104401182,8.701814410661045,0
2002-03-08,8.952549757399998,9.011128104401182,9.011128104401182,8.952549757399998,0
2002-03-11,9.064838566074798,8.952549757399998,9.064838566074798,8.952549757399998,0
2002-03-12,9.122269718289065,9.064838566074798,9.122269718289065,9.064838566074798,0
2002-03-13,9.105235589130345,9.122269718289065,9.122269718289065,9.105235589130345,0
2002-03-14,8.841108934339811,9.105235589130345,9.105235589130345,8.841108934339811,0
2002-03-15,8.803878459741075,8.841108934339811,8.841108934339811,8.803878459741075,0
2002-03-18,9.054866594347954,8.803878459741075,9.054866594347954,8.803878459741075,0
2002-03-19,9.058835142510835,9.054866594347954,9.058835142510835,9.054866594347954,0
2002-03-20,9.239830072215423,9.058835142510835,9.239830072215423,9.058835142510835,0
2002-03-21,8.717561159662774,9.239830072215423,9.239830072215423,8.717561159662774,0
2002-03-22,8.728242473836193,8.717561159662774,8.728242473836193,8.717561159662774,0
2002-03-25,8.670798864687823,8.728242473836193,8.728242473836193,8.670798864687823,0
2002-03-26,8.3467926884822,8.670798864687823,8.670798864687823,8.3467926884822,0
2002-03-27,8.491625442033989,8.3467926884822,8.491625442033989,8.3467926884822,0
2002-03-28,8.55786222379318,8.491625442033989,8.55786222379318,8.491625442033989,0
2002-04-01,8.546011543052645,8.55786222379318,8.55786222379318,8.546011543052645,0
2002-04-02,8.556555229588845,8.546011543052645,8.556555229588845,8.546011543052645,0
2002-04-03,8.41475426092207,8.556555229588845,8.556555229588845,8.41475426092207,0
2002-04-04,8.23686965258202,8.41475426092207,8.41475426092207,8.23686965258202,0
2002-04-05,8.133590370407664,8.23686965258202,8.23686965258202,8.133590370407664,0
2002-04-08,8.13731055292758,8.133590370407664,8.13731055292758,8.133590370407664,0
2002-04-09,8.188696835057623,8.13731055292758,8.188696835057623,8.13731055292758,0
2002-04-10,8.016205794954175,8.188696835057623,8.188696835057623,8.016205794954175,0
2002-04-11,8.287961311310095,8.016205794954175,8.287961311310095,8.016205794954175,0
2002-04-12,7.669081756058503,8.287961311310095,8.287961311310095,7.669081756058503,0
2002-04-15,7.84116798326867,7.669081756058503,7.84116798326867,7.669081756058503,0
2002-04-16,7.661119116040555,7.84116798326867,7.84116798326867,7.661119116040555,0
2002-04-17,8.207225690674024,7.661119116040555,8.207225690674024,7.661119116040555,0
2002-04-18,8.154395272173012,8.207225690674024,8.207225690674024,8.154395272173012,0
2002-04-19,8.047656734116114,8.154395272173012,8.154395272173012,8.047656734116114,0
2002-04-22,8.135063519569126,8.047656734116114,8.135063519569126,8.047656734116114,0
2002-04-23,7.727975884719034,8.135063519569126,8.135063519569126,7.727975884719034,0
2002-04-24,7.627134369303939,7.727975884719034,7.727975884719034,7.627134369303939,0
2002-04-25,7.396750417100164,7.627134369303939,7.627134369303939,7.396750417100164,0
2002-04-26,7.40835443909211,7.396750417100164,7.40835443909211,7.396750417100164,0
2002-04-29,6.985507233367689,7.40835443909211,7.40835443909211,6.985507233367689,0
2002-04-30,6.881552507232821,6.985507233367689,6.985507233367689,6.881552507232821,0
2002-05-01,7.0742356195694525,6.881552507232821,7.0742356195694525,6.881552507232821,0
2002-05-02,7.333414825663436,7.0742356195694525,7.333414825663436,7.0742356195694525,0
2002-05-03,7.248233848355281,7.333414825663436,7.333414825663436,7.248233848355281,0
2002-05-06,7.011753314520662,7.248233848355281,7.248233848355281,7.011753314520662,0
2002-05-07,6.598652860585619,7.011753314520662,7.011753314520662,6.598652860585619,0
2002-05-08,6.528712923923218,6.598652860585619,6.598652860585619,6.528712923923218,0
2002-05-09,7.256872776017926,6.528712923923218,7.256872776017926,6.528712923923218,0
2002-05-10,7.004686411262973,7.256872776017926,7.256872776017926,7.004686411262973,0
2002-05-13,6.608248404177628,7.004686411262973,7.004686411262973,6.608248404177628,0
2002-05-14,7.010909708781344,6.608248404177628,7.010909708781344,6.608248404177628,0
2002-05-15,7.468588423613659,7.010909708781344,7.468588423613659,7.010909708781344,0
2002-05-16,7.380627282835309,7.468588423613659,7.468588423613659,7.380627282835309,0
2002-05-17,7.495012063731782,7.380627282835309,7.495012063731782,7.380627282835309,0
2002-05-20,7.604459100325672,7.495012063731782,7.604459100325672,7.495012063731782,0
2002-05-21,7.357028052466158,7.604459100325672,7.604459100325672,7.357028052466158,0
2002-05-22,7.155280496602316,7.357028052466158,7.357028052466158,7.155280496602316,0
2002-05-23,7.202139163390537,7.155280496602316,7.202139163390537,7.155280496602316,0
2002-05-24,7.43164642627457,7.202139163390537,7.43164642627457,7.202139163390537,0
2002-05-28,7.145569074077702,7.43164642627457,7.43164642627457,7.145569074077702,0
2002-05-29,7.02866601865052,7.145569074077702,7.145569074077702,7.02866601865052,0
2002-05-30,6.872077561467371,7.02866601865052,7.02866601865052,6.872077561467371,0
2002-05-31,6.81392291895348,6.872077561467371,6.872077561467371,6.81392291895348,0
2002-06-03,6.855437706977042,6.81392291895348,6.855437706977042,6.81392291895348,0
2002-06-04,6.308251907555111,6.855437706977042,6.855437706977042,6.308251907555111,0
2002-06-05,6.35491093977952,6.308251907555111,6.35491093977952,6.308251907555111,0
2002-06-06,6.532997810497006,6.35491093977952,6.532997810497006,6.35491093977952,0
2002-06-07,6.133511884930246,6.532997810497006,6.532997810497006,6.133511884930246,0
2002-06-10,6.1116977472940315,6.133511884930246,6.133511884930246,6.1116977472940315,0
2002-06-11,6.1822048263581655,6.1116977472940315,6.1822048263581655,6.1116977472940315,0
2002-06-12,5.8635100523771815,6.1822048263581655,6.1822048263581655,5.8635100523771815,0
2002-06-13,5.970034071740407,5.8635100523771815,5.970034071740407,5.8635100523771815,0
2002-06-14,5.7897514956322755,5.970034071740407,5.970034071740407,5.7897514956322755,0
2002-06-17,5.763643418426029,5.7897514956322755,5.7897514956322755,5.763643418426029,0
2002-06-18,6.227032289290695,5.763643418426029,6.227032289290695,5.763643418426029,0
2002-06-19,6.3790588351621205,6.227032289290695,6.3790588351621205,6.227032289290695,0
2002-06-20,5.931924113305595,6.3790588351621205,6.3790588351621205,5.931924113305595,0
2002-06-21,5.704078671119921,5.931924113305595,5.931924113305595,5.704078671119921,0
2002-06-24,5.4360771069460165,5.704078671119921,5.704078671119921,5.4360771069460165,0
2002-06-25,5.521079169922384,5.4360771069460165,5.521079169922384,5.4360771069460165,0
2002-06-26,5.148903375841318,5.521079169922384,5.521079169922384,5.148903375841318,0
2002-06-27,5.173850202602196,5.148903375841318,5.173850202602196,5.148903375841318,0
2002-06-28,5.445070035675234,5.173850202602196,5.445070035675234,5.173850202602196,0
2002-07-01,5.367444285760421,5.445070035675234,5.445070035675234,5.367444285760421,0
2002-07-02,5.052990500310886,5.367444285760421,5.367444285760421,5.052990500310886,0
2002-07-03,4.730776736302721,5.052990500310886,5.052990500310886,4.730776736302721,0
2002-07-05,4.811106535412084,4.730776736302721,4.811106535412084,4.730776736302721,0
2002-07-08,5.38500428481845,4.811106535412084,5.38500428481845,4.811106535412084,0
2002-07-09,5.1828856318856245,5.38500428481845,5.38500428481845,5.1828856318856245,0
2002-07-10,4.790873057019403,5.1828856318856245,5.1828856318856245,4.790873057019403,0
2002-07-11,4.2673210904642245,4.790873057019403,4.790873057019403,4.2673210904642245,0
2002-07-12,4.371232755618328,4.2673210904642245,4.371232755618328,4.2673210904642245,0
2002-07-15,4.226862492240523,4.371232755618328,4.371232755618328,4.226862492240523,0
2002-07-16,4.2941933655810605,4.226862492240523,4.2941933655810605,4.226862492240523,0
2002-07-17,4.045541519846093,4.2941933655810605,4.2941933655810605,4.045541519846093,0
2002-07-18,4.0693499746674755,4.045541519846093,4.0693499746674755,4.045541519846093,0
2002-07-19,3.6735004396413786,4.0693499746674755,4.0693499746674755,3.6735004396413786,0
2002-07-22,3.2853724864309704,3.6735004396413786,3.6735004396413786,3.2853724864309704,0
2002-07-23,2.993082195029566,3.2853724864309704,3.2853724864309704,2.993082195029566,0
2002-07-24,2.747072876414601,2.993082195029566,2.993082195029566,2.747072876414601,0
2002-07-25,3.238557530955447,2.747072876414601,3.238557530955447,2.747072876414601,0
2002-07-26,3.1557410925758296,3.238557530955447,3.238557530955447,3.1557410925758296,0
2002-07-29,3.3358266580686116,3.1557410925758296,3.3358266580686116,3.1557410925758296,0
2002-07-30,3.8230887606940724,3.3358266580686116,3.8230887606940724,3.3358266580686116,0
2002-07-31,3.9722839977637983,3.8230887606940724,3.9722839977637983,3.8230887606940724,0
2002-08-01,4.000811472011516,3.9722839977637983,4.000811472011516,3.9722839977637983,0
2002-08-02,3.6871445047549245,4.000811472011516,4.000811472011516,3.6871445047549245,0
2002-08-05,3.438932830571408,3.6871445047549245,3.6871445047549245,3.438932830571408,0
2002-08-06,3.079673138469905,3.438932830571408,3.438932830571408,3.079673138469905,0
2002-08-07,3.3904625496128,3.079673138469905,3.3904625496128,3.079673138469905,0
2002-08-08,3.567574939859824,3.3904625496128,3.567574939859824,3.3904625496128,0
2002-08-09,3.9135340369997578,3.567574939859824,3.9135340369997578,3.567574939859824,0
2002-08-12,3.957133885204116,3.9135340369997578,3.957133885204116,3.9135340369997578,0
2002-08-13,3.8697048912995746,3.957133885204116,3.957133885204116,3.8697048912995746,0
2002-08-14,3.6580303174792115,3.8697048912995746,3.8697048912995746,3.6580303174792115,0
2002-08-15,4.058622410536009,3.6580303174792115,4.058622410536009,3.6580303174792115,0
2002-08-16,4.227318099417048,4.058622410536009,4.227318099417048,4.058622410536009,0
2002-08-19,4.1890145155601255,4.227318099417048,4.227318099417048,4.1890145155601255,0
2002-08-20,4.482586855752726,4.1890145155601255,4.482586855752726,4.1890145155601255,0
2002-08-21,4.339879031833286,4.482586855752726,4.482586855752726,4.339879031833286,0
2002-08-22,4.52713969217581,4.339879031833286,4.52713969217581,4.339879031833286,0
2002-08-23,4.658714811990831,4.52713969217581,4.658714811990831,4.52713969217581,0
2002-08-26,4.35767287666661,4.658714811990831,4.658714811990831,4.35767287666661,0
2002-08-27,4.4485426482320145,4.35767287666661,4.4485426482320145,4.35767287666661,0
2002-08-28,4.294108541932262,4.4485426482320145,4.4485426482320145,4.294108541932262,0
2002-08-29,4.011950189748691,4.294108541932262,4.294108541932262,4.011950189748691,0
2002-08-30,4.016876206755895,4.011950189748691,4.016876206755895,4.011950189748691,0
2002-09-03,3.969482104972294,4.016876206755895,4.016876206755895,3.969482104972294,0
2002-09-04,3.5150589121447484,3.969482104972294,3.969482104972294,3.5150589121447484,0
2002-09-05,3.6652983506856014,3.5150589121447484,3.6652983506856014,3.5150589121447484,0
2002-09-06,3.5716886090317037,3.6652983506856014,3.6652983506856014,3.5716886090317037,0
2002-09-09,3.7186584015977413,3.5716886090317037,3.7186584015977413,3.5716886090317037,0
2002-09-10,3.8001910072670824,3.7186584015977413,3.8001910072670824,3.7186584015977413,0
2002-09-11,3.9306848815039963,3.8001910072670824,3.9306848815039963,3.8001910072670824,0
2002-09-12,3.857090787571256,3.9306848815039963,3.9306848815039963,3.857090787571256,0
2002-09-13,3.643480938800825,3.857090787571256,3.857090787571256,3.643480938800825,0
2002-09-16,3.670082475991776,3.643480938800825,3.670082475991776,3.643480938800825,0
2002-09-17,3.696821258525814,3.670082475991776,3.696821258525814,3.670082475991776,0
2002-09-18,3.4423839906732487,3.696821258525814,3.696821258525814,3.4423839906732487,0
2002-09-19,3.3386511324187302,3.4423839906732487,3.4423839906732487,3.3386511324187302,0
2002-09-20,3.0792143229049,3.3386511324187302,3.3386511324187302,3.0792143229049,0
2002-09-23,3.082050072087041,3.0792143229049,3.082050072087041,3.0792143229049,0
2002-09-24,3.006178201282628,3.082050072087041,3.082050072087041,3.006178201282628,0
2002-09-25,2.860419081733283,3.006178201282628,3.006178201282628,2.860419081733283,0
2002-09-26,3.0728874318777106,2.860419081733283,3.0728874318777106,2.860419081733283,0
2002-09-27,3.2234794084718836,3.0728874318777106,3.2234794084718836,3.0728874318777106,0
2002-09-30,2.8870756271461073,3.2234794084718836,3.2234794084718836,2.8870756271461073,0
2002-10-01,2.7863834393817286,2.8870756271461073,2.8870756271461073,2.7863834393817286,0
2002-10-02,3.18782662857908,2.7863834393817286,3.18782662857908,2.7863834393817286,0
2002-10-03,2.900864236554517,3.18782662857908,3.18782662857908,2.900864236554517,0
2002-10-04,2.8127220240380693,2.900864236554517,2.900864236554517,2.8127220240380693,0
2002-10-07,2.657712810298867,2.8127220240380693,2.8127220240380693,2.657712810298867,0
2002-10-08,2.492716786910536,2.657712810298867,2.657712810298867,2.492716786910536,0
2002-10-09,2.6097197248444353,2.492716786910536,2.6097197248444353,2.492716786910536,0
2002-10-10,2.3883895323581985,2.6097197248444353,2.6097197248444353,2.3883895323581985,0
2002-10-11,2.620321098605305,2.3883895323581985,2.620321098605305,2.3883895323581985,0
2002-10-14,2.96427261766733,2.620321098605305,2.96427261766733,2.620321098605305,0
2002-10-15,3.0137157084912003,2.96427261766733,3.0137157084912003,2.96427261766733,0
2002-10-16,3.4482886991752792,3.0137157084912003,3.4482886991752792,3.0137157084912003,0
2002-10-17,3.197279380192938,3.4482886991752792,3.4482886991752792,3.197279380192938,0
2002-10-18,3.387651750014947,3.197279380192938,3.387651750014947,3.197279380192938,0
2002-10-21,3.4299970510738396,3.387651750014947,3.4299970510738396,3.387651750014947,0
2002-10-22,3.6073485234247196,3.4299970510738396,3.6073485234247196,3.4299970510738396,0
2002-10-23,3.529063794198802,3.6073485234247196,3.6073485234247196,3.529063794198802,0
2002-10-24,3.6092172948369874,3.529063794198802,3.6092172948369874,3.529063794198802,0
2002-10-25,3.3880689885851942,3.6092172948369874,3.6092172948369874,3.3880689885851942,0
2002-10-28,3.5994708961814945,3.3880689885851942,3.5994708961814945,3.3880689885851942,0
2002-10-29,3.5285691204131626,3.5994708961814945,3.5994708961814945,3.5285691204131626,0
2002-10-30,3.4054480100921043,3.5285691204131626,3.5285691204131626,3.4054480100921043,0
2002-10-31,3.504380189208849,3.4054480100921043,3.504380189208849,3.4054480100921043,0
2002-11-01,3.397139497360157,3.504380189208849,3.504380189208849,3.397139497360157,0
2002-11-04,3.5983645748177,3.397139497360157,3.5983645748177,3.397139497360157,0
2002-11-05,3.700935874244348,3.5983645748177,3.700935874244348,3.5983645748177,0
2002-11-06,3.788370139680663,3.700935874244348,3.788370139680663,3.700935874244348,0
2002-11-07,3.935330660453314,3.788370139680663,3.935330660453314,3.788370139680663,0
2002-11-08,3.64571762952461,3.935330660453314,3.935330660453314,3.64571762952461,0
2002-11-11,3.511682397462805,3.64571762952461,3.64571762952461,3.511682397462805,0
2002-11-12,3.348077473560338,3.511682397462805,3.511682397462805,3.348077473560338,0
2002-11-13,3.427487687624012,3.348077473560338,3.427487687624012,3.348077473560338,0
2002-11-14,3.437626595613905,3.427487687624012,3.437626595613905,3.427487687624012,0
2002-11-15,3.6319255773213945,3.437626595613905,3.6319255773213945,3.437626595613905,0
2002-11-18,3.7121123515090098,3.6319255773213945,3.7121123515090098,3.6319255773213945,0
2002-11-19,3.5997296547712523,3.7121123515090098,3.7121123515090098,3.5997296547712523,0
2002-11-20,3.5851378817763235,3.5997296547712523,3.5997296547712523,3.5851378817763235,0
2002-11-21,3.824114196379424,3.5851378817763235,3.824114196379424,3.5851378817763235,0
2002-11-22,4.037446316048951,3.824114196379424,4.037446316048951,3.824114196379424,0
2002-11-25,3.9508884451595363,4.037446316048951,4.037446316048951,3.9508884451595363,0
2002-11-26,3.9582040624231842,3.9508884451595363,3.9582040624231842,3.9508884451595363,0
2002-11-27,3.7317935785144947,3.9582040624231842,3.9582040624231842,3.7317935785144947,0
2002-11-29,4.046496561081961,3.7317935785144947,4.046496561081961,3.7317935785144947,0
2002-12-02,4.00756476678368,4.046496561081961,4.046496561081961,4.00756476678368,0
2002-12-03,4.026447680448948,4.00756476678368,4.026447680448948,4.00756476678368,0
2002-12-04,3.8644506505114182,4.026447680448948,4.026447680448948,3.8644506505114182,0
2002-12-05,3.81172734626489,3.8644506505114182,3.8644506505114182,3.81172734626489,0
2002-12-06,3.685272422101316,3.81172734626489,3.81172734626489,3.685272422101316,0
2002-12-09,3.7575481743166677,3.685272422101316,3.7575481743166677,3.685272422101316,0
2002-12-10,3.447368955307483,3.7575481743166677,3.7575481743166677,3.447368955307483,0
2002-12-11,3.5857664458978755,3.447368955307483,3.5857664458978755,3.447368955307483,0
2002-12-12,3.5949916981112824,3.5857664458978755,3.5949916981112824,3.5857664458978755,0
2002-12-13,3.5935223975246378,3.5949916981112824,3.5949916981112824,3.5935223975246378,0
2002-12-16,3.4234132656715017,3.5935223975246378,3.5935223975246378,3.4234132656715017,0
2002-12-17,3.688705594940415,3.4234132656715017,3.688705594940415,3.4234132656715017,0
2002-12-18,3.5918415027848134,3.688705594940415,3.688705594940415,3.5918415027848134,0
2002-12-19,3.4670198507427124,3.5918415027848134,3.5918415027848134,3.4670198507427124,0
2002-12-20,3.392630838433561,3.4670198507427124,3.4670198507427124,3.392630838433561,0
2002-12-23,3.5375998872812766,3.392630838433561,3.5375998872812766,3.392630838433561,0
2002-12-24,3.5408784991798226,3.5375998872812766,3.5408784991798226,3.5375998872812766,0
2002-12-26,3.4615440829611823,3.5408784991798226,3.5408784991798226,3.4615440829611823,0
2002-12-27,3.4659299288018133,3.4615440829611823,3.4659299288018133,3.4615440829611823,0
2002-12-30,3.231865626708502,3.4659299288018133,3.4659299288018133,3.231865626708502,0
2002-12-31,3.312613687044586,3.231865626708502,3.312613687044586,3.231865626708502,0
2003-01-02,3.3258997184771393,3.312613687044586,3.3258997184771393,3.312613687044586,0
2003-01-03,3.6468204566830846,3.3258997184771393,3.6468204566830846,3.3258997184771393,0
2003-01-06,3.6801791612373225,3.6468204566830846,3.6801791612373225,3.6468204566830846,0
2003-01-07,3.8744834727538526,3.6801791612373225,3.8744834727538526,3.6801791612373225,0
2003-01-08,3.8454385234705017,3.8744834727538526,3.8744834727538526,3.8454385234705017,0
2003-01-09,3.678436113610102,3.8454385234705017,3.8454385234705017,3.678436113610102,0
2003-01-10,3.849621379833728,3.678436113610102,3.849621379833728,3.678436113610102,0
2003-01-13,3.880438154027974,3.849621379833728,3.880438154027974,3.849621379833728,0
2003-01-14,3.876393643230463,3.880438154027974,3.880438154027974,3.876393643230463,0
2003-01-15,3.9135980305819884,3.876393643230463,3.9135980305819884,3.876393643230463,0
2003-01-16,3.7963096257459967,3.9135980305819884,3.9135980305819884,3.7963096257459967,0
2003-01-17,3.749182560807395,3.7963096257459967,3.7963096257459967,3.749182560807395,0
2003-01-21,3.5826648990029346,3.749182560807395,3.749182560807395,3.5826648990029346,0
2003-01-22,3.415237903755848,3.5826648990029346,3.5826648990029346,3.415237903755848,0
2003-01-23,3.290996700236464,3.415237903755848,3.415237903755848,3.290996700236464,0
2003-01-24,3.351217302204978,3.290996700236464,3.351217302204978,3.290996700236464,0
2003-01-27,3.0868982148032638,3.351217302204978,3.351217302204978,3.0868982148032638,0
2003-01-28,2.9601552982234534,3.0868982148032638,3.0868982148032638,2.9601552982234534,0
2003-01-29,3.0255975596898734,2.9601552982234534,3.0255975596898734,2.9601552982234534,0
2003-01-30,3.0941105118849235,3.0255975596898734,3.0941105118849235,3.0255975596898734,0
2003-01-31,2.8738402840333435,3.0941105118849235,3.0941105118849235,2.8738402840333435,0
2003-02-03,3.0400719699719243,2.8738402840333435,3.0400719699719243,2.8738402840333435,0
2003-02-04,3.0578540556845053,3.0400719699719243,3.0578540556845053,3.0400719699719243,0
2003-02-05,2.9671940934963192,3.0578540556845053,3.0578540556845053,2.9671940934963192,0
2003-02-06,2.9117093650527353,2.9671940934963192,2.9671940934963192,2.9117093650527353,0
2003-02-07,2.8703077931933625,2.9117093650527353,2.9117093650527353,2.8703077931933625,0
2003-02-10,2.7650690133549687,2.8703077931933625,2.8703077931933625,2.7650690133549687,0
2003-02-11,2.8235279473426984,2.7650690133549687,2.8235279473426984,2.7650690133549687,0
2003-02-12,2.7648342151151684,2.8235279473426984,2.8235279473426984,2.7648342151151684,0
2003-02-13,2.6323975114605385,2.7648342151151684,2.7648342151151684,2.6323975114605385,0
2003-02-14,2.656249155806498,2.6323975114605385,2.656249155806498,2.6323975114605385,0
2003-02-18,2.830225686380074,2.656249155806498,2.830225686380074,2.656249155806498,0
2003-02-19,2.9793455503550392,2.830225686380074,2.9793455503550392,2.830225686380074,0
2003-02-20,2.9321452318298666,2.9793455503550392,2.9793455503550392,2.9321452318298666,0
2003-02-21,2.8441416120173506,2.9321452318298666,2.9321452318298666,2.8441416120173506,0
2003-02-24,2.9299310703384913,2.8441416120173506,2.9299310703384913,2.8441416120173506,0
2003-02-25,2.7873041480396474,2.9299310703384913,2.9299310703384913,2.7873041480396474,0
2003-02-26,2.853948184654912,2.7873041480396474,2.853948184654912,2.7873041480396474,0
2003-02-27,2.729061204882048,2.853948184654912,2.853948184654912,2.729061204882048,0
2003-02-28,2.8370471308278673,2.729061204882048,2.8370471308278673,2.729061204882048,0
2003-03-03,2.893344529860382,2.8370471308278673,2.893344529860382,2.8370471308278673,0
2003-03-04,2.8103068586511126,2.893344529860382,2.893344529860382,2.8103068586511126,0
2003-03-05,2.6757446808177634,2.8103068586511126,2.8103068586511126,2.6757446808177634,0
2003-03-06,2.7434474183240054,2.6757446808177634,2.7434474183240054,2.6757446808177634,0
2003-03-07,2.6741998018217297,2.7434474183240054,2.7434474183240054,2.6741998018217297,0
2003-03-10,2.729264008508421,2.6741998018217297,2.729264008508421,2.6741998018217297,0
2003-03-11,2.532516281228993,2.729264008508421,2.729264008508421,2.532516281228993,0
2003-03-12,2.4575838867988935,2.532516281228993,2.532516281228993,2.4575838867988935,0
2003-03-13,2.5068465565282927,2.4575838867988935,2.5068465565282927,2.4575838867988935,0
2003-03-14,2.7664293913227835,2.5068465565282927,2.7664293913227835,2.5068465565282927,0
2003-03-17,2.792935296447837,2.7664293913227835,2.792935296447837,2.7664293913227835,0
2003-03-18,3.0566481899685654,2.792935296447837,3.0566481899685654,2.792935296447837,0
2003-03-19,3.1103103044177156,3.0566481899685654,3.1103103044177156,3.0566481899685654,0
2003-03-20,3.1816946102998216,3.1103103044177156,3.1816946102998216,3.1103103044177156,0
2003-03-21,3.2020672149766587,3.1816946102998216,3.2020672149766587,3.1816946102998216,0
2003-03-24,3.406872737526645,3.2020672149766587,3.406872737526645,3.2020672149766587,0
2003-03-25,3.0669491247104435,3.406872737526645,3.406872737526645,3.0669491247104435,0
2003-03-26,3.15481178675929,3.0669491247104435,3.15481178675929,3.0669491247104435,0
2003-03-27,3.1069885869612244,3.15481178675929,3.15481178675929,3.1069885869612244,0
2003-03-28,3.1142510480521928,3.1069885869612244,3.1142510480521928,3.1069885869612244,0
2003-03-31,3.0668476684071444,3.1142510480521928,3.1142510480521928,3.0668476684071444,0
2003-04-01,2.857577565708568,3.0668476684071444,3.0668476684071444,2.857577565708568,0
2003-04-02,2.9888789818006907,2.857577565708568,2.9888789818006907,2.857577565708568,0
2003-04-03,3.2054153034448136,2.9888789818006907,3.2054153034448136,2.9888789818006907,0
2003-04-04,3.1593377924229684,3.2054153034448136,3.2054153034448136,3.1593377924229684,0
2003-04-07,3.215296033535696,3.1593377924229684,3.215296033535696,3.1593377924229684,0
2003-04-08,3.196473810392278,3.215296033535696,3.215296033535696,3.196473810392278,0
2003-04-09,3.2114722202837043,3.196473810392278,3.2114722202837043,3.196473810392278,0
2003-04-10,3.084506513515857,3.2114722202837043,3.2114722202837043,3.084506513515857,0
2003-04-11,3.135306604032567,3.084506513515857,3.135306604032567,3.084506513515857,0
2003-04-14,3.0963784579147497,3.135306604032567,3.135306604032567,3.0963784579147497,0
2003-04-15,3.288001547911159,3.0963784579147497,3.288001547911159,3.0963784579147497,0
2003-04-16,3.3797927843162823,3.288001547911159,3.3797927843162823,3.288001547911159,0
2003-04-17,3.2067406590603205,3.3797927843162823,3.3797927843162823,3.2067406590603205,0
2003-04-21,3.3492988661933767,3.2067406590603205,3.3492988661933767,3.2067406590603205,0
2003-04-22,3.3591429447472283,3.3492988661933767,3.3591429447472283,3.3492988661933767,0
2003-04-23,3.548859396837134,3.3591429447472283,3.548859396837134,3.3591429447472283,0
2003-04-24,3.646504273333189,3.548859396837134,3.646504273333189,3.548859396837134,0
2003-04-25,3.5489197958184704,3.646504273333189,3.646504273333189,3.5489197958184704,0
2003-04-28,3.416953311584266,3.5489197958184704,3.5489197958184704,3.416953311584266,0
2003-04-29,3.5939299559039246,3.416953311584266,3.5939299559039246,3.416953311584266,0
2003-04-30,3.631250535126627,3.5939299559039246,3.631250535126627,3.5939299559039246,0
2003-05-01,3.6073134563394182,3.631250535126627,3.631250535126627,3.6073134563394182,0
2003-05-02,3.6058644245301372,3.6073134563394182,3.6073134563394182,3.6058644245301372,0
2003-05-05,3.759791837197048,3.6058644245301372,3.759791837197048,3.6058644245301372,0
2003-05-06,3.7377277972941045,3.759791837197048,3.759791837197048,3.7377277972941045,0
2003-05-07,3.8435180978716166,3.7377277972941045,3.8435180978716166,3.7377277972941045,0
2003-05-08,3.7793714465163135,3.8435180978716166,3.8435180978716166,3.7793714465163135,0
2003-05-09,3.664966413938355,3.7793714465163135,3.7793714465163135,3.664966413938355,0
2003-05-12,3.816914414943087,3.664966413938355,3.816914414943087,3.664966413938355,0
2003-05-13,3.957118678635099,3.816914414943087,3.957118678635099,3.816914414943087,0
2003-05-14,3.935543515859652,3.957118678635099,3.957118678635099,3.935543515859652,0
2003-05-15,3.9103147085456427,3.935543515859652,3.935543515859652,3.9103147085456427,0
2003-05-16,3.9844963684039953,3.9103147085456427,3.9844963684039953,3.9103147085456427,0
2003-05-19,3.954031703210374,3.9844963684039953,3.9844963684039953,3.954031703210374,0
2003-05-20,3.676154875562776,3.954031703210374,3.954031703210374,3.676154875562776,0
2003-05-21,3.6532526618874237,3.676154875562776,3.676154875562776,3.6532526618874237,0
2003-05-22,3.6755046247699807,3.6532526618874237,3.6755046247699807,3.6532526618874237,0
2003-05-23,3.7847126268480324,3.6755046247699807,3.7847126268480324,3.6755046247699807,0
2003-05-27,3.807482774391672,3.7847126268480324,3.807482774391672,3.7847126268480324,0
2003-05-28,4.006992450286915,3.807482774391672,4.006992450286915,3.807482774391672,0
2003-05-29,4.04071041714919,4.006992450286915,4.04071041714919,4.006992450286915,0
2003-05-30,4.008728414191145,4.04071041714919,4.04071041714919,4.008728414191145,0
2003-06-02,4.201251246357641,4.008728414191145,4.201251246357641,4.008728414191145,0
2003-06-03,4.252936468462759,4.201251246357641,4.252936468462759,4.201251246357641,0
2003-06-04,4.3050335796498675,4.252936468462759,4.3050335796498675,4.252936468462759,0
2003-06-05,4.491007534558036,4.3050335796498675,4.491007534558036,4.3050335796498675,0
2003-06-06,4.557240585763024,4.491007534558036,4.557240585763024,4.491007534558036,0
2003-06-09,4.503391307780174,4.557240585763024,4.557240585763024,4.503391307780174,0
2003-06-10,4.365576067747584,4.503391307780174,4.503391307780174,4.365576067747584,0
2003-06-11,4.498549569327061,4.365576067747584,4.498549569327061,4.365576067747584,0
2003-06-12,4.640980734008463,4.498549569327061,4.640980734008463,4.498549569327061,0
2003-06-13,4.683663762152401,4.640980734008463,4.683663762152401,4.640980734008463,0
2003-06-16,4.536672576763084,4.683663762152401,4.683663762152401,4.536672576763084,0
2003-06-17,4.823394506853013,4.536672576763084,4.823394506853013,4.536672576763084,0
2003-06-18,4.82302892417412,4.823394506853013,4.823394506853013,4.82302892417412,0
2003-06-19,4.809857131110748,4.82302892417412,4.82302892417412,4.809857131110748,0
2003-06-20,4.5892888975386334,4.809857131110748,4.809857131110748,4.5892888975386334,0
2003-06-23,4.558552333342736,4.5892888975386334,4.5892888975386334,4.558552333342736,0
2003-06-24,4.41792603607392,4.558552333342736,4.558552333342736,4.41792603607392,0
2003-06-25,4.431060409994775,4.41792603607392,4.431060409994775,4.41792603607392,0
2003-06-26,4.29714430312572,4.431060409994775,4.431060409994775,4.29714430312572,0
2003-06-27,4.464685351456023,4.29714430312572,4.464685351456023,4.29714430312572,0
2003-06-30,4.309801610406443,4.464685351456023,4.464685351456023,4.309801610406443,0
2003-07-01,4.305500559538645,4.309801610406443,4.309801610406443,4.305500559538645,0
2003-07-02,4.424239155233481,4.305500559538645,4.424239155233481,4.305500559538645,0
2003-07-03,4.590951678669826,4.424239155233481,4.590951678669826,4.424239155233481,0
2003-07-07,4.448410222230905,4.590951678669826,4.590951678669826,4.448410222230905,0
2003-07-08,4.712985096737878,4.448410222230905,4.712985096737878,4.448410222230905,0
2003-07-09,4.775808734304838,4.712985096737878,4.775808734304838,4.712985096737878,0
2003-07-10,4.694708047695101,4.775808734304838,4.775808734304838,4.694708047695101,0
2003-07-11,4.51511167193542,4.694708047695101,4.694708047695101,4.51511167193542,0
2003-07-14,4.642998979414457,4.51511167193542,4.642998979414457,4.51511167193542,0
2003-07-15,4.71073082580643,4.642998979414457,4.71073082580643,4.642998979414457,0
2003-07-16,4.679508997234176,4.71073082580643,4.71073082580643,4.679508997234176,0
2003-07-17,4.596746188543805,4.679508997234176,4.679508997234176,4.596746188543805,0
2003-07-18,4.400416307315721,4.596746188543805,4.596746188543805,4.400416307315721,0
2003-07-21,4.535456245029472,4.400416307315721,4.535456245029472,4.400416307315721,0
2003-07-22,4.366925037499218,4.535456245029472,4.535456245029472,4.366925037499218,0
2003-07-23,4.485234294110484,4.366925037499218,4.485234294110484,4.366925037499218,0
2003-07-24,4.49438584822982,4.485234294110484,4.49438584822982,4.485234294110484,0
2003-07-25,4.392147378656062,4.49438584822982,4.49438584822982,4.392147378656062,0
2003-07-28,4.624597049989752,4.392147378656062,4.624597049989752,4.392147378656062,0
2003-07-29,4.573034310672506,4.624597049989752,4.624597049989752,4.573034310672506,0
2003-07-30,4.509489341328706,4.573034310672506,4.573034310672506,4.509489341328706,0
2003-07-31,4.476483708771177,4.509489341328706,4.509489341328706,4.476483708771177,0
2003-08-01,4.507298743448587,4.476483708771177,4.507298743448587,4.476483708771177,0
2003-08-04,4.387236936294464,4.507298743448587,4.507298743448587,4.387236936294464,0
2003-08-05,4.386904411590166,4.387236936294464,4.387236936294464,4.386904411590166,0
2003-08-06,4.107347615989843,4.386904411590166,4.386904411590166,4.107347615989843,0
2003-08-07,4.1786009974856935,4.107347615989843,4.1786009974856935,4.107347615989843,0
2003-08-08,4.310135357620016,4.1786009974856935,4.310135357620016,4.1786009974856935,0
2003-08-11,4.346751125572136,4.310135357620016,4.346751125572136,4.310135357620016,0
2003-08-12,4.395512107934915,4.346751125572136,4.395512107934915,4.346751125572136,0
2003-08-13,4.515480911689933,4.395512107934915,4.515480911689933,4.395512107934915,0
2003-08-14,4.445736160875623,4.515480911689933,4.515480911689933,4.445736160875623,0
2003-08-15,4.481764072202737,4.445736160875623,4.481764072202737,4.445736160875623,0
2003-08-18,4.523397050436862,4.481764072202737,4.523397050436862,4.481764072202737,0
2003-08-19,4.6401952219340235,4.523397050436862,4.6401952219340235,4.523397050436862,0
2003-08-20,4.692495015580237,4.6401952219340235,4.692495015580237,4.6401952219340235,0
2003-08-21,4.634916396764452,4.692495015580237,4.692495015580237,4.634916396764452,0
2003-08-22,4.678866210548787,4.634916396764452,4.678866210548787,4.634916396764452,0
2003-08-25,4.5392132486590295,4.678866210548787,4.678866210548787,4.5392132486590295,0
2003-08-26,4.560699931524553,4.5392132486590295,4.560699931524553,4.5392132486590295,0
2003-08-27,4.585006100858031,4.560699931524553,4.585006100858031,4.560699931524553,0
2003-08-28,4.588780097958409,4.585006100858031,4.588780097958409,4.585006100858031,0
2003-08-29,4.6736632975630314,4.588780097958409,4.6736632975630314,4.588780097958409,0
2003-09-02,4.76793073397062,4.6736632975630314,4.76793073397062,4.6736632975630314,0
2003-09-03,4.959337210374845,4.76793073397062,4.959337210374845,4.76793073397062,0
2003-09-04,5.040015547176634,4.959337210374845,5.040015547176634,4.959337210374845,0
2003-09-05,5.046937359498114,5.040015547176634,5.046937359498114,5.040015547176634,0
2003-09-08,4.961638808893208,5.046937359498114,5.046937359498114,4.961638808893208,0
2003-09-09,5.084308451265463,4.961638808893208,5.084308451265463,4.961638808893208,0
2003-09-10,4.9838849568694945,5.084308451265463,5.084308451265463,4.9838849568694945,0
2003-09-11,4.832528347252314,4.9838849568694945,4.9838849568694945,4.832528347252314,0
2003-09-12,4.874825591509196,4.832528347252314,4.874825591509196,4.832528347252314,0
2003-09-15,4.901621614367904,4.874825591509196,4.901621614367904,4.874825591509196,0
2003-09-16,4.849587611410505,4.901621614367904,4.901621614367904,4.849587611410505,0
2003-09-17,5.061552156222275,4.849587611410505,5.061552156222275,4.849587611410505,0
2003-09-18,5.031849840190146,5.061552156222275,5.061552156222275,5.031849840190146,0
2003-09-19,5.2096173982008676,5.031849840190146,5.2096173982008676,5.031849840190146,0
2003-09-22,5.129728048805675,5.2096173982008676,5.2096173982008676,5.129728048805675,0
2003-09-23,4.963078604589273,5.129728048805675,5.129728048805675,4.963078604589273,0
2003-09-24,5.019334021205159,4.963078604589273,5.019334021205159,4.963078604589273,0
2003-09-25,4.751255569862093,5.019334021205159,5.019334021205159,4.751255569862093,0
2003-09-26,4.633897378801962,4.751255569862093,4.751255569862093,4.633897378801962,0
2003-09-29,4.587792532473913,4.633897378801962,4.633897378801962,4.587792532473913,0
2003-09-30,4.722390572430137,4.587792532473913,4.722390572430137,4.587792532473913,0
2003-10-01,4.5844764967105185,4.722390572430137,4.722390572430137,4.5844764967105185,0
2003-10-02,4.877218882085057,4.5844764967105185,4.877218882085057,4.5844764967105185,0
2003-10-03,4.929891401372865,4.877218882085057,4.929891401372865,4.877218882085057,0
2003-10-06,5.065207968064887,4.929891401372865,5.065207968064887,4.929891401372865,0
2003-10-07,5.133906174370014,5.065207968064887,5.133906174370014,5.065207968064887,0
2003-10-08,5.1928372227881505,5.133906174370014,5.1928372227881505,5.133906174370014,0
2003-10-09,5.153591095891608,5.1928372227881505,5.1928372227881505,5.153591095891608,0
2003-10-10,5.194824781374212,5.153591095891608,5.194824781374212,5.153591095891608,0
2003-10-13,5.2377654757809085,5.194824781374212,5.2377654757809085,5.194824781374212,0
2003-10-14,5.286962901725721,5.2377654757809085,5.286962901725721,5.2377654757809085,0
2003-10-15,5.342504302296506,5.286962901725721,5.342504302296506,5.286962901725721,0
2003-10-16,5.2994663157051525,5.342504302296506,5.342504302296506,5.2994663157051525,0
2003-10-17,5.362668259757306,5.2994663157051525,5.362668259757306,5.2994663157051525,0
2003-10-20,5.1867490874305995,5.362668259757306,5.362668259757306,5.1867490874305995,0
2003-10-21,5.302766572421865,5.1867490874305995,5.302766572421865,5.1867490874305995,0
2003-10-22,5.275096977674771,5.302766572421865,5.302766572421865,5.275096977674771,0
2003-10-23,5.075484376532632,5.275096977674771,5.275096977674771,5.075484376532632,0
2003-10-24,5.047156682974244,5.075484376532632,5.075484376532632,5.047156682974244,0
2003-10-27,5.080476058739257,5.047156682974244,5.080476058739257,5.047156682974244,0
2003-10-28,5.087450594114076,5.080476058739257,5.087450594114076,5.080476058739257,0
2003-10-29,5.2947273286364185,5.087450594114076,5.2947273286364185,5.087450594114076,0
2003-10-30,5.315499924013354,5.2947273286364185,5.315499924013354,5.2947273286364185,0
2003-10-31,5.3484548841522415,5.315499924013354,5.3484548841522415,5.315499924013354,0
2003-11-03,5.332825013516682,5.3484548841522415,5.3484548841522415,5.332825013516682,0
2003-11-04,5.437247879682437,5.332825013516682,5.437247879682437,5.332825013516682,0
2003-11-05,5.401444092301151,5.437247879682437,5.437247879682437,5.401444092301151,0
2003-11-06,5.413281738026497,5.401444092301151,5.413281738026497,5.401444092301151,0
2003-11-07,5.498800114893068,5.413281738026497,5.498800114893068,5.413281738026497,0
2003-11-10,5.375895008818815,5.498800114893068,5.498800114893068,5.375895008818815,0
2003-11-11,5.30983376872386,5.375895008818815,5.375895008818815,5.30983376872386,0
2003-11-12,5.304875892341848,5.30983376872386,5.30983376872386,5.304875892341848,0
2003-11-13,5.483066390386239,5.304875892341848,5.483066390386239,5.304875892341848,0
2003-11-14,5.487300399585008,5.483066390386239,5.487300399585008,5.483066390386239,0
2003-11-17,5.347582962808875,5.487300399585008,5.487300399585008,5.347582962808875,0
2003-11-18,5.2665528206999115,5.347582962808875,5.347582962808875,5.2665528206999115,0
2003-11-19,5.1020301066477245,5.2665528206999115,5.2665528206999115,5.1020301066477245,0
2003-11-20,5.231357018428549,5.1020301066477245,5.231357018428549,5.1020301066477245,0
2003-11-21,5.0900852355749,5.231357018428549,5.231357018428549,5.0900852355749,0
2003-11-24,5.152974205537679,5.0900852355749,5.152974205537679,5.0900852355749,0
2003-11-25,5.357306761179334,5.152974205537679,5.357306761179334,5.152974205537679,0
2003-11-26,5.417775599353204,5.357306761179334,5.417775599353204,5.357306761179334,0
2003-11-28,5.475637411164386,5.417775599353204,5.475637411164386,5.417775599353204,0
2003-12-01,5.48757003850126,5.475637411164386,5.48757003850126,5.475637411164386,0
2003-12-02,5.664996484854342,5.48757003850126,5.664996484854342,5.48757003850126,0
2003-12-03,5.621930386304312,5.664996484854342,5.664996484854342,5.621930386304312,0
2003-12-04,5.594787721450449,5.621930386304312,5.621930386304312,5.594787721450449,0
2003-12-05,5.66327462100861,5.594787721450449,5.66327462100861,5.594787721450449,0
2003-12-08,5.544434446061497,5.66327462100861,5.66327462100861,5.544434446061497,0
2003-12-09,5.656087860151151,5.544434446061497,5.656087860151151,5.544434446061497,0
2003-12-10,5.524740468738102,5.656087860151151,5.656087860151151,5.524740468738102,0
2003-12-11,5.522768481238475,5.524740468738102,5.524740468738102,5.522768481238475,0
2003-12-12,5.708631183997146,5.522768481238475,5.708631183997146,5.522768481238475,0
2003-12-15,5.741521603953417,5.708631183997146,5.741521603953417,5.708631183997146,0
2003-12-16,5.655065024907524,5.741521603953417,5.741521603953417,5.655065024907524,0
2003-12-17,5.74294576161265,5.655065024907524,5.74294576161265,5.655065024907524,0
2003-12-18,5.79666752083552,5.74294576161265,5.79666752083552,5.74294576161265,0
2003-12-19,5.991759336828913,5.79666752083552,5.991759336828913,5.79666752083552,0
2003-12-22,5.941274539794741,5.991759336828913,5.991759336828913,5.941274539794741,0
2003-12-23,6.065212979032049,5.941274539794741,6.065212979032049,5.941274539794741,0
2003-12-24,6.07637071404192,6.065212979032049,6.07637071404192,6.065212979032049,0
2003-12-26,6.057628444257014,6.07637071404192,6.07637071404192,6.057628444257014,0
2003-12-29,6.07043653827268,6.057628444257014,6.07043653827268,6.057628444257014,0
2003-12-30,6.312347820165314,6.07043653827268,6.312347820165314,6.07043653827268,0
2003-12-31,6.3152733596805195,6.312347820165314,6.3152733596805195,6.312347820165314,0
2004-01-02,6.331841006890824,6.3152733596805195,6.331841006890824,6.3152733596805195,0
2004-01-05,6.322826213622324,6.331841006890824,6.331841006890824,6.322826213622324,0
2004-01-06,6.528690120795132,6.322826213622324,6.528690120795132,6.322826213622324,0
2004-01-07,6.547358445646166,6.528690120795132,6.547358445646166,6.528690120795132,0
2004-01-08,6.61317745910804,6.547358445646166,6.61317745910804,6.547358445646166,0
2004-01-09,6.691739065043269,6.61317745910804,6.691739065043269,6.61317745910804,0
2004-01-12,6.515936126642663,6.691739065043269,6.691739065043269,6.515936126642663,0
2004-01-13,6.659795756730466,6.515936126642663,6.659795756730466,6.515936126642663,0
2004-01-14,6.542825322481471,6.659795756730466,6.659795756730466,6.542825322481471,0
2004-01-15,6.7062539645385115,6.542825322481471,6.7062539645385115,6.542825322481471,0
2004-01-16,6.755376278044393,6.7062539645385115,6.755376278044393,6.7062539645385115,0
2004-01-20,6.835021747578056,6.755376278044393,6.835021747578056,6.755376278044393,0
2004-01-21,6.829117334301356,6.835021747578056,6.835021747578056,6.829117334301356,0
2004-01-22,6.990058280143733,6.829117334301356,6.990058280143733,6.829117334301356,0
2004-01-23,6.934865752127507,6.990058280143733,6.990058280143733,6.934865752127507,0
2004-01-26,6.867299706344844,6.934865752127507,6.934865752127507,6.867299706344844,0
2004-01-27,7.126020923444959,6.867299706344844,7.126020923444959,6.867299706344844,0
2004-01-28,6.905926952472261,7.126020923444959,7.126020923444959,6.905926952472261,0
2004-01-29,6.668741469911534,6.905926952472261,6.905926952472261,6.668741469911534,0
2004-01-30,6.6876578268393,6.668741469911534,6.6876578268393,6.668741469911534,0
2004-02-02,6.687150944837345,6.6876578268393,6.6876578268393,6.687150944837345,0
2004-02-03,6.773252253596948,6.687150944837345,6.773252253596948,6.687150944837345,0
2004-02-04,6.738872841957409,6.773252253596948,6.773252253596948,6.738872841957409,0
2004-02-05,6.57311535416784,6.738872841957409,6.738872841957409,6.57311535416784,0
2004-02-06,6.630287541201214,6.57311535416784,6.630287541201214,6.57311535416784,0
2004-02-09,6.852976963056256,6.630287541201214,6.852976963056256,6.630287541201214,0
2004-02-10,6.857849753060564,6.852976963056256,6.857849753060564,6.852976963056256,0
2004-02-11,6.923821527234559,6.857849753060564,6.923821527234559,6.857849753060564,0
2004-02-12,7.143938053028733,6.923821527234559,7.143938053028733,6.923821527234559,0
2004-02-13,7.0658521435711155,7.143938053028733,7.143938053028733,7.0658521435711155,0
2004-02-17,6.9700082306450915,7.0658521435711155,7.0658521435711155,6.9700082306450915,0
2004-02-18,7.158370790085391,6.9700082306450915,7.158370790085391,6.9700082306450915,0
2004-02-19,7.063553149952335,7.158370790085391,7.158370790085391,7.063553149952335,0
2004-02-20,6.984222604148902,7.063553149952335,7.063553149952335,6.984222604148902,0
2004-02-23,6.920056707003345,6.984222604148902,6.984222604148902,6.920056707003345,0
2004-02-24,6.867118697232965,6.920056707003345,6.920056707003345,6.867118697232965,0
2004-02-25,6.830640051826199,6.867118697232965,6.867118697232965,6.830640051826199,0
2004-02-26,6.9161181230893325,6.830640051826199,6.9161181230893325,6.830640051826199,0
2004-02-27,6.928232042567975,6.9161181230893325,6.928232042567975,6.9161181230893325,0
2004-03-01,6.942176505730011,6.928232042567975,6.942176505730011,6.928232042567975,0
2004-03-02,7.1480630298109915,6.942176505730011,7.1480630298109915,6.942176505730011,0
2004-03-03,7.021983464105104,7.1480630298109915,7.1480630298109915,7.021983464105104,0
2004-03-04,7.059769958912713,7.021983464105104,7.059769958912713,7.021983464105104,0
2004-03-05,7.114159088491697,7.059769958912713,7.114159088491697,7.059769958912713,0
2004-03-08,7.185370916901364,7.114159088491697,7.185370916901364,7.114159088491697,0
2004-03-09,6.9218166401495616,7.185370916901364,7.185370916901364,6.9218166401495616,0
2004-03-10,6.838202177600729,6.9218166401495616,6.9218166401495616,6.838202177600729,0
2004-03-11,6.4936838727636665,6.838202177600729,6.838202177600729,6.4936838727636665,0
2004-03-12,6.240552117340165,6.4936838727636665,6.4936838727636665,6.240552117340165,0
2004-03-15,6.486060502193673,6.240552117340165,6.486060502193673,6.240552117340165,0
2004-03-16,6.247048017032352,6.486060502193673,6.486060502193673,6.247048017032352,0
2004-03-17,6.346016311480581,6.247048017032352,6.346016311480581,6.247048017032352,0
2004-03-18,6.558415249815264,6.346016311480581,6.558415249815264,6.346016311480581,0
2004-03-19,6.5631309243842235,6.558415249815264,6.5631309243842235,6.558415249815264,0
2004-03-22,6.280432693108488,6.5631309243842235,6.5631309243842235,6.280432693108488,0
2004-03-23,6.040740267396614,6.280432693108488,6.280432693108488,6.040740267396614,0
2004-03-24,6.008884768042313,6.040740267396614,6.040740267396614,6.008884768042313,0
2004-03-25,6.023249846725819,6.008884768042313,6.023249846725819,6.008884768042313,0
2004-03-26,6.2619732059332645,6.023249846725819,6.2619732059332645,6.023249846725819,0
2004-03-29,6.2665669849665155,6.2619732059332645,6.2665669849665155,6.2619732059332645,0
2004-03-30,6.530221938593102,6.2665669849665155,6.530221938593102,6.2665669849665155,0
2004-03-31,6.595850001922133,6.530221938593102,6.595850001922133,6.530221938593102,0
2004-04-01,6.618124341320704,6.595850001922133,6.618124341320704,6.595850001922133,0
2004-04-02,6.7369923513057595,6.618124341320704,6.7369923513057595,6.618124341320704,0
2004-04-05,6.889248220084112,6.7369923513057595,6.889248220084112,6.7369923513057595,0
2004-04-06,7.002307173667507,6.889248220084112,7.002307173667507,6.889248220084112,0
2004-04-07,6.934344468621174,7.002307173667507,7.002307173667507,6.934344468621174,0
2004-04-08,6.884928450708732,6.934344468621174,6.934344468621174,6.884928450708732,0
2004-04-12,6.8375627447371246,6.884928450708732,6.884928450708732,6.8375627447371246,0
2004-04-13,6.917762955505095,6.8375627447371246,6.917762955505095,6.8375627447371246,0
2004-04-14,6.626220105083118,6.917762955505095,6.917762955505095,6.626220105083118,0
2004-04-15,6.657335568082247,6.626220105083118,6.657335568082247,6.626220105083118,0
2004-04-16,6.581106455514066,6.657335568082247,6.657335568082247,6.581106455514066,0
2004-04-19,6.732652510727997,6.581106455514066,6.732652510727997,6.581106455514066,0
2004-04-20,6.732142218414683,6.732652510727997,6.732652510727997,6.732142218414683,0
2004-04-21,6.392744688266248,6.732142218414683,6.732142218414683,6.392744688266248,0
2004-04-22,6.520777308578013,6.392744688266248,6.520777308578013,6.392744688266248,0
2004-04-23,6.794610280375004,6.520777308578013,6.794610280375004,6.520777308578013,0
2004-04-26,6.813728216299594,6.794610280375004,6.813728216299594,6.794610280375004,0
2004-04-27,6.784610027010064,6.813728216299594,6.813728216299594,6.784610027010064,0
2004-04-28,6.801915578800049,6.784610027010064,6.801915578800049,6.784610027010064,0
2004-04-29,6.537188119916075,6.801915578800049,6.801915578800049,6.537188119916075,0
2004-04-30,6.364585892583257,6.537188119916075,6.537188119916075,6.364585892583257,0
2004-05-03,6.215574981178806,6.364585892583257,6.364585892583257,6.215574981178806,0
2004-05-04,6.415076751803178,6.215574981178806,6.415076751803178,6.215574981178806,0
2004-05-05,6.399145708710232,6.415076751803178,6.415076751803178,6.399145708710232,0
2004-05-06,6.521999609011177,6.399145708710232,6.521999609011177,6.399145708710232,0
2004-05-07,6.3532316371743836,6.521999609011177,6.521999609011177,6.3532316371743836,0
2004-05-10,6.03739044056609,6.3532316371743836,6.3532316371743836,6.03739044056609,0
2004-05-11,5.850799437142542,6.03739044056609,6.03739044056609,5.850799437142542,0
2004-05-12,5.998744012748258,5.850799437142542,5.998744012748258,5.850799437142542,0
2004-05-13,6.11306053995367,5.998744012748258,6.11306053995367,5.998744012748258,0
2004-05-14,6.036223030152977,6.11306053995367,6.11306053995367,6.036223030152977,0
2004-05-17,6.043993176613957,6.036223030152977,6.043993176613957,6.036223030152977,0
2004-05-18,5.8886442950907005,6.043993176613957,6.043993176613957,5.8886442950907005,0
2004-05-19,5.977259922533775,5.8886442950907005,5.977259922533775,5.8886442950907005,0
2004-05-20,5.914660214834664,5.977259922533775,5.977259922533775,5.914660214834664,0
2004-05-21,5.971052922639015,5.914660214834664,5.971052922639015,5.914660214834664,0
2004-05-24,6.001649911749708,5.971052922639015,6.001649911749708,5.971052922639015,0
2004-05-25,6.076608620033168,6.001649911749708,6.076608620033168,6.001649911749708,0
2004-05-26,6.33735322331775,6.076608620033168,6.33735322331775,6.076608620033168,0
2004-05-27,6.403177346758134,6.33735322331775,6.403177346758134,6.33735322331775,0
2004-05-28,6.510506884550048,6.403177346758134,6.510506884550048,6.403177346758134,0
2004-06-01,6.508280711512074,6.510506884550048,6.510506884550048,6.508280711512074,0
2004-06-02,6.481838995928085,6.508280711512074,6.508280711512074,6.481838995928085,0
2004-06-03,6.553807199989364,6.481838995928085,6.553807199989364,6.481838995928085,0
2004-06-04,6.372571646930332,6.553807199989364,6.553807199989364,6.372571646930332,0
2004-06-07,6.523883893341891,6.372571646930332,6.523883893341891,6.372571646930332,0
2004-06-08,6.821338591757308,6.523883893341891,6.821338591757308,6.523883893341891,0
2004-06-09,6.849366312078102,6.821338591757308,6.849366312078102,6.821338591757308,0
2004-06-10,6.657428563124432,6.849366312078102,6.849366312078102,6.657428563124432,0
2004-06-14,6.755220746519371,6.657428563124432,6.755220746519371,6.657428563124432,0
2004-06-15,6.554433860395109,6.755220746519371,6.755220746519371,6.554433860395109,0
2004-06-16,6.692890909169294,6.554433860395109,6.692890909169294,6.554433860395109,0
2004-06-17,6.688857047244403,6.692890909169294,6.692890909169294,6.688857047244403,0
2004-06-18,6.658425324417941,6.688857047244403,6.688857047244403,6.658425324417941,0
2004-06-21,6.6956044591401005,6.658425324417941,6.6956044591401005,6.658425324417941,0
2004-06-22,6.6190932610595885,6.6956044591401005,6.6956044591401005,6.6190932610595885,0
2004-06-23,6.718571669925148,6.6190932610595885,6.718571669925148,6.6190932610595885,0
2004-06-24,6.891686507823053,6.718571669925148,6.891686507823053,6.718571669925148,0
2004-06-25,6.826301729494226,6.891686507823053,6.891686507823053,6.826301729494226,0
2004-06-28,6.727313105841423,6.826301729494226,6.826301729494226,6.727313105841423,0
2004-06-29,6.657671497319707,6.727313105841423,6.727313105841423,6.657671497319707,0
2004-06-30,6.739909711156144,6.657671497319707,6.739909711156144,6.657671497319707,0
2004-07-01,6.847671973281625,6.739909711156144,6.847671973281625,6.739909711156144,0
2004-07-02,6.561958936918802,6.847671973281625,6.847671973281625,6.561958936918802,0
2004-07-06,6.5509957904887415,6.561958936918802,6.561958936918802,6.5509957904887415,0
2004-07-07,6.37812803745884,6.5509957904887415,6.5509957904887415,6.37812803745884,0
2004-07-08,6.43409354243068,6.37812803745884,6.43409354243068,6.37812803745884,0
2004-07-09,6.299434389081898,6.43409354243068,6.43409354243068,6.299434389081898,0
2004-07-12,6.3481378749964845,6.299434389081898,6.3481378749964845,6.299434389081898,0
2004-07-13,6.356186705925626,6.3481378749964845,6.356186705925626,6.3481378749964845,0
2004-07-14,6.369349657901438,6.356186705925626,6.369349657901438,6.356186705925626,0
2004-07-15,6.310784173056549,6.369349657901438,6.369349657901438,6.310784173056549,0
2004-07-16,6.188073038007002,6.310784173056549,6.310784173056549,6.188073038007002,0
2004-07-19,6.172525378369361,6.188073038007002,6.188073038007002,6.172525378369361,0
2004-07-20,6.093445597532434,6.172525378369361,6.172525378369361,6.093445597532434,0
2004-07-21,6.325138250258278,6.093445597532434,6.325138250258278,6.093445597532434,0
2004-07-22,5.974519675527031,6.325138250258278,6.325138250258278,5.974519675527031,0
2004-07-23,6.023130946308235,5.974519675527031,6.023130946308235,5.974519675527031,0
2004-07-26,5.871381984417779,6.023130946308235,6.023130946308235,5.871381984417779,0
2004-07-27,5.8369903356028665,5.871381984417779,5.871381984417779,5.8369903356028665,0
2004-07-28,6.000791509223464,5.8369903356028665,6.000791509223464,5.8369903356028665,0
2004-07-29,6.054454833606312,6.000791509223464,6.054454833606312,6.000791509223464,0
2004-07-30,6.13152950567932,6.054454833606312,6.13152950567932,6.054454833606312,0
2004-08-02,6.17598441869551,6.13152950567932,6.17598441869551,6.13152950567932,0
2004-08-03,6.213965304396164,6.17598441869551,6.213965304396164,6.17598441869551,0
2004-08-04,6.069150657992488,6.213965304396164,6.213965304396164,6.069150657992488,0
2004-08-05,6.0670386509506775,6.069150657992488,6.069150657992488,6.0670386509506775,0
2004-08-06,5.769285152866255,6.0670386509506775,6.0670386509506775,5.769285152866255,0
2004-08-09,5.521359859609599,5.769285152866255,5.769285152866255,5.521359859609599,0
2004-08-10,5.544191961000859,5.521359859609599,5.544191961000859,5.521359859609599,0
2004-08-11,5.7582965330367255,5.544191961000859,5.7582965330367255,5.544191961000859,0
2004-08-12,5.7227934501385755,5.7582965330367255,5.7582965330367255,5.7227934501385755,0
2004-08-13,5.535055082109058,5.7227934501385755,5.7227934501385755,5.535055082109058,0
2004-08-16,5.5672317154266455,5.535055082109058,5.5672317154266455,5.535055082109058,0
2004-08-17,5.739770629490842,5.5672317154266455,5.739770629490842,5.5672317154266455,0
2004-08-18,5.836314064673116,5.739770629490842,5.836314064673116,5.739770629490842,0
2004-08-19,6.015930861522639,5.836314064673116,6.015930861522639,5.836314064673116,0
2004-08-20,5.962986740622513,6.015930861522639,6.015930861522639,5.962986740622513,0
2004-08-23,6.088081669837824,5.962986740622513,6.088081669837824,5.962986740622513,0
2004-08-24,6.041333230775448,6.088081669837824,6.088081669837824,6.041333230775448,0
2004-08-25,6.065553464768271,6.041333230775448,6.065553464768271,6.041333230775448,0
2004-08-26,6.18875589269114,6.065553464768271,6.18875589269114,6.065553464768271,0
2004-08-27,6.188286824288162,6.18875589269114,6.18875589269114,6.188286824288162,0
2004-08-30,6.246302573583699,6.188286824288162,6.246302573583699,6.188286824288162,0
2004-08-31,6.091154602247761,6.246302573583699,6.246302573583699,6.091154602247761,0
2004-09-01,6.186570534285784,6.091154602247761,6.186570534285784,6.091154602247761,0
2004-09-02,6.221186109154881,6.186570534285784,6.221186109154881,6.186570534285784,0
2004-09-03,6.431959606045908,6.221186109154881,6.431959606045908,6.221186109154881,0
2004-09-07,6.352628644607736,6.431959606045908,6.431959606045908,6.352628644607736,0
2004-09-08,6.47793728950137,6.352628644607736,6.47793728950137,6.352628644607736,0
2004-09-09,6.429226021040811,6.47793728950137,6.47793728950137,6.429226021040811,0
2004-09-10,6.411612861135889,6.429226021040811,6.429226021040811,6.411612861135889,0
2004-09-13,6.5103088351136345,6.411612861135889,6.5103088351136345,6.411612861135889,0
2004-09-14,6.573741607821444,6.5103088351136345,6.573741607821444,6.5103088351136345,0
2004-09-15,6.61322814740774,6.573741607821444,6.61322814740774,6.573741607821444,0
2004-09-16,6.462605400210053,6.61322814740774,6.61322814740774,6.462605400210053,0
2004-09-17,6.520551717171364,6.462605400210053,6.520551717171364,6.462605400210053,0
2004-09-20,6.603223197658316,6.520551717171364,6.603223197658316,6.520551717171364,0
2004-09-21,6.483675610690942,6.603223197658316,6.603223197658316,6.483675610690942,0
2004-09-22,6.567918980623822,6.483675610690942,6.567918980623822,6.483675610690942,0
2004-09-23,6.3214707703693,6.567918980623822,6.567918980623822,6.3214707703693,0
2004-09-24,6.21898935365553,6.3214707703693,6.3214707703693,6.21898935365553,0
2004-09-27,6.304288740337926,6.21898935365553,6.304288740337926,6.21898935365553,0
2004-09-28,6.183323993341677,6.304288740337926,6.304288740337926,6.183323993341677,0
2004-09-29,6.271633609294208,6.183323993341677,6.271633609294208,6.183323993341677,0
2004-09-30,6.365842053157888,6.271633609294208,6.365842053157888,6.271633609294208,0
2004-10-01,6.351695812282173,6.365842053157888,6.365842053157888,6.351695812282173,0
2004-10-04,6.67345533228072,6.351695812282173,6.67345533228072,6.351695812282173,0
2004-10-05,6.706422012484372,6.67345533228072,6.706422012484372,6.67345533228072,0
2004-10-06,6.716515591900019,6.706422012484372,6.716515591900019,6.706422012484372,0
2004-10-07,6.8540000118440645,6.716515591900019,6.8540000118440645,6.716515591900019,0
2004-10-08,6.632942379140263,6.8540000118440645,6.8540000118440645,6.632942379140263,0
2004-10-11,6.467558663840423,6.632942379140263,6.632942379140263,6.467558663840423,0
2004-10-12,6.546398885789544,6.467558663840423,6.546398885789544,6.467558663840423,0
2004-10-13,6.469412376886775,6.546398885789544,6.546398885789544,6.469412376886775,0
2004-10-14,6.298172327674601,6.469412376886775,6.469412376886775,6.298172327674601,0
2004-10-15,6.1452408209711455,6.298172327674601,6.298172327674601,6.1452408209711455,0
2004-10-18,6.248086865174927,6.1452408209711455,6.248086865174927,6.1452408209711455,0
2004-10-19,6.318371290968785,6.248086865174927,6.318371290968785,6.248086865174927,0
2004-10-20,6.158349470458747,6.318371290968785,6.318371290968785,6.158349470458747,0
2004-10-21,6.121175344903612,6.158349470458747,6.158349470458747,6.121175344903612,0
2004-10-22,6.240346462399248,6.121175344903612,6.240346462399248,6.121175344903612,0
2004-10-25,6.029511756513823,6.240346462399248,6.240346462399248,6.029511756513823,0
2004-10-26,6.007676859316162,6.029511756513823,6.029511756513823,6.007676859316162,0
2004-10-27,6.282821749144452,6.007676859316162,6.282821749144452,6.007676859316162,0
2004-10-28,6.508789522705876,6.282821749144452,6.508789522705876,6.282821749144452,0
2004-10-29,6.567108833408187,6.508789522705876,6.567108833408187,6.508789522705876,0
2004-11-01,6.5631315884323245,6.567108833408187,6.567108833408187,6.5631315884323245,0
2004-11-02,6.616556131456367,6.5631315884323245,6.616556131456367,6.5631315884323245,0
2004-11-03,6.623048122158779,6.616556131456367,6.623048122158779,6.616556131456367,0
2004-11-04,6.872763210210288,6.623048122158779,6.872763210210288,6.623048122158779,0
2004-11-05,7.153780659247512,6.872763210210288,7.153780659247512,6.872763210210288,0
2004-11-08,7.287655122141487,7.153780659247512,7.287655122141487,7.153780659247512,0
2004-11-09,7.255417073154481,7.287655122141487,7.287655122141487,7.255417073154481,0
2004-11-10,7.212119996043249,7.255417073154481,7.255417073154481,7.212119996043249,0
2004-11-11,7.228229469335001,7.212119996043249,7.228229469335001,7.212119996043249,0
2004-11-12,7.392680332575509,7.228229469335001,7.392680332575509,7.228229469335001,0
2004-11-15,7.567117303883733,7.392680332575509,7.567117303883733,7.392680332575509,0
2004-11-16,7.62232017517934,7.567117303883733,7.62232017517934,7.567117303883733,0
2004-11-17,7.4580383558838275,7.62232017517934,7.62232017517934,7.4580383558838275,0
2004-11-18,7.590333480179448,7.4580383558838275,7.590333480179448,7.4580383558838275,0
2004-11-19,7.620484446038987,7.590333480179448,7.620484446038987,7.590333480179448,0
2004-11-22,7.365756103329972,7.620484446038987,7.620484446038987,7.365756103329972,0
2004-11-23,7.470587813090526,7.365756103329972,7.470587813090526,7.365756103329972,0
2004-11-24,7.504223611921408,7.470587813090526,7.504223611921408,7.470587813090526,0
2004-11-26,7.556992286403125,7.504223611921408,7.556992286403125,7.504223611921408,0
2004-11-29,7.539202032472209,7.556992286403125,7.556992286403125,7.539202032472209,0
2004-11-30,7.4354297942924275,7.539202032472209,7.539202032472209,7.4354297942924275,0
2004-12-01,7.450004518427192,7.4354297942924275,7.450004518427192,7.4354297942924275,0
2004-12-02,7.703484805223087,7.450004518427192,7.703484805223087,7.450004518427192,0
2004-12-03,7.722289000393734,7.703484805223087,7.722289000393734,7.703484805223087,0
2004-12-06,7.706170621081177,7.722289000393734,7.722289000393734,7.706170621081177,0
2004-12-07,7.697825507777555,7.706170621081177,7.706170621081177,7.697825507777555,0
2004-12-08,7.482221391806745,7.697825507777555,7.697825507777555,7.482221391806745,0
2004-12-09,7.6127928022748454,7.482221391806745,7.6127928022748454,7.482221391806745,0
2004-12-10,7.692961075886295,7.6127928022748454,7.692961075886295,7.6127928022748454,0
2004-12-13,7.715618000017848,7.692961075886295,7.715618000017848,7.692961075886295,0
2004-12-14,7.916764551005212,7.715618000017848,7.916764551005212,7.715618000017848,0
2004-12-15,7.999038381890615,7.916764551005212,7.999038381890615,7.916764551005212,0
2004-12-16,8.016308923588634,7.999038381890615,8.016308923588634,7.999038381890615,0
2004-12-17,8.001770216439198,8.016308923588634,8.016308923588634,8.001770216439198,0
2004-12-20,7.841058894590789,8.001770216439198,8.001770216439198,7.841058894590789,0
2004-12-21,7.846376751904158,7.841058894590789,7.846376751904158,7.841058894590789,0
2004-12-22,8.027034217934316,7.846376751904158,8.027034217934316,7.846376751904158,0
2004-12-23,8.084447946283333,8.027034217934316,8.084447946283333,8.027034217934316,0
2004-12-27,8.101911595138011,8.084447946283333,8.101911595138011,8.084447946283333,0
2004-12-28,8.05098523749136,8.101911595138011,8.101911595138011,8.05098523749136,0
2004-12-29,8.182646496066182,8.05098523749136,8.182646496066182,8.05098523749136,0
2004-12-30,8.218487875475478,8.182646496066182,8.218487875475478,8.182646496066182,0
2004-12-31,8.17113578766494,8.218487875475478,8.218487875475478,8.17113578766494,0
2005-01-03,8.117906952049674,8.17113578766494,8.17113578766494,8.117906952049674,0
2005-01-04,8.002443306138566,8.117906952049674,8.117906952049674,8.002443306138566,0
2005-01-05,7.708479308324047,8.002443306138566,8.002443306138566,7.708479308324047,0
2005-01-06,7.548307481219936,7.708479308324047,7.708479308324047,7.548307481219936,0
2005-01-07,7.662878158315566,7.548307481219936,7.662878158315566,7.548307481219936,0
2005-01-10,7.629351422366634,7.662878158315566,7.662878158315566,7.629351422366634,0
2005-01-11,7.736979537223883,7.629351422366634,7.736979537223883,7.629351422366634,0
2005-01-12,7.57645752023456,7.736979537223883,7.736979537223883,7.57645752023456,0
2005-01-13,7.650891682340751,7.57645752023456,7.650891682340751,7.57645752023456,0
2005-01-14,7.466418306409424,7.650891682340751,7.650891682340751,7.466418306409424,0
2005-01-18,7.583913284813075,7.466418306409424,7.583913284813075,7.466418306409424,0
2005-01-19,7.820025666692112,7.583913284813075,7.820025666692112,7.583913284813075,0
2005-01-20,7.573962030832596,7.820025666692112,7.820025666692112,7.573962030832596,0
2005-01-21,7.435004171250864,7.573962030832596,7.573962030832596,7.435004171250864,0
2005-01-24,7.297765478068965,7.435004171250864,7.435004171250864,7.297765478068965,0
2005-01-25,7.254093035646032,7.297765478068965,7.297765478068965,7.254093035646032,0
2005-01-26,7.315156237045477,7.254093035646032,7.315156237045477,7.254093035646032,0
2005-01-27,7.3803368998509615,7.315156237045477,7.3803368998509615,7.315156237045477,0
2005-01-28,7.417539074523164,7.3803368998509615,7.417539074523164,7.3803368998509615,0
2005-01-31,7.416976872156801,7.417539074523164,7.417539074523164,7.416976872156801,0
2005-02-01,7.554731494574262,7.416976872156801,7.554731494574262,7.416976872156801,0
2005-02-02,7.698021576616833,7.554731494574262,7.698021576616833,7.554731494574262,0
2005-02-03,7.767356368113118,7.698021576616833,7.767356368113118,7.698021576616833,0
2005-02-04,7.706203074886092,7.767356368113118,7.767356368113118,7.706203074886092,0
2005-02-07,7.9524280259832745,7.706203074886092,7.9524280259832745,7.706203074886092,0
2005-02-08,7.920067253685826,7.9524280259832745,7.9524280259832745,7.920067253685826,0
2005-02-09,7.947179887801569,7.920067253685826,7.947179887801569,7.920067253685826,0
2005-02-10,7.768073629619027,7.947179887801569,7.947179887801569,7.768073629619027,0
2005-02-11,7.851482162760191,7.768073629619027,7.851482162760191,7.768073629619027,0
2005-02-14,8.053493915971096,7.851482162760191,8.053493915971096,7.851482162760191,0
2005-02-15,8.034889736207862,8.053493915971096,8.053493915971096,8.034889736207862,0
2005-02-16,8.124153856316884,8.034889736207862,8.124153856316884,8.034889736207862,0
2005-02-17,8.139636066038067,8.124153856316884,8.139636066038067,8.124153856316884,0
2005-02-18,7.941591843677882,8.139636066038067,8.139636066038067,7.941591843677882,0
2005-02-22,7.972686751609918,7.941591843677882,7.972686751609918,7.941591843677882,0
2005-02-23,7.616470138755572,7.972686751609918,7.972686751609918,7.616470138755572,0
2005-02-24,7.779651797131282,7.616470138755572,7.779651797131282,7.616470138755572,0
2005-02-25,7.933415231958618,7.779651797131282,7.933415231958618,7.779651797131282,0
2005-02-28,8.168363269662754,7.933415231958618,8.168363269662754,7.933415231958618,0
2005-03-01,8.006295197284166,8.168363269662754,8.168363269662754,8.006295197284166,0
2005-03-02,8.125153549588784,8.006295197284166,8.125153549588784,8.006295197284166,0
2005-03-03,8.112479530126572,8.125153549588784,8.125153549588784,8.112479530126572,0
2005-03-04,8.121922873022402,8.112479530126572,8.121922873022402,8.112479530126572,0
2005-03-07,8.42481432052811,8.121922873022402,8.42481432052811,8.121922873022402,0
2005-03-08,8.436523526719254,8.42481432052811,8.436523526719254,8.42481432052811,0
2005-03-09,8.3410891962361,8.436523526719254,8.436523526719254,8.3410891962361,0
2005-03-10,8.062256578976863,8.3410891962361,8.3410891962361,8.062256578976863,0
2005-03-11,8.115618804033117,8.062256578976863,8.115618804033117,8.062256578976863,0
2005-03-14,7.944303179920329,8.115618804033117,8.115618804033117,7.944303179920329,0
2005-03-15,8.092173343460148,7.944303179920329,8.092173343460148,7.944303179920329,0
2005-03-16,7.891164403691039,8.092173343460148,8.092173343460148,7.891164403691039,0
2005-03-17,7.689578450550487,7.891164403691039,7.891164403691039,7.689578450550487,0
2005-03-18,7.735473135120399,7.689578450550487,7.735473135120399,7.689578450550487,0
2005-03-21,7.665999036016744,7.735473135120399,7.735473135120399,7.665999036016744,0
2005-03-22,7.580048785593044,7.665999036016744,7.665999036016744,7.580048785593044,0
2005-03-23,7.348415984414589,7.580048785593044,7.580048785593044,7.348415984414589,0
2005-03-24,7.366714973192655,7.348415984414589,7.366714973192655,7.348415984414589,0
2005-03-28,7.392595523845856,7.366714973192655,7.392595523845856,7.366714973192655,0
2005-03-29,7.424222108416961,7.392595523845856,7.424222108416961,7.392595523845856,0
2005-03-30,7.27556022333739,7.424222108416961,7.424222108416961,7.27556022333739,0
2005-03-31,7.584067816060449,7.27556022333739,7.584067816060449,7.27556022333739,0
2005-04-01,7.541131585782718,7.584067816060449,7.584067816060449,7.541131585782718,0
2005-04-04,7.438918494305418,7.541131585782718,7.541131585782718,7.438918494305418,0
2005-04-05,7.476367306157504,7.438918494305418,7.476367306157504,7.438918494305418,0
2005-04-06,7.582566317445902,7.476367306157504,7.582566317445902,7.476367306157504,0
2005-04-07,7.660913713064321,7.582566317445902,7.660913713064321,7.582566317445902,0
2005-04-08,7.784354626817055,7.660913713064321,7.784354626817055,7.660913713064321,0
2005-04-11,7.540910131999163,7.784354626817055,7.784354626817055,7.540910131999163,0
2005-04-12,7.557595030135301,7.540910131999163,7.557595030135301,7.540910131999163,0
2005-04-13,7.67413906906874,7.557595030135301,7.67413906906874,7.557595030135301,0
2005-04-14,7.402016206858183,7.67413906906874,7.67413906906874,7.402016206858183,0
2005-04-15,7.111812347840733,7.402016206858183,7.402016206858183,7.111812347840733,0
2005-04-18,6.812726677811706,7.111812347840733,7.111812347840733,6.812726677811706,0
2005-04-19,6.874877231377953,6.812726677811706,6.874877231377953,6.812726677811706,0
2005-04-20,7.0382694756055475,6.874877231377953,7.0382694756055475,6.874877231377953,0
2005-04-21,6.743172428673262,7.0382694756055475,7.0382694756055475,6.743172428673262,0
2005-04-22,7.135520914004839,6.743172428673262,7.135520914004839,6.743172428673262,0
2005-04-25,7.05378740634579,7.135520914004839,7.135520914004839,7.05378740634579,0
2005-04-26,7.19241442564703,7.05378740634579,7.19241442564703,7.05378740634579,0
2005-04-27,6.982276287352544,7.19241442564703,7.19241442564703,6.982276287352544,0
2005-04-28,7.063564953790875,6.982276287352544,7.063564953790875,6.982276287352544,0
2005-04-29,6.797357328473999,7.063564953790875,7.063564953790875,6.797357328473999,0
2005-05-02,7.073610196568105,6.797357328473999,7.073610196568105,6.797357328473999,0
2005-05-03,7.192240939633065,7.073610196568105,7.192240939633065,7.073610196568105,0
2005-05-04,7.228768969243743,7.192240939633065,7.228768969243743,7.192240939633065,0
2005-05-05,7.395607866994643,7.228768969243743,7.395607866994643,7.228768969243743,0
2005-05-06,7.387497818197155,7.395607866994643,7.395607866994643,7.387497818197155,0
2005-05-09,7.317129084804215,7.387497818197155,7.387497818197155,7.317129084804215,0
2005-05-10,7.453432664095145,7.317129084804215,7.453432664095145,7.317129084804215,0
2005-05-11,7.221326589199643,7.453432664095145,7.453432664095145,7.221326589199643,0
2005-05-12,7.339691736119007,7.221326589199643,7.339691736119007,7.221326589199643,0
2005-05-13,7.0968492916517585,7.339691736119007,7.339691736119007,7.0968492916517585,0
2005-05-16,7.05408296303213,7.0968492916517585,7.0968492916517585,7.05408296303213,0
2005-05-17,7.2510552743445675,7.05408296303213,7.2510552743445675,7.05408296303213,0
2005-05-18,7.395775817198595,7.2510552743445675,7.395775817198595,7.2510552743445675,0
2005-05-19,7.623540737568799,7.395775817198595,7.623540737568799,7.395775817198595,0
2005-05-20,7.719220700017322,7.623540737568799,7.719220700017322,7.623540737568799,0
2005-05-23,7.685641109175815,7.719220700017322,7.719220700017322,7.685641109175815,0
2005-05-24,7.812804585426044,7.685641109175815,7.812804585426044,7.685641109175815,0
2005-05-25,7.757425348042693,7.812804585426044,7.812804585426044,7.757425348042693,0
2005-05-26,7.739317063873476,7.757425348042693,7.757425348042693,7.739317063873476,0
2005-05-27,7.863164816921314,7.739317063873476,7.863164816921314,7.739317063873476,0
2005-05-31,7.901876876821019,7.863164816921314,7.901876876821019,7.863164816921314,0
2005-06-01,7.749482593411111,7.901876876821019,7.901876876821019,7.749482593411111,0
2005-06-02,7.947359547203435,7.749482593411111,7.947359547203435,7.749482593411111,0
2005-06-03,7.998199439455168,7.947359547203435,7.998199439455168,7.947359547203435,0
2005-06-06,7.8763889019486575,7.998199439455168,7.998199439455168,7.8763889019486575,0
2005-06-07,7.854156602061912,7.8763889019486575,7.8763889019486575,7.854156602061912,0
2005-06-08,7.87123577556571,7.854156602061912,7.87123577556571,7.854156602061912,0
2005-06-09,7.827391882429042,7.87123577556571,7.87123577556571,7.827391882429042,0
2005-06-10,7.938419034582574,7.827391882429042,7.938419034582574,7.827391882429042,0
2005-06-13,7.882461721498704,7.938419034582574,7.938419034582574,7.882461721498704,0
2005-06-14,7.956635444085987,7.882461721498704,7.956635444085987,7.882461721498704,0
2005-06-15,8.011451179125809,7.956635444085987,8.011451179125809,7.956635444085987,0
2005-06-16,8.05658911112724,8.011451179125809,8.05658911112724,8.011451179125809,0
2005-06-17,8.117841310603579,8.05658911112724,8.117841310603579,8.05658911112724,0
2005-06-20,8.207476540363357,8.117841310603579,8.207476540363357,8.117841310603579,0
2005-06-21,8.214972336205639,8.207476540363357,8.214972336205639,8.207476540363357,0
2005-06-22,8.228552299670211,8.214972336205639,8.228552299670211,8.214972336205639,0
2005-06-23,8.248260416313522,8.228552299670211,8.248260416313522,8.228552299670211,0
2005-06-24,7.899573069689421,8.248260416313522,8.248260416313522,7.899573069689421,0
2005-06-27,7.724980947153867,7.899573069689421,7.899573069689421,7.724980947153867,0
2005-06-28,7.757496432991816,7.724980947153867,7.757496432991816,7.724980947153867,0
2005-06-29,7.9522361245183575,7.757496432991816,7.9522361245183575,7.757496432991816,0
2005-06-30,7.888089730622795,7.9522361245183575,7.9522361245183575,7.888089730622795,0
2005-07-01,7.759139208883291,7.888089730622795,7.888089730622795,7.759139208883291,0
2005-07-05,7.826903824279713,7.759139208883291,7.826903824279713,7.759139208883291,0
2005-07-06,8.014890518804386,7.826903824279713,8.014890518804386,7.826903824279713,0
2005-07-07,7.812739963824754,8.014890518804386,8.014890518804386,7.812739963824754,0
2005-07-08,7.90433379399562,7.812739963824754,7.90433379399562,7.812739963824754,0
2005-07-11,8.174579800306194,7.90433379399562,8.174579800306194,7.90433379399562,0
2005-07-12,8.29929134381177,8.174579800306194,8.29929134381177,8.174579800306194,0
2005-07-13,8.363996519412083,8.29929134381177,8.363996519412083,8.29929134381177,0
2005-07-14,8.398260941098876,8.363996519412083,8.398260941098876,8.363996519412083,0
2005-07-15,8.496406700761455,8.398260941098876,8.496406700761455,8.398260941098876,0
2005-07-18,8.481240065699753,8.496406700761455,8.496406700761455,8.481240065699753,0
2005-07-19,8.379108696887792,8.481240065699753,8.481240065699753,8.379108696887792,0
2005-07-20,8.516109922865851,8.379108696887792,8.516109922865851,8.379108696887792,0
2005-07-21,8.60269418116057,8.516109922865851,8.60269418116057,8.516109922865851,0
2005-07-22,8.451507163357862,8.60269418116057,8.60269418116057,8.451507163357862,0
2005-07-25,8.620279776095737,8.451507163357862,8.620279776095737,8.451507163357862,0
2005-07-26,8.546365307637268,8.620279776095737,8.620279776095737,8.546365307637268,0
2005-07-27,8.576952056116099,8.546365307637268,8.576952056116099,8.546365307637268,0
2005-07-28,8.670163256135213,8.576952056116099,8.670163256135213,8.576952056116099,0
2005-07-29,8.833402337832986,8.670163256135213,8.833402337832986,8.670163256135213,0
2005-08-01,8.656160798755208,8.833402337832986,8.833402337832986,8.656160798755208,0
2005-08-02,8.636625038108738,8.656160798755208,8.656160798755208,8.636625038108738,0
2005-08-03,8.791026285574224,8.636625038108738,8.791026285574224,8.636625038108738,0
2005-08-04,8.860323595314421,8.791026285574224,8.860323595314421,8.791026285574224,0
2005-08-05,8.646531533332057,8.860323595314421,8.860323595314421,8.646531533332057,0
2005-08-08,8.469763673655386,8.646531533332057,8.646531533332057,8.469763673655386,0
2005-08-09,8.421553350266272,8.469763673655386,8.469763673655386,8.421553350266272,0
2005-08-10,8.573342428387699,8.421553350266272,8.573342428387699,8.421553350266272,0
2005-08-11,8.56019512723309,8.573342428387699,8.573342428387699,8.56019512723309,0
2005-08-12,8.66157269194999,8.56019512723309,8.66157269194999,8.56019512723309,0
2005-08-15,8.501421624420972,8.66157269194999,8.66157269194999,8.501421624420972,0
2005-08-16,8.658289630388841,8.501421624420972,8.658289630388841,8.501421624420972,0
2005-08-17,8.319885965404692,8.658289630388841,8.658289630388841,8.319885965404692,0
2005-08-18,8.317223297810513,8.319885965404692,8.319885965404692,8.317223297810513,0
2005-08-19,8.314542993736966,8.317223297810513,8.317223297810513,8.314542993736966,0
2005-08-22,8.371072133931271,8.314542993736966,8.371072133931271,8.314542993736966,0
2005-08-23,8.370437659813184,8.371072133931271,8.371072133931271,8.370437659813184,0
2005-08-24,8.32264910815612,8.370437659813184,8.370437659813184,8.32264910815612,0
2005-08-25,8.099375982902734,8.32264910815612,8.32264910815612,8.099375982902734,0
2005-08-26,8.187003825428881,8.099375982902734,8.187003825428881,8.099375982902734,0
2005-08-29,8.01873716248917,8.187003825428881,8.187003825428881,8.01873716248917,0
2005-08-30,8.20338378263747,8.01873716248917,8.20338378263747,8.01873716248917,0
2005-08-31,8.073326900452425,8.20338378263747,8.20338378263747,8.073326900452425,0
2005-09-01,8.378852672505499,8.073326900452425,8.378852672505499,8.073326900452425,0
2005-09-02,8.35975142224805,8.378852672505499,8.378852672505499,8.35975142224805,0
2005-09-06,8.314080187422535,8.35975142224805,8.35975142224805,8.314080187422535,0
2005-09-07,8.605169348048488,8.314080187422535,8.605169348048488,8.314080187422535,0
2005-09-08,8.64833761748281,8.605169348048488,8.64833761748281,8.605169348048488,0
2005-09-09,8.561827026928748,8.64833761748281,8.64833761748281,8.561827026928748,0
2005-09-12,8.789965359223554,8.561827026928748,8.789965359223554,8.561827026928748,0
2005-09-13,8.736378746622094,8.789965359223554,8.789965359223554,8.736378746622094,0
2005-09-14,8.590292462748305,8.736378746622094,8.736378746622094,8.590292462748305,0
2005-09-15,8.495858630011591,8.590292462748305,8.590292462748305,8.495858630011591,0
2005-09-16,8.482802779649864,8.495858630011591,8.495858630011591,8.482802779649864,0
2005-09-19,8.663117689950099,8.482802779649864,8.663117689950099,8.482802779649864,0
2005-09-20,8.576184529622491,8.663117689950099,8.663117689950099,8.576184529622491,0
2005-09-21,8.358159687376489,8.576184529622491,8.576184529622491,8.358159687376489,0
2005-09-22,8.123309246274848,8.358159687376489,8.358159687376489,8.123309246274848,0
2005-09-23,8.209372636391906,8.123309246274848,8.209372636391906,8.123309246274848,0
2005-09-26,8.22903394580314,8.209372636391906,8.22903394580314,8.209372636391906,0
2005-09-27,8.256874922557339,8.22903394580314,8.256874922557339,8.22903394580314,0
2005-09-28,8.25013886646708,8.256874922557339,8.256874922557339,8.25013886646708,0
2005-09-29,8.273949691766276,8.25013886646708,8.273949691766276,8.25013886646708,0
2005-09-30,8.47528942650485,8.273949691766276,8.47528942650485,8.273949691766276,0
2005-10-03,8.55341206415628,8.47528942650485,8.55341206415628,8.47528942650485,0
2005-10-04,8.46100674140805,8.55341206415628,8.55341206415628,8.46100674140805,0
2005-10-05,8.174649485611694,8.46100674140805,8.46100674140805,8.174649485611694,0
2005-10-06,7.852353905584922,8.174649485611694,8.174649485611694,7.852353905584922,0
2005-10-07,7.767089757710188,7.852353905584922,7.852353905584922,7.767089757710188,0
2005-10-10,7.846646595762731,7.767089757710188,7.846646595762731,7.767089757710188,0
2005-10-11,7.647279626066898,7.846646595762731,7.846646595762731,7.647279626066898,0
2005-10-12,7.613821546971258,7.647279626066898,7.647279626066898,7.613821546971258,0
2005-10-13,7.433868799994135,7.613821546971258,7.613821546971258,7.433868799994135,0
2005-10-14,7.42001291740552,7.433868799994135,7.433868799994135,7.42001291740552,0
2005-10-17,7.654515096307662,7.42001291740552,7.654515096307662,7.42001291740552,0
2005-10-18,7.739074982981489,7.654515096307662,7.739074982981489,7.654515096307662,0
2005-10-19,7.487042006864236,7.739074982981489,7.739074982981489,7.487042006864236,0
2005-10-20,7.860130226072996,7.487042006864236,7.860130226072996,7.487042006864236,0
2005-10-21,7.444142429207283,7.860130226072996,7.860130226072996,7.444142429207283,0
2005-10-24,7.53088292675507,7.444142429207283,7.53088292675507,7.444142429207283,0
2005-10-25,7.8802975506444515,7.53088292675507,7.8802975506444515,7.53088292675507,0
2005-10-26,7.832408931055424,7.8802975506444515,7.8802975506444515,7.832408931055424,0
2005-10-27,7.763121320561755,7.832408931055424,7.832408931055424,7.763121320561755,0
2005-10-28,7.51476413632485,7.763121320561755,7.763121320561755,7.51476413632485,0
2005-10-31,7.838702905743196,7.51476413632485,7.838702905743196,7.51476413632485,0
2005-11-01,7.902887379477642,7.838702905743196,7.902887379477642,7.838702905743196,0
2005-11-02,7.973325843268196,7.902887379477642,7.973325843268196,7.902887379477642,0
2005-11-03,8.222873616716543,7.973325843268196,8.222873616716543,7.973325843268196,0
2005-11-04,8.327607138313521,8.222873616716543,8.327607138313521,8.222873616716543,0
2005-11-07,8.294278368107188,8.327607138313521,8.327607138313521,8.294278368107188,0
2005-11-08,8.31810620097553,8.294278368107188,8.31810620097553,8.294278368107188,0
2005-11-09,8.317475741338868,8.31810620097553,8.31810620097553,8.317475741338868,0
2005-11-10,8.349509269432195,8.317475741338868,8.349509269432195,8.317475741338868,0
2005-11-11,8.54330713065518,8.349509269432195,8.54330713065518,8.349509269432195,0
2005-11-14,8.629923662930361,8.54330713065518,8.629923662930361,8.54330713065518,0
2005-11-15,8.614640028456828,8.629923662930361,8.629923662930361,8.614640028456828,0
2005-11-16,8.519956169916446,8.614640028456828,8.614640028456828,8.519956169916446,0
2005-11-17,8.571166887922107,8.519956169916446,8.571166887922107,8.519956169916446,0
2005-11-18,8.809967735356059,8.571166887922107,8.809967735356059,8.571166887922107,0
2005-11-21,8.913199874438563,8.809967735356059,8.913199874438563,8.809967735356059,0
2005-11-22,9.047159258611291,8.913199874438563,9.047159258611291,8.913199874438563,0
2005-11-23,9.163022501831891,9.047159258611291,9.163022501831891,9.047159258611291,0
2005-11-25,9.321200134643881,9.163022501831891,9.321200134643881,9.163022501831891,0
2005-11-28,9.342507414833678,9.321200134643881,9.342507414833678,9.321200134643881,0
2005-11-29,9.143376249957447,9.342507414833678,9.342507414833678,9.143376249957447,0
2005-11-30,9.112270508275467,9.143376249957447,9.143376249957447,9.112270508275467,0
2005-12-01,8.964151574960448,9.112270508275467,9.112270508275467,8.964151574960448,0
2005-12-02,9.23795201740112,8.964151574960448,9.23795201740112,8.964151574960448,0
2005-12-05,9.272243689975097,9.23795201740112,9.272243689975097,9.23795201740112,0
2005-12-06,9.212327350922603,9.272243689975097,9.272243689975097,9.212327350922603,0
2005-12-07,9.264049734203649,9.212327350922603,9.264049734203649,9.212327350922603,0
2005-12-08,9.10116959272473,9.264049734203649,9.264049734203649,9.10116959272473,0
2005-12-09,9.08315830388374,9.10116959272473,9.10116959272473,9.08315830388374,0
2005-12-12,9.15384142772457,9.08315830388374,9.15384142772457,9.08315830388374,0
2005-12-13,9.179222418612149,9.15384142772457,9.179222418612149,9.15384142772457,0
2005-12-14,9.36582196955167,9.179222418612149,9.36582196955167,9.179222418612149,0
2005-12-15,9.475454734130908,9.36582196955167,9.475454734130908,9.36582196955167,0
2005-12-16,9.392448212684087,9.475454734130908,9.475454734130908,9.392448212684087,0
2005-12-19,9.301051217388984,9.392448212684087,9.392448212684087,9.301051217388984,0
2005-12-20,9.156806548166658,9.301051217388984,9.301051217388984,9.156806548166658,0
2005-12-21,9.182348865472337,9.156806548166658,9.182348865472337,9.156806548166658,0
2005-12-22,9.225428657391717,9.182348865472337,9.225428657391717,9.182348865472337,0
2005-12-23,9.369673247378698,9.225428657391717,9.369673247378698,9.225428657391717,0
2005-12-27,9.38449362812651,9.369673247378698,9.38449362812651,9.369673247378698,0
2005-12-28,9.097262481516392,9.38449362812651,9.38449362812651,9.097262481516392,0
2005-12-29,9.1574924372797,9.097262481516392,9.1574924372797,9.097262481516392,0
2005-12-30,9.034455043635914,9.1574924372797,9.1574924372797,9.034455043635914,0
2006-01-03,8.886537541896855,9.034455043635914,9.034455043635914,8.886537541896855,0
2006-01-04,9.3547818138004,8.886537541896855,9.3547818138004,8.886537541896855,0
2006-01-05,9.486969692821042,9.3547818138004,9.486969692821042,9.3547818138004,0
2006-01-06,9.504148341660398,9.486969692821042,9.504148341660398,9.486969692821042,0
2006-01-09,9.740685381233657,9.504148341660398,9.740685381233657,9.504148341660398,0
2006-01-10,9.815024598549565,9.740685381233657,9.815024598549565,9.740685381233657,0
2006-01-11,9.844003474247966,9.815024598549565,9.844003474247966,9.815024598549565,0
2006-01-12,9.93720119323559,9.844003474247966,9.93720119323559,9.844003474247966,0
2006-01-13,9.818867024221348,9.93720119323559,9.93720119323559,9.818867024221348,0
2006-01-17,9.790682242498837,9.818867024221348,9.818867024221348,9.790682242498837,0
2006-01-18,9.710048020032762,9.790682242498837,9.790682242498837,9.710048020032762,0
2006-01-19,9.59353891466517,9.710048020032762,9.710048020032762,9.59353891466517,0
2006-01-20,9.703154054867024,9.59353891466517,9.703154054867024,9.59353891466517,0
2006-01-23,9.171544775755635,9.703154054867024,9.703154054867024,9.171544775755635,0
2006-01-24,9.269141117745338,9.171544775755635,9.269141117745338,9.171544775755635,0
2006-01-25,9.297034934491819,9.269141117745338,9.297034934491819,9.269141117745338,0
2006-01-26,9.320568111324183,9.297034934491819,9.320568111324183,9.297034934491819,0
2006-01-27,9.474392260330063,9.320568111324183,9.474392260330063,9.320568111324183,0
2006-01-30,9.737015630808113,9.474392260330063,9.737015630808113,9.474392260330063,0
2006-01-31,9.713555655746251,9.737015630808113,9.737015630808113,9.713555655746251,0
2006-02-01,9.499555423672591,9.713555655746251,9.713555655746251,9.499555423672591,0
2006-02-02,9.697765524941842,9.499555423672591,9.697765524941842,9.499555423672591,0
2006-02-03,9.359396397821323,9.697765524941842,9.697765524941842,9.359396397821323,0
2006-02-06,9.219298918923883,9.359396397821323,9.359396397821323,9.219298918923883,0
2006-02-07,9.290882584515131,9.219298918923883,9.290882584515131,9.219298918923883,0
2006-02-08,9.043587002237794,9.290882584515131,9.290882584515131,9.043587002237794,0
2006-02-09,9.289386481276667,9.043587002237794,9.289386481276667,9.043587002237794,0
2006-02-10,9.242457122863158,9.289386481276667,9.289386481276667,9.242457122863158,0
2006-02-13,9.292206646210087,9.242457122863158,9.292206646210087,9.242457122863158,0
2006-02-14,9.240872875274126,9.292206646210087,9.292206646210087,9.240872875274126,0
2006-02-15,9.534046418015802,9.240872875274126,9.534046418015802,9.240872875274126,0
2006-02-16,9.634069103328814,9.534046418015802,9.634069103328814,9.534046418015802,0
2006-02-17,9.849772590363287,9.634069103328814,9.849772590363287,9.634069103328814,0
2006-02-21,9.768958016504206,9.849772590363287,9.849772590363287,9.768958016504206,0
2006-02-22,9.69541864608041,9.768958016504206,9.768958016504206,9.69541864608041,0
2006-02-23,9.871253785966026,9.69541864608041,9.871253785966026,9.69541864608041,0
2006-02-24,9.826963205159336,9.871253785966026,9.871253785966026,9.826963205159336,0
2006-02-27,9.901598036613645,9.826963205159336,9.901598036613645,9.826963205159336,0
2006-02-28,9.912319078164236,9.901598036613645,9.912319078164236,9.901598036613645,0
2006-03-01,9.629038681341614,9.912319078164236,9.912319078164236,9.629038681341614,0
2006-03-02,9.885117122094766,9.629038681341614,9.885117122094766,9.629038681341614,0
2006-03-03,9.88208586770886,9.885117122094766,9.885117122094766,9.88208586770886,0
2006-03-06,9.743830595958695,9.88208586770886,9.88208586770886,9.743830595958695,0
2006-03-07,9.609135332227446,9.743830595958695,9.743830595958695,9.609135332227446,0
2006-03-08,9.563430441310954,9.609135332227446,9.609135332227446,9.563430441310954,0
2006-03-09,9.623241312655733,9.563430441310954,9.623241312655733,9.563430441310954,0
2006-03-10,9.428915510938259,9.623241312655733,9.623241312655733,9.428915510938259,0
2006-03-13,9.696886448631181,9.428915510938259,9.696886448631181,9.428915510938259,0
2006-03-14,9.75044941464287,9.696886448631181,9.75044941464287,9.696886448631181,0
2006-03-15,10.05623287890198,9.75044941464287,10.05623287890198,9.75044941464287,0
2006-03-16,10.189884009482519,10.05623287890198,10.189884009482519,10.05623287890198,0
2006-03-17,10.252233950569208,10.189884009482519,10.252233950569208,10.189884009482519,0
2006-03-20,10.277145950971972,10.252233950569208,10.277145950971972,10.252233950569208,0
2006-03-21,10.226806092089209,10.277145950971972,10.277145950971972,10.226806092089209,0
2006-03-22,10.033098509945557,10.226806092089209,10.226806092089209,10.033098509945557,0
2006-03-23,10.215848114187894,10.033098509945557,10.215848114187894,10.033098509945557,0
2006-03-24,10.151597544801238,10.215848114187894,10.215848114187894,10.151597544801238,0
2006-03-27,10.174229649391744,10.151597544801238,10.174229649391744,10.151597544801238,0
2006-03-28,10.128932243630127,10.174229649391744,10.174229649391744,10.128932243630127,0
2006-03-29,9.941199628781538,10.128932243630127,10.128932243630127,9.941199628781538,0
2006-03-30,10.127388238456298,9.941199628781538,10.127388238456298,9.941199628781538,0
2006-03-31,10.072877457455075,10.127388238456298,10.127388238456298,10.072877457455075,0
2006-04-03,10.079098714333242,10.072877457455075,10.079098714333242,10.072877457455075,0
2006-04-04,10.05504253716632,10.079098714333242,10.079098714333242,10.05504253716632,0
2006-04-05,10.247264765977759,10.05504253716632,10.247264765977759,10.05504253716632,0
2006-04-06,10.35245229552565,10.247264765977759,10.35245229552565,10.247264765977759,0
2006-04-07,10.31848050576852,10.35245229552565,10.35245229552565,10.31848050576852,0
2006-04-10,10.003098101707893,10.31848050576852,10.31848050576852,10.003098101707893,0
2006-04-11,10.048676673831926,10.003098101707893,10.048676673831926,10.003098101707893,0
2006-04-12,9.792329863474942,10.048676673831926,10.048676673831926,9.792329863474942,0
2006-04-13,9.846388835234682,9.792329863474942,9.846388835234682,9.792329863474942,0
2006-04-17,9.806682161574347,9.846388835234682,9.846388835234682,9.806682161574347,0
2006-04-18,9.79450765654977,9.806682161574347,9.806682161574347,9.79450765654977,0
2006-04-19,10.259662086689028,9.79450765654977,10.259662086689028,9.79450765654977,0
2006-04-20,10.31776241643313,10.259662086689028,10.31776241643313,10.259662086689028,0
2006-04-21,10.359525327250342,10.31776241643313,10.359525327250342,10.31776241643313,0
2006-04-24,10.363471814934675,10.359525327250342,10.363471814934675,10.359525327250342,0
2006-04-25,10.305809307247742,10.363471814934675,10.363471814934675,10.305809307247742,0
2006-04-26,10.177481424829653,10.305809307247742,10.305809307247742,10.177481424829653,0
2006-04-27,10.183746801055541,10.177481424829653,10.183746801055541,10.177481424829653,0
2006-04-28,10.330573136749145,10.183746801055541,10.330573136749145,10.183746801055541,0
2006-05-01,10.433861106747322,10.330573136749145,10.433861106747322,10.330573136749145,0
2006-05-02,10.178318097971685,10.433861106747322,10.433861106747322,10.178318097971685,0
2006-05-03,10.407017420909863,10.178318097971685,10.407017420909863,10.178318097971685,0
2006-05-04,10.289787634596928,10.407017420909863,10.407017420909863,10.289787634596928,0
2006-05-05,10.399857026300698,10.289787634596928,10.399857026300698,10.289787634596928,0
2006-05-08,10.67458868302093,10.399857026300698,10.67458868302093,10.399857026300698,0
2006-05-09,10.635119939802504,10.67458868302093,10.67458868302093,10.635119939802504,0
2006-05-10,10.69697387510155,10.635119939802504,10.69697387510155,10.635119939802504,0
2006-05-11,10.679214760190238,10.69697387510155,10.69697387510155,10.679214760190238,0
2006-05-12,10.291693573909772,10.679214760190238,10.679214760190238,10.291693573909772,0
2006-05-15,9.887736996054883,10.291693573909772,10.291693573909772,9.887736996054883,0
2006-05-16,9.946658160527367,9.887736996054883,9.946658160527367,9.887736996054883,0
2006-05-17,9.902114889478279,9.946658160527367,9.946658160527367,9.902114889478279,0
2006-05-18,9.336239206702244,9.902114889478279,9.902114889478279,9.336239206702244,0
2006-05-19,9.194215962242641,9.336239206702244,9.336239206702244,9.194215962242641,0
2006-05-22,9.38802657076446,9.194215962242641,9.38802657076446,9.194215962242641,0
2006-05-23,9.172377996113049,9.38802657076446,9.38802657076446,9.172377996113049,0
2006-05-24,8.962238557719596,9.172377996113049,9.172377996113049,8.962238557719596,0
2006-05-25,9.176365747432314,8.962238557719596,9.176365747432314,8.962238557719596,0
2006-05-26,9.516042354949905,9.176365747432314,9.516042354949905,9.176365747432314,0
2006-05-30,9.660599449532917,9.516042354949905,9.660599449532917,9.516042354949905,0
2006-05-31,9.145151929395656,9.660599449532917,9.660599449532917,9.145151929395656,0
2006-06-01,9.451233731376236,9.145151929395656,9.451233731376236,9.145151929395656,0
2006-06-02,9.721798787218551,9.451233731376236,9.721798787218551,9.451233731376236,0
2006-06-05,9.782245226584225,9.721798787218551,9.782245226584225,9.721798787218551,0
2006-06-06,9.353808945807655,9.782245226584225,9.782245226584225,9.353808945807655,0
2006-06-07,9.284670435605566,9.353808945807655,9.353808945807655,9.284670435605566,0
2006-06-08,9.075299967900255,9.284670435605566,9.284670435605566,9.075299967900255,0
2006-06-09,9.050823514282623,9.075299967900255,9.075299967900255,9.050823514282623,0
2006-06-12,8.96375921594789,9.050823514282623,9.050823514282623,8.96375921594789,0
2006-06-13,8.671324163091853,8.96375921594789,8.96375921594789,8.671324163091853,0
2006-06-14,8.368539715385614,8.671324163091853,8.671324163091853,8.368539715385614,0
2006-06-15,8.562516045392114,8.368539715385614,8.562516045392114,8.368539715385614,0
2006-06-16,9.10682290802837,8.562516045392114,9.10682290802837,8.562516045392114,0
2006-06-19,8.907046029442089,9.10682290802837,9.10682290802837,8.907046029442089,0
2006-06-20,8.696282220148701,8.907046029442089,8.907046029442089,8.696282220148701,0
2006-06-21,8.784232857383403,8.696282220148701,8.784232857383403,8.696282220148701,0
2006-06-22,8.978946398737012,8.784232857383403,8.978946398737012,8.784232857383403,0
2006-06-23,8.859756078065507,8.978946398737012,8.978946398737012,8.859756078065507,0
2006-06-26,8.854813918350725,8.859756078065507,8.859756078065507,8.854813918350725,0
2006-06-27,8.97154478797865,8.854813918350725,8.97154478797865,8.854813918350725,0
2006-06-28,8.738301782310112,8.97154478797865,8.97154478797865,8.738301782310112,0
2006-06-29,8.91535637845012,8.738301782310112,8.91535637845012,8.738301782310112,0
2006-06-30,9.454961805353436,8.91535637845012,9.454961805353436,8.91535637845012,0
2006-07-03,9.456472414791573,9.454961805353436,9.456472414791573,9.454961805353436,0
2006-07-05,9.571652548318053,9.456472414791573,9.571652548318053,9.456472414791573,0
2006-07-06,9.406905886415519,9.571652548318053,9.571652548318053,9.406905886415519,0
2006-07-07,9.488369563418221,9.406905886415519,9.488369563418221,9.406905886415519,0
2006-07-10,9.302258616546242,9.488369563418221,9.488369563418221,9.302258616546242,0
2006-07-11,9.35445692147187,9.302258616546242,9.35445692147187,9.302258616546242,0
2006-07-12,9.477641187103385,9.35445692147187,9.477641187103385,9.35445692147187,0
2006-07-13,9.173424271465818,9.477641187103385,9.477641187103385,9.173424271465818,0
2006-07-14,8.72516265451095,9.173424271465818,9.173424271465818,8.72516265451095,0
2006-07-17,8.623169844553404,8.72516265451095,8.72516265451095,8.623169844553404,0
2006-07-18,8.584808271865164,8.623169844553404,8.623169844553404,8.584808271865164,0
2006-07-19,8.715713781853783,8.584808271865164,8.715713781853783,8.584808271865164,0
2006-07-20,9.077832267230814,8.715713781853783,9.077832267230814,8.715713781853783,0
2006-07-21,8.89080373854479,9.077832267230814,9.077832267230814,8.89080373854479,0
2006-07-24,8.702100623114944,8.89080373854479,8.89080373854479,8.702100623114944,0
2006-07-25,9.17742890555939,8.702100623114944,9.17742890555939,8.702100623114944,0
2006-07-26,9.27490858526491,9.17742890555939,9.27490858526491,9.17742890555939,0
2006-07-27,9.311543399358007,9.27490858526491,9.311543399358007,9.27490858526491,0
2006-07-28,9.284420047272693,9.311543399358007,9.311543399358007,9.284420047272693,0
2006-07-31,9.562880017424495,9.284420047272693,9.562880017424495,9.284420047272693,0
2006-08-01,9.533013370332373,9.562880017424495,9.562880017424495,9.533013370332373,0
2006-08-02,9.391374655930576,9.533013370332373,9.533013370332373,9.391374655930576,0
2006-08-03,9.581116113387521,9.391374655930576,9.581116113387521,9.391374655930576,0
2006-08-04,9.656680579727702,9.581116113387521,9.656680579727702,9.581116113387521,0
2006-08-07,9.606327379373981,9.656680579727702,9.656680579727702,9.606327379373981,0
2006-08-08,9.53815794318674,9.606327379373981,9.606327379373981,9.53815794318674,0
2006-08-09,9.427813440979266,9.53815794318674,9.53815794318674,9.427813440979266,0
2006-08-10,9.331636743617175,9.427813440979266,9.427813440979266,9.331636743617175,0
2006-08-11,9.416912777356057,9.331636743617175,9.416912777356057,9.331636743617175,0
2006-08-14,9.336367248552941,9.416912777356057,9.416912777356057,9.336367248552941,0
2006-08-15,9.357702473919277,9.336367248552941,9.357702473919277,9.336367248552941,0
2006-08-16,9.692696205116798,9.357702473919277,9.692696205116798,9.357702473919277,0
2006-08-17,9.933839267768736,9.692696205116798,9.933839267768736,9.692696205116798,0
2006-08-18,10.008916625931292,9.933839267768736,10.008916625931292,9.933839267768736,0
2006-08-21,10.16056677582349,10.008916625931292,10.16056677582349,10.008916625931292,0
2006-08-22,10.029188748311068,10.16056677582349,10.16056677582349,10.029188748311068,0
2006-08-23,10.026110378675893,10.029188748311068,10.029188748311068,10.026110378675893,0
2006-08-24,9.942122548092298,10.026110378675893,10.026110378675893,9.942122548092298,0
2006-08-25,9.916088762650446,9.942122548092298,9.942122548092298,9.916088762650446,0
2006-08-28,9.952047629250872,9.916088762650446,9.952047629250872,9.916088762650446,0
2006-08-29,10.093904239581674,9.952047629250872,10.093904239581674,9.952047629250872,0
2006-08-30,10.127966854404008,10.093904239581674,10.127966854404008,10.093904239581674,0
2006-08-31,10.145819519477815,10.127966854404008,10.145819519477815,10.127966854404008,0
2006-09-01,10.140389464468049,10.145819519477815,10.145819519477815,10.140389464468049,0
2006-09-05,10.321230382832805,10.140389464468049,10.321230382832805,10.140389464468049,0
2006-09-06,10.37935785739072,10.321230382832805,10.37935785739072,10.321230382832805,0
2006-09-07,10.10424507779428,10.37935785739072,10.37935785739072,10.10424507779428,0
2006-09-08,9.964131744763868,10.10424507779428,10.10424507779428,9.964131744763868,0
2006-09-11,10.048520594612478,9.964131744763868,10.048520594612478,9.964131744763868,0
2006-09-12,10.07783504131879,10.048520594612478,10.07783504131879,10.048520594612478,0
2006-09-13,10.3738209530251,10.07783504131879,10.3738209530251,10.07783504131879,0
2006-09-14,10.498278433845682,10.3738209530251,10.498278433845682,10.3738209530251,0
2006-09-15,10.499868398766752,10.498278433845682,10.499868398766752,10.498278433845682,0
2006-09-18,10.573005002826868,10.499868398766752,10.573005002826868,10.499868398766752,0
2006-09-19,10.615468072382416,10.573005002826868,10.615468072382416,10.573005002826868,0
2006-09-20,10.5351308679653,10.615468072382416,10.615468072382416,10.5351308679653,0
2006-09-21,10.702184500121914,10.5351308679653,10.702184500121914,10.5351308679653,0
2006-09-22,10.546291291645066,10.702184500121914,10.702184500121914,10.546291291645066,0
2006-09-25,10.449524146001151,10.546291291645066,10.546291291645066,10.449524146001151,0
2006-09-26,10.689565585215151,10.449524146001151,10.689565585215151,10.449524146001151,0
2006-09-27,10.95501711712751,10.689565585215151,10.95501711712751,10.689565585215151,0
2006-09-28,10.993566835402277,10.95501711712751,10.993566835402277,10.95501711712751,0
2006-09-29,10.980408781343826,10.993566835402277,10.993566835402277,10.980408781343826,0
2006-10-02,10.952452384697654,10.980408781343826,10.980408781343826,10.952452384697654,0
2006-10-03,10.828642075818804,10.952452384697654,10.952452384697654,10.828642075818804,0
2006-10-04,10.896177917356775,10.828642075818804,10.896177917356775,10.828642075818804,0
2006-10-05,11.277726497586821,10.896177917356775,11.277726497586821,10.896177917356775,0
2006-10-06,11.342080265781544,11.277726497586821,11.342080265781544,11.277726497586821,0
2006-10-09,11.298430130961927,11.342080265781544,11.342080265781544,11.298430130961927,0
2006-10-10,11.317648031997456,11.298430130961927,11.317648031997456,11.298430130961927,0
2006-10-11,11.362039731970928,11.317648031997456,11.362039731970928,11.317648031997456,0
2006-10-12,11.320856750366046,11.362039731970928,11.362039731970928,11.320856750366046,0
2006-10-13,11.61409134656235,11.320856750366046,11.61409134656235,11.320856750366046,0
2006-10-16,11.702703382488291,11.61409134656235,11.702703382488291,11.61409134656235,0
2006-10-17,11.755773261224261,11.702703382488291,11.755773261224261,11.702703382488291,0
2006-10-18,11.644061418255665,11.755773261224261,11.755773261224261,11.644061418255665,0
2006-10-19,11.689274499434008,11.644061418255665,11.689274499434008,11.644061418255665,0
2006-10-20,11.744873417920262,11.689274499434008,11.744873417920262,11.689274499434008,0
2006-10-23,11.751704513214865,11.744873417920262,11.751704513214865,11.744873417920262,0
2006-10-24,11.913126892860207,11.751704513214865,11.913126892860207,11.751704513214865,0
2006-10-25,12.018817274308283,11.913126892860207,12.018817274308283,11.913126892860207,0
2006-10-26,12.140828602111812,12.018817274308283,12.140828602111812,12.018817274308283,0
2006-10-27,12.25309547343368,12.140828602111812,12.25309547343368,12.140828602111812,0
2006-10-30,12.021725240554217,12.25309547343368,12.25309547343368,12.021725240554217,0
2006-10-31,11.994679897276596,12.021725240554217,12.021725240554217,11.994679897276596,0
2006-11-01,11.988534733051944,11.994679897276596,11.994679897276596,11.988534733051944,0
2006-11-02,11.744883615917232,11.988534733051944,11.988534733051944,11.744883615917232,0
2006-11-03,11.723388255376644,11.744883615917232,11.744883615917232,11.723388255376644,0
2006-11-06,11.66078941425102,11.723388255376644,11.723388255376644,11.66078941425102,0
2006-11-07,12.054483601147444,11.66078941425102,12.054483601147444,11.66078941425102,0
2006-11-08,12.19236212382505,12.054483601147444,12.19236212382505,12.054483601147444,0
2006-11-09,12.270606815572867,12.19236212382505,12.270606815572867,12.19236212382505,0
2006-11-10,12.076221644010944,12.270606815572867,12.270606815572867,12.076221644010944,0
2006-11-13,12.09104440507141,12.076221644010944,12.09104440507141,12.076221644010944,0
2006-11-14,12.179326335651844,12.09104440507141,12.179326335651844,12.09104440507141,0
2006-11-15,12.452624282794112,12.179326335651844,12.452624282794112,12.179326335651844,0
2006-11-16,12.558681875323405,12.452624282794112,12.558681875323405,12.452624282794112,0
2006-11-17,12.654619842291192,12.558681875323405,12.654619842291192,12.558681875323405,0
2006-11-20,12.664477028458142,12.654619842291192,12.664477028458142,12.654619842291192,0
2006-11-21,12.685154541435471,12.664477028458142,12.685154541435471,12.664477028458142,0
2006-11-22,12.72210620140458,12.685154541435471,12.72210620140458,12.685154541435471,0
2006-11-24,12.797137183699423,12.72210620140458,12.797137183699423,12.72210620140458,0
2006-11-27,12.640885538520525,12.797137183699423,12.797137183699423,12.640885538520525,0
2006-11-28,12.118430956036205,12.640885538520525,12.640885538520525,12.118430956036205,0
2006-11-29,12.275120379213067,12.118430956036205,12.275120379213067,12.118430956036205,0
2006-11-30,12.658274480611873,12.275120379213067,12.658274480611873,12.275120379213067,0
2006-12-01,12.673527908279965,12.658274480611873,12.673527908279965,12.658274480611873,0
2006-12-04,12.588703670831034,12.673527908279965,12.673527908279965,12.588703670831034,0
2006-12-05,12.875941529984868,12.588703670831034,12.875941529984868,12.588703670831034,0
2006-12-06,13.041713963162842,12.875941529984868,13.041713963162842,12.875941529984868,0
2006-12-07,13.007623975812463,13.041713963162842,13.041713963162842,13.007623975812463,0
2006-12-08,12.836033979276278,13.007623975812463,13.007623975812463,12.836033979276278,0
2006-12-11,12.90598402001547,12.836033979276278,12.90598402001547,12.836033979276278,0
2006-12-12,13.017230331301086,12.90598402001547,13.017230331301086,12.90598402001547,0
2006-12-13,12.985975897865993,13.017230331301086,13.017230331301086,12.985975897865993,0
2006-12-14,13.026231939157494,12.985975897865993,13.026231939157494,12.985975897865993,0
2006-12-15,13.369534003810491,13.026231939157494,13.369534003810491,13.026231939157494,0
2006-12-18,13.372200523372495,13.369534003810491,13.372200523372495,13.369534003810491,0
2006-12-19,13.261274749593953,13.372200523372495,13.372200523372495,13.261274749593953,0
2006-12-20,13.335937890286639,13.261274749593953,13.335937890286639,13.261274749593953,0
2006-12-21,13.312438915126453,13.335937890286639,13.335937890286639,13.312438915126453,0
2006-12-22,13.165300348544623,13.312438915126453,13.312438915126453,13.165300348544623,0
2006-12-26,12.921682343242757,13.165300348544623,13.165300348544623,12.921682343242757,0
2006-12-27,13.149293790771344,12.921682343242757,13.149293790771344,12.921682343242757,0
2006-12-28,13.407420354997278,13.149293790771344,13.407420354997278,13.149293790771344,0
2006-12-29,13.32172926547836,13.407420354997278,13.407420354997278,13.32172926547836,0
2007-01-03,13.154908460333951,13.32172926547836,13.32172926547836,13.154908460333951,0
2007-01-04,13.084253482690253,13.154908460333951,13.154908460333951,13.084253482690253,0
2007-01-05,13.166565082218929,13.084253482690253,13.166565082218929,13.084253482690253,0
2007-01-08,12.850506996500952,13.166565082218929,13.166565082218929,12.850506996500952,0
2007-01-09,13.027823015068645,12.850506996500952,13.027823015068645,12.850506996500952,0
2007-01-10,12.993636209894042,13.027823015068645,13.027823015068645,12.993636209894042,0
2007-01-11,13.122515119759852,12.993636209894042,13.122515119759852,12.993636209894042,0
2007-01-12,13.293941920807207,13.122515119759852,13.293941920807207,13.122515119759852,0
2007-01-16,13.595947758603824,13.293941920807207,13.595947758603824,13.293941920807207,0
2007-01-17,13.515177094459542,13.595947758603824,13.595947758603824,13.515177094459542,0
2007-01-18,13.531175649365766,13.515177094459542,13.531175649365766,13.515177094459542,0
2007-01-19,13.393899884919502,13.531175649365766,13.531175649365766,13.393899884919502,0
2007-01-22,13.471837986621457,13.393899884919502,13.471837986621457,13.393899884919502,0
2007-01-23,13.346303764172797,13.471837986621457,13.471837986621457,13.346303764172797,0
2007-01-24,13.46338166200391,13.346303764172797,13.46338166200391,13.346303764172797,0
2007-01-25,13.787633478715415,13.46338166200391,13.787633478715415,13.46338166200391,0
2007-01-26,13.300976890148085,13.787633478715415,13.787633478715415,13.300976890148085,0
2007-01-29,13.263513127088077,13.300976890148085,13.300976890148085,13.263513127088077,0
2007-01-30,13.240100122566954,13.263513127088077,13.263513127088077,13.240100122566954,0
2007-01-31,13.44601419294278,13.240100122566954,13.44601419294278,13.240100122566954,0
2007-02-01,13.716204359381114,13.44601419294278,13.716204359381114,13.44601419294278,0
2007-02-02,13.961334633546128,13.716204359381114,13.961334633546128,13.716204359381114,0
2007-02-05,14.018211257114643,13.961334633546128,14.018211257114643,13.961334633546128,0
2007-02-06,14.028775730589132,14.018211257114643,14.028775730589132,14.018211257114643,0
2007-02-07,14.039344949640563,14.028775730589132,14.039344949640563,14.028775730589132,0
2007-02-08,14.13128701807481,14.039344949640563,14.13128701807481,14.039344949640563,0
2007-02-09,14.074751487962866,14.13128701807481,14.13128701807481,14.074751487962866,0
2007-02-12,13.759223333004881,14.074751487962866,14.074751487962866,13.759223333004881,0
2007-02-13,13.617660184466581,13.759223333004881,13.759223333004881,13.617660184466581,0
2007-02-14,13.961227131108656,13.617660184466581,13.961227131108656,13.617660184466581,0
2007-02-15,14.235208253081785,13.961227131108656,14.235208253081785,13.961227131108656,0
2007-02-16,14.289876998794977,14.235208253081785,14.289876998794977,14.235208253081785,0
2007-02-20,14.268194857965243,14.289876998794977,14.289876998794977,14.268194857965243,0
2007-02-21,14.358155765560886,14.268194857965243,14.358155765560886,14.268194857965243,0
2007-02-22,14.339389965588097,14.358155765560886,14.358155765560886,14.339389965588097,0
2007-02-23,14.30587943677622,14.339389965588097,14.339389965588097,14.30587943677622,0
2007-02-26,14.137085592213063,14.30587943677622,14.30587943677622,14.137085592213063,0
2007-02-27,14.098064770507579,14.137085592213063,14.137085592213063,14.098064770507579,0
2007-02-28,12.445087611060716,14.098064770507579,14.098064770507579,12.445087611060716,0
2007-03-01,12.826860225041742,12.445087611060716,12.826860225041742,12.445087611060716,0
2007-03-02,12.711211972084767,12.826860225041742,12.826860225041742,12.711211972084767,0
2007-03-05,12.210900528779243,12.711211972084767,12.711211972084767,12.210900528779243,0
2007-03-06,11.861262561176593,12.210900528779243,12.210900528779243,11.861262561176593,0
2007-03-07,12.46917442248991,11.861262561176593,12.46917442248991,11.861262561176593,0
2007-03-08,12.430751518498877,12.46917442248991,12.46917442248991,12.430751518498877,0
2007-03-09,12.745122055200246,12.430751518498877,12.745122055200246,12.430751518498877,0
2007-03-12,12.75502094124693,12.745122055200246,12.75502094124693,12.745122055200246,0
2007-03-13,12.811133303707607,12.75502094124693,12.811133303707607,12.75502094124693,0
2007-03-14,12.063240734995407,12.811133303707607,12.811133303707607,12.063240734995407,0
2007-03-15,12.33196559463475,12.063240734995407,12.33196559463475,12.063240734995407,0
2007-03-16,12.381482332344508,12.33196559463475,12.381482332344508,12.33196559463475,0
2007-03-19,12.276541144376528,12.381482332344508,12.381482332344508,12.276541144376528,0
2007-03-20,12.71959506994156,12.276541144376528,12.71959506994156,12.276541144376528,0
2007-03-21,12.928205320436456,12.71959506994156,12.928205320436456,12.71959506994156,0
2007-03-22,13.565519714473483,12.928205320436456,13.565519714473483,12.928205320436456,0
2007-03-23,13.533248025218748,13.565519714473483,13.565519714473483,13.533248025218748,0
2007-03-26,13.591773931878597,13.533248025218748,13.591773931878597,13.533248025218748,0
2007-03-27,13.536695238747697,13.591773931878597,13.591773931878597,13.536695238747697,0
2007-03-28,13.43925643748864,13.536695238747697,13.536695238747697,13.43925643748864,0
2007-03-29,13.144752479263449,13.43925643748864,13.43925643748864,13.144752479263449,0
2007-03-30,13.18546600934651,13.144752479263449,13.18546600934651,13.144752479263449,0
2007-04-02,13.192795319825937,13.18546600934651,13.192795319825937,13.18546600934651,0
2007-04-03,13.23639392092749,13.192795319825937,13.23639392092749,13.192795319825937,0
2007-04-04,13.66276952269354,13.23639392092749,13.66276952269354,13.23639392092749,0
2007-04-05,13.707374919908967,13.66276952269354,13.707374919908967,13.66276952269354,0
2007-04-09,13.817821168650894,13.707374919908967,13.817821168650894,13.707374919908967,0
2007-04-10,13.87426732287616,13.817821168650894,13.87426732287616,13.817821168650894,0
2007-04-11,13.922193837307258,13.87426732287616,13.922193837307258,13.87426732287616,0
2007-04-12,13.750740687565127,13.922193837307258,13.922193837307258,13.750740687565127,0
2007-04-13,13.93302603307951,13.750740687565127,13.93302603307951,13.750740687565127,0
2007-04-16,14.122676671731874,13.93302603307951,14.122676671731874,13.93302603307951,0
2007-04-17,14.523936150979921,14.122676671731874,14.523936150979921,14.122676671731874,0
2007-04-18,14.638670092240169,14.523936150979921,14.638670092240169,14.523936150979921,0
2007-04-19,14.691284265985328,14.638670092240169,14.691284265985328,14.638670092240169,0
2007-04-20,14.678207143368352,14.691284265985328,14.691284265985328,14.678207143368352,0
2007-04-23,15.092815951572222,14.678207143368352,15.092815951572222,14.678207143368352,0
2007-04-24,14.921067318682752,15.092815951572222,15.092815951572222,14.921067318682752,0
2007-04-25,14.938089890688758,14.921067318682752,14.938089890688758,14.921067318682752,0
2007-04-26,15.348440151733483,14.938089890688758,15.348440151733483,14.938089890688758,0
2007-04-27,15.399615374044833,15.348440151733483,15.399615374044833,15.348440151733483,0
2007-04-30,15.361411777460514,15.399615374044833,15.399615374044833,15.361411777460514,0
2007-05-01,14.978071721562667,15.361411777460514,15.361411777460514,14.978071721562667,0
2007-05-02,15.092096433485581,14.978071721562667,15.092096433485581,14.978071721562667,0
2007-05-03,15.355914325823735,15.092096433485581,15.355914325823735,15.092096433485581,0
2007-05-04,15.604291136709149,15.355914325823735,15.604291136709149,15.355914325823735,0
2007-05-07,15.780580921609408,15.604291136709149,15.780580921609408,15.604291136709149,0
2007-05-08,15.788788903030593,15.780580921609408,15.788788903030593,15.780580921609408,0
2007-05-09,15.724828392568982,15.788788903030593,15.788788903030593,15.724828392568982,0
2007-05-10,15.85194302150765,15.724828392568982,15.85194302150765,15.724828392568982,0
2007-05-11,15.353653923475814,15.85194302150765,15.85194302150765,15.353653923475814,0
2007-05-14,15.746665251928913,15.353653923475814,15.746665251928913,15.353653923475814,0
2007-05-15,15.642126820939396,15.746665251928913,15.746665251928913,15.642126820939396,0
2007-05-16,15.653406688271506,15.642126820939396,15.653406688271506,15.642126820939396,0
2007-05-17,15.973476924439623,15.653406688271506,15.973476924439623,15.653406688271506,0
2007-05-18,15.87742764406154,15.973476924439623,15.973476924439623,15.87742764406154,0
2007-05-21,16.291790427311646,15.87742764406154,16.291790427311646,15.87742764406154,0
2007-05-22,16.264930949410964,16.291790427311646,16.291790427311646,16.264930949410964,0
2007-05-23,16.22530441536789,16.264930949410964,16.264930949410964,16.22530441536789,0
2007-05-24,16.230456096189645,16.22530441536789,16.230456096189645,16.22530441536789,0
2007-05-25,15.788438157094271,16.230456096189645,16.230456096189645,15.788438157094271,0
2007-05-29,15.984788318410384,15.788438157094271,15.984788318410384,15.788438157094271,0
2007-05-30,16.157436547813358,15.984788318410384,16.157436547813358,15.984788318410384,0
2007-05-31,16.551050245858175,16.157436547813358,16.551050245858175,16.157436547813358,0
2007-06-01,16.498026157464896,16.551050245858175,16.551050245858175,16.498026157464896,0
2007-06-04,16.74210999609777,16.498026157464896,16.74210999609777,16.498026157464896,0
2007-06-05,16.74734419886707,16.74210999609777,16.74734419886707,16.74210999609777,0
2007-06-06,16.54720716010734,16.74734419886707,16.74734419886707,16.54720716010734,0
2007-06-07,16.012301230799018,16.54720716010734,16.54720716010734,16.012301230799018,0
2007-06-08,15.144260158039568,16.012301230799018,16.012301230799018,15.144260158039568,0
2007-06-11,15.734249310994866,15.144260158039568,15.734249310994866,15.144260158039568,0
2007-06-12,15.814318074325037,15.734249310994866,15.814318074325037,15.734249310994866,0
2007-06-13,15.295711117320142,15.814318074325037,15.814318074325037,15.295711117320142,0
2007-06-14,15.981434367844841,15.295711117320142,15.981434367844841,15.295711117320142,0
2007-06-15,16.28639093301595,15.981434367844841,16.28639093301595,15.981434367844841,0
2007-06-18,16.56313700778397,16.28639093301595,16.56313700778397,16.28639093301595,0
2007-06-19,16.503478236360518,16.56313700778397,16.56313700778397,16.503478236360518,0
2007-06-20,16.62523907323332,16.503478236360518,16.62523907323332,16.503478236360518,0
2007-06-21,15.930891945439784,16.62523907323332,16.62523907323332,15.930891945439784,0
2007-06-22,16.195279958275034,15.930891945439784,16.195279958275034,15.930891945439784,0
2007-06-25,15.736927811953585,16.195279958275034,16.195279958275034,15.736927811953585,0
2007-06-26,15.509944138409818,15.736927811953585,15.736927811953585,15.509944138409818,0
2007-06-27,15.030529036905895,15.509944138409818,15.509944138409818,15.030529036905895,0
2007-06-28,15.67097132649973,15.030529036905895,15.67097132649973,15.030529036905895,0
2007-06-29,15.663543864461685,15.67097132649973,15.67097132649973,15.663543864461685,0
2007-07-02,15.677959050261812,15.663543864461685,15.677959050261812,15.663543864461685,0
2007-07-03,16.101997134937736,15.677959050261812,16.101997134937736,15.677959050261812,0
2007-07-05,16.275823039790268,16.101997134937736,16.275823039790268,16.101997134937736,0
2007-07-06,16.22328747767338,16.275823039790268,16.275823039790268,16.22328747767338,0
2007-07-09,16.477925553424573,16.22328747767338,16.477925553424573,16.22328747767338,0
2007-07-10,16.515476653254357,16.477925553424573,16.515476653254357,16.477925553424573,0
2007-07-11,15.808717576736152,16.515476653254357,16.515476653254357,15.808717576736152,0
2007-07-12,16.143764993906736,15.808717576736152,16.143764993906736,15.808717576736152,0
2007-07-13,16.907288098446713,16.143764993906736,16.907288098446713,16.143764993906736,0
2007-07-16,17.05712467237073,16.907288098446713,17.05712467237073,16.907288098446713,0
2007-07-17,17.04923539907197,17.05712467237073,17.05712467237073,17.04923539907197,0
2007-07-18,17.021530431639146,17.04923539907197,17.04923539907197,17.021530431639146,0
2007-07-19,16.92783397887143,17.021530431639146,17.021530431639146,16.92783397887143,0
2007-07-20,17.123790375395576,16.92783397887143,17.123790375395576,16.92783397887143,0
2007-07-23,16.602379354497103,17.123790375395576,17.123790375395576,16.602379354497103,0
2007-07-24,16.75364956540805,16.602379354497103,16.75364956540805,16.602379354497103,0
2007-07-25,15.880809275781942,16.75364956540805,16.75364956540805,15.880809275781942,0
2007-07-26,15.977215239294702,15.880809275781942,15.977215239294702,15.880809275781942,0
2007-07-27,14.840989371587787,15.977215239294702,15.977215239294702,14.840989371587787,0
2007-07-30,13.9645823890002,14.840989371587787,14.840989371587787,13.9645823890002,0
2007-07-31,14.618893871112773,13.9645823890002,14.618893871112773,13.9645823890002,0
2007-08-01,14.123800631114554,14.618893871112773,14.618893871112773,14.123800631114554,0
2007-08-02,14.32916733600993,14.123800631114554,14.32916733600993,14.123800631114554,0
2007-08-03,14.671592446836339,14.32916733600993,14.671592446836339,14.32916733600993,0
2007-08-06,13.537293405956298,14.671592446836339,14.671592446836339,13.537293405956298,0
2007-08-07,14.2168955297156,13.537293405956298,14.2168955297156,13.537293405956298,0
2007-08-08,14.670892066578553,14.2168955297156,14.670892066578553,14.2168955297156,0
2007-08-09,15.283332719560272,14.670892066578553,15.283332719560272,14.670892066578553,0
2007-08-10,13.923467354173807,15.283332719560272,15.283332719560272,13.923467354173807,0
2007-08-13,13.72705743079054,13.923467354173807,13.923467354173807,13.72705743079054,0
2007-08-14,13.873992898025614,13.72705743079054,13.873992898025614,13.72705743079054,0
2007-08-15,13.2367111507299,13.873992898025614,13.873992898025614,13.2367111507299,0
2007-08-16,12.688667996240557,13.2367111507299,13.2367111507299,12.688667996240557,0
2007-08-17,12.973808855366494,12.688667996240557,12.973808855366494,12.688667996240557,0
2007-08-20,13.687714250652714,12.973808855366494,13.687714250652714,12.973808855366494,0
2007-08-21,13.66681944231491,13.687714250652714,13.687714250652714,13.66681944231491,0
2007-08-22,13.747985443477548,13.66681944231491,13.747985443477548,13.66681944231491,0
2007-08-23,14.2364011387564,13.747985443477548,14.2364011387564,13.747985443477548,0
2007-08-24,14.197476394477281,14.2364011387564,14.2364011387564,14.197476394477281,0
2007-08-27,14.722561806058707,14.197476394477281,14.722561806058707,14.197476394477281,0
2007-08-28,14.310506435647678,14.722561806058707,14.722561806058707,14.310506435647678,0
2007-08-29,13.365779590434999,14.310506435647678,14.310506435647678,13.365779590434999,0
2007-08-30,14.15155115449444,13.365779590434999,14.15155115449444,13.365779590434999,0
2007-08-31,14.037486414504492,14.15155115449444,14.15155115449444,14.037486414504492,0
2007-09-04,14.451352410100954,14.037486414504492,14.451352410100954,14.037486414504492,0
2007-09-05,14.887932400635792,14.451352410100954,14.887932400635792,14.451352410100954,0
2007-09-06,14.50033360506223,14.887932400635792,14.887932400635792,14.50033360506223,0
2007-09-07,14.599303631612786,14.50033360506223,14.599303631612786,14.50033360506223,0
2007-09-10,13.989112455711473,14.599303631612786,14.599303631612786,13.989112455711473,0
2007-09-11,13.907592206639361,13.989112455711473,13.989112455711473,13.907592206639361,0
2007-09-12,14.393072801089474,13.907592206639361,14.393072801089474,13.907592206639361,0
2007-09-13,14.503216508531201,14.393072801089474,14.503216508531201,14.393072801089474,0
2007-09-14,14.808130324853888,14.503216508531201,14.808130324853888,14.503216508531201,0
2007-09-17,14.804035233391973,14.808130324853888,14.808130324853888,14.804035233391973,0
2007-09-18,14.564302443655647,14.804035233391973,14.804035233391973,14.564302443655647,0
2007-09-19,15.849490340989526,14.564302443655647,15.849490340989526,14.564302443655647,0
2007-09-20,16.128983707628375,15.849490340989526,16.128983707628375,15.849490340989526,0
2007-09-21,15.78699401706816,16.128983707628375,16.128983707628375,15.78699401706816,0
2007-09-24,15.913617665428724,15.78699401706816,15.913617665428724,15.78699401706816,0
2007-09-25,15.824459003256184,15.913617665428724,15.913617665428724,15.824459003256184,0
2007-09-26,15.72937353015406,15.824459003256184,15.824459003256184,15.72937353015406,0
2007-09-27,15.977513962761877,15.72937353015406,15.977513962761877,15.72937353015406,0
2007-09-28,16.25978517589683,15.977513962761877,16.25978517589683,15.977513962761877,0
2007-10-01,16.096053076183306,16.25978517589683,16.25978517589683,16.096053076183306,0
2007-10-02,16.639127585962484,16.096053076183306,16.639127585962484,16.096053076183306,0
2007-10-03,16.56996055444569,16.639127585962484,16.639127585962484,16.56996055444569,0
2007-10-04,16.46870297502928,16.56996055444569,16.56996055444569,16.46870297502928,0
2007-10-05,16.54456186964631,16.46870297502928,16.54456186964631,16.46870297502928,0
2007-10-08,17.13305137532068,16.54456186964631,17.13305137532068,16.54456186964631,0
2007-10-09,16.857998173823074,17.13305137532068,17.13305137532068,16.857998173823074,0
2007-10-10,17.33302788983764,16.857998173823074,17.33302788983764,16.857998173823074,0
2007-10-11,17.24532271090262,17.33302788983764,17.33302788983764,17.24532271090262,0
2007-10-12,16.995637456819118,17.24532271090262,17.24532271090262,16.995637456819118,0
2007-10-15,17.2763754771122,16.995637456819118,17.2763754771122,16.995637456819118,0
2007-10-16,16.837438650968558,17.2763754771122,17.2763754771122,16.837438650968558,0
2007-10-17,16.43536036748433,16.837438650968558,16.837438650968558,16.43536036748433,0
2007-10-18,16.584802336247495,16.43536036748433,16.584802336247495,16.43536036748433,0
2007-10-19,16.402930917049147,16.584802336247495,16.584802336247495,16.402930917049147,0
2007-10-22,15.114538197909498,16.402930917049147,16.402930917049147,15.114538197909498,0
2007-10-23,15.376944117676304,15.114538197909498,15.376944117676304,15.114538197909498,0
2007-10-24,15.749641339651285,15.376944117676304,15.749641339651285,15.376944117676304,0
2007-10-25,15.661277546231517,15.749641339651285,15.749641339651285,15.661277546231517,0
2007-10-26,15.7717439885108,15.661277546231517,15.7717439885108,15.661277546231517,0
2007-10-29,16.325216460774882,15.7717439885108,16.325216460774882,15.7717439885108,0
2007-10-30,16.486597417892845,16.325216460774882,16.486597417892845,16.325216460774882,0
2007-10-31,16.14198427463264,16.486597417892845,16.486597417892845,16.14198427463264,0
2007-11-01,16.64380284077177,16.14198427463264,16.64380284077177,16.14198427463264,0
2007-11-02,15.47374259091187,16.64380284077177,16.64380284077177,15.47374259091187,0
2007-11-05,15.52484409935907,15.47374259091187,15.52484409935907,15.47374259091187,0
2007-11-06,15.169423434490303,15.52484409935907,15.52484409935907,15.169423434490303,0
2007-11-07,15.780925421923637,15.169423434490303,15.780925421923637,15.169423434490303,0
2007-11-08,14.484625854515784,15.780925421923637,15.780925421923637,14.484625854515784,0
2007-11-09,14.263193626184396,14.484625854515784,14.484625854515784,14.263193626184396,0
2007-11-12,13.674735857936842,14.263193626184396,14.263193626184396,13.674735857936842,0
2007-11-13,13.266698363622021,13.674735857936842,13.674735857936842,13.266698363622021,0
2007-11-14,14.47879837431904,13.266698363622021,14.47879837431904,13.266698363622021,0
2007-11-15,14.357432613527457,14.47879837431904,14.47879837431904,14.357432613527457,0
2007-11-16,13.7350698590385,14.357432613527457,14.357432613527457,13.7350698590385,0
2007-11-19,13.804813180851351,13.7350698590385,13.804813180851351,13.7350698590385,0
2007-11-20,13.227104197935573,13.804813180851351,13.804813180851351,13.227104197935573,0
2007-11-21,13.469017713021248,13.227104197935573,13.469017713021248,13.227104197935573,0
2007-11-23,12.641061014076188,13.469017713021248,13.469017713021248,12.641061014076188,0
2007-11-26,13.295895045609011,12.641061014076188,13.295895045609011,12.641061014076188,0
2007-11-27,12.414838479703766,13.295895045609011,13.295895045609011,12.414838479703766,0
2007-11-28,12.841967429192916,12.414838479703766,12.841967429192916,12.414838479703766,0
2007-11-29,14.073204147267553,12.841967429192916,14.073204147267553,12.841967429192916,0
2007-11-30,14.086490446352766,14.073204147267553,14.086490446352766,14.073204147267553,0
2007-12-03,14.510356876966313,14.086490446352766,14.510356876966313,14.086490446352766,0
2007-12-04,14.222289812435394,14.510356876966313,14.510356876966313,14.222289812435394,0
2007-12-05,13.839867470565475,14.222289812435394,14.222289812435394,13.839867470565475,0
2007-12-06,14.533831525261732,13.839867470565475,14.533831525261732,13.839867470565475,0
2007-12-07,15.156806976020025,14.533831525261732,15.156806976020025,14.533831525261732,0
2007-12-10,15.146636901048986,15.156806976020025,15.156806976020025,15.146636901048986,0
2007-12-11,15.497778478100138,15.146636901048986,15.497778478100138,15.146636901048986,0
2007-12-12,14.221772565386411,15.497778478100138,15.497778478100138,14.221772565386411,0
2007-12-13,14.641830397867961,14.221772565386411,14.641830397867961,14.221772565386411,0
2007-12-14,14.549569482295945,14.641830397867961,14.641830397867961,14.549569482295945,0
2007-12-17,13.995021622732446,14.549569482295945,14.549569482295945,13.995021622732446,0
2007-12-18,13.394857499878055,13.995021622732446,13.995021622732446,13.394857499878055,0
2007-12-19,13.61822952563909,13.394857499878055,13.61822952563909,13.394857499878055,0
2007-12-20,13.617197350305997,13.61822952563909,13.61822952563909,13.617197350305997,0
2007-12-21,13.873795409150711,13.617197350305997,13.873795409150711,13.617197350305997,0
2007-12-24,14.472725026556878,13.873795409150711,14.472725026556878,13.873795409150711,0
2007-12-26,14.794050978089466,14.472725026556878,14.794050978089466,14.472725026556878,0
2007-12-27,14.888097337824178,14.794050978089466,14.888097337824178,14.794050978089466,0
2007-12-28,14.325491790195862,14.888097337824178,14.888097337824178,14.325491790195862,0
2007-12-31,14.216717959348868,14.325491790195862,14.325491790195862,14.216717959348868,0
2008-01-02,13.900042199902364,14.216717959348868,14.216717959348868,13.900042199902364,0
2008-01-03,13.533937432210058,13.900042199902364,13.900042199902364,13.533937432210058,0
2008-01-04,13.513280695956219,13.533937432210058,13.533937432210058,13.513280695956219,0
2008-01-07,12.51876530433245,13.513280695956219,13.513280695956219,12.51876530433245,0
2008-01-08,12.48592684161437,12.51876530433245,12.51876530433245,12.48592684161437,0
2008-01-09,11.88010236005332,12.48592684161437,12.48592684161437,11.88010236005332,0
2008-01-10,12.25379549976156,11.88010236005332,12.25379549976156,11.88010236005332,0
2008-01-11,12.493809622347918,12.25379549976156,12.493809622347918,12.25379549976156,0
2008-01-14,12.190444110480435,12.493809622347918,12.493809622347918,12.190444110480435,0
2008-01-15,12.48439078897748,12.190444110480435,12.48439078897748,12.190444110480435,0
2008-01-16,11.658982907160556,12.48439078897748,12.48439078897748,11.658982907160556,0
2008-01-17,11.356860833411417,11.658982907160556,11.658982907160556,11.356860833411417,0
2008-01-18,10.473008390380565,11.356860833411417,11.356860833411417,10.473008390380565,0
2008-01-22,10.149620059706377,10.473008390380565,10.473008390380565,10.149620059706377,0
2008-01-23,9.839894228639364,10.149620059706377,10.149620059706377,9.839894228639364,0
2008-01-24,10.54823433501327,9.839894228639364,10.54823433501327,9.839894228639364,0
2008-01-25,10.814566802263883,10.54823433501327,10.814566802263883,10.54823433501327,0
2008-01-28,10.345071035812143,10.814566802263883,10.814566802263883,10.345071035812143,0
2008-01-29,10.857505158272437,10.345071035812143,10.857505158272437,10.345071035812143,0
2008-01-30,11.018052752020104,10.857505158272437,11.018052752020104,10.857505158272437,0
2008-01-31,10.774006222798675,11.018052752020104,11.018052752020104,10.774006222798675,0
2008-02-01,11.362566395292319,10.774006222798675,11.362566395292319,10.774006222798675,0
2008-02-04,11.910110237340298,11.362566395292319,11.910110237340298,11.362566395292319,0
2008-02-05,11.458674250358447,11.910110237340298,11.910110237340298,11.458674250358447,0
2008-02-06,10.537432996234196,11.458674250358447,11.458674250358447,10.537432996234196,0
2008-02-07,10.282077323335038,10.537432996234196,10.537432996234196,10.282077323335038,0
2008-02-08,10.48532185872423,10.282077323335038,10.48532185872423,10.282077323335038,0
2008-02-11,10.282539416300509,10.48532185872423,10.48532185872423,10.282539416300509,0
2008-02-12,10.439388970572157,10.282539416300509,10.439388970572157,10.282539416300509,0
2008-02-13,10.728953978674378,10.439388970572157,10.728953978674378,10.439388970572157,0
2008-02-14,11.057185333095017,10.728953978674378,11.057185333095017,10.728953978674378,0
2008-02-15,10.764445469475286,11.057185333095017,11.057185333095017,10.764445469475286,0
2008-02-19,10.756479644851963,10.764445469475286,10.764445469475286,10.756479644851963,0
2008-02-20,10.846388870818325,10.756479644851963,10.846388870818325,10.756479644851963,0
2008-02-21,10.941602506145996,10.846388870818325,10.941602506145996,10.846388870818325,0
2008-02-22,10.667883978209593,10.941602506145996,10.941602506145996,10.667883978209593,0
2008-02-25,10.864145252501045,10.667883978209593,10.864145252501045,10.667883978209593,0
2008-02-26,11.274274888205051,10.864145252501045,11.274274888205051,10.864145252501045,0
2008-02-27,11.527095670143332,11.274274888205051,11.527095670143332,11.274274888205051,0
2008-02-28,11.491234178317418,11.527095670143332,11.527095670143332,11.491234178317418,0
2008-02-29,11.153650999670186,11.491234178317418,11.491234178317418,11.153650999670186,0
2008-03-03,10.40716162869691,11.153650999670186,11.153650999670186,10.40716162869691,0
2008-03-04,10.331720956824084,10.40716162869691,10.40716162869691,10.331720956824084,0
2008-03-05,10.212524645395174,10.331720956824084,10.331720956824084,10.212524645395174,0
2008-03-06,10.405266725566849,10.212524645395174,10.405266725566849,10.212524645395174,0
2008-03-07,9.758377576065648,10.405266725566849,10.405266725566849,9.758377576065648,0
2008-03-10,9.456092096516981,9.758377576065648,9.758377576065648,9.456092096516981,0
2008-03-11,9.081388973337383,9.456092096516981,9.456092096516981,9.081388973337383,0
2008-03-12,10.059773155461711,9.081388973337383,10.059773155461711,9.081388973337383,0
2008-03-13,9.776805725095771,10.059773155461711,10.059773155461711,9.776805725095771,0
2008-03-14,9.840821202995494,9.776805725095771,9.840821202995494,9.776805725095771,0
2008-03-17,9.382592677327336,9.840821202995494,9.840821202995494,9.382592677327336,0
2008-03-18,9.09739265936226,9.382592677327336,9.382592677327336,9.09739265936226,0
2008-03-19,10.23051476722087,9.09739265936226,10.23051476722087,9.09739265936226,0
2008-03-20,9.469501921072574,10.23051476722087,10.23051476722087,9.469501921072574,0
2008-03-24,9.995006866360203,9.469501921072574,9.995006866360203,9.469501921072574,0
2008-03-25,10.59357417888437,9.995006866360203,10.59357417888437,9.995006866360203,0
2008-03-26,10.623434100620615,10.59357417888437,10.623434100620615,10.59357417888437,0
2008-03-27,10.232667112047254,10.623434100620615,10.623434100620615,10.232667112047254,0
2008-03-28,10.135105616804353,10.232667112047254,10.232667112047254,10.135105616804353,0
2008-03-31,9.843514885648448,10.135105616804353,10.135105616804353,9.843514885648448,0
2008-04-01,9.946059919602478,9.843514885648448,9.946059919602478,9.843514885648448,0
2008-04-02,10.994398498139596,9.946059919602478,10.994398498139596,9.946059919602478,0
2008-04-03,11.015302803934247,10.994398498139596,11.015302803934247,10.994398498139596,0
2008-04-04,11.096648790790299,11.015302803934247,11.096648790790299,11.015302803934247,0
2008-04-07,11.059369984616657,11.096648790790299,11.096648790790299,11.059369984616657,0
2008-04-08,11.07551711615636,11.059369984616657,11.07551711615636,11.059369984616657,0
2008-04-09,11.040695434304201,11.07551711615636,11.07551711615636,11.040695434304201,0
2008-04-10,10.80020717175811,11.040695434304201,11.040695434304201,10.80020717175811,0
2008-04-11,10.844705646899106,10.80020717175811,10.844705646899106,10.80020717175811,0
2008-04-14,10.212424213525624,10.844705646899106,10.844705646899106,10.212424213525624,0
2008-04-15,10.108289307455383,10.212424213525624,10.212424213525624,10.108289307455383,0
2008-04-16,10.17824345394881,10.108289307455383,10.17824345394881,10.108289307455383,0
2008-04-17,11.004782578443237,10.17824345394881,11.004782578443237,10.17824345394881,0
2008-04-18,11.052189107176703,11.004782578443237,11.052189107176703,11.004782578443237,0
2008-04-21,11.397318943276561,11.052189107176703,11.397318943276561,11.052189107176703,0
2008-04-22,11.413734822374774,11.397318943276561,11.413734822374774,11.397318943276561,0
2008-04-23,11.262116961425626,11.413734822374774,11.413734822374774,11.262116961425626,0
2008-04-24,11.207376758830282,11.262116961425626,11.262116961425626,11.207376758830282,0
2008-04-25,11.353024041355104,11.207376758830282,11.353024041355104,11.207376758830282,0
2008-04-28,11.667316199333243,11.353024041355104,11.667316199333243,11.353024041355104,0
2008-04-29,11.673962792210798,11.667316199333243,11.673962792210798,11.667316199333243,0
2008-04-30,11.535131831870725,11.673962792210798,11.673962792210798,11.535131831870725,0
2008-05-01,11.33021844986368,11.535131831870725,11.535131831870725,11.33021844986368,0
2008-05-02,12.032477502999447,11.33021844986368,12.032477502999447,11.33021844986368,0
2008-05-05,12.131340234369661,12.032477502999447,12.131340234369661,12.032477502999447,0
2008-05-06,11.955526256224587,12.131340234369661,12.131340234369661,11.955526256224587,0
2008-05-07,12.265327346640229,11.955526256224587,12.265327346640229,11.955526256224587,0
2008-05-08,11.60905905053275,12.265327346640229,12.265327346640229,11.60905905053275,0
2008-05-09,11.518295887237153,11.60905905053275,11.60905905053275,11.518295887237153,0
2008-05-12,11.452860843980341,11.518295887237153,11.518295887237153,11.452860843980341,0
2008-05-13,11.837890590224513,11.452860843980341,11.837890590224513,11.452860843980341,0
2008-05-14,11.842035501896982,11.837890590224513,11.842035501896982,11.837890590224513,0
2008-05-15,11.914489393106876,11.842035501896982,11.914489393106876,11.842035501896982,0
2008-05-16,12.360471312980584,11.914489393106876,12.360471312980584,11.914489393106876,0
2008-05-19,12.393365000414185,12.360471312980584,12.393365000414185,12.360471312980584,0
2008-05-20,12.494050148347252,12.393365000414185,12.494050148347252,12.393365000414185,0
2008-05-21,12.189168413856107,12.494050148347252,12.494050148347252,12.189168413856107,0
2008-05-22,11.569717293693586,12.189168413856107,12.189168413856107,11.569717293693586,0
2008-05-23,11.57382379423724,11.569717293693586,11.57382379423724,11.569717293693586,0
2008-05-27,11.107526482462916,11.57382379423724,11.57382379423724,11.107526482462916,0
2008-05-28,11.353627151103554,11.107526482462916,11.353627151103554,11.107526482462916,0
2008-05-29,11.509974170725867,11.353627151103554,11.509974170725867,11.353627151103554,0
2008-05-30,11.682630032541764,11.509974170725867,11.682630032541764,11.509974170725867,0
2008-06-02,11.769363167923421,11.682630032541764,11.769363167923421,11.682630032541764,0
2008-06-03,11.40368607377876,11.769363167923421,11.769363167923421,11.40368607377876,0
2008-06-04,11.20332972679727,11.40368607377876,11.40368607377876,11.20332972679727,0
2008-06-05,11.185441815019463,11.20332972679727,11.20332972679727,11.185441815019463,0
2008-06-06,11.855616727705756,11.185441815019463,11.855616727705756,11.185441815019463,0
2008-06-09,10.72034536641375,11.855616727705756,11.855616727705756,10.72034536641375,0
2008-06-10,10.797424760393968,10.72034536641375,10.797424760393968,10.72034536641375,0
2008-06-11,10.635383614543771,10.797424760393968,10.797424760393968,10.635383614543771,0
2008-06-12,10.165145926605192,10.635383614543771,10.635383614543771,10.165145926605192,0
2008-06-13,10.280485400122833,10.165145926605192,10.280485400122833,10.165145926605192,0
2008-06-16,10.669668932333606,10.280485400122833,10.669668932333606,10.280485400122833,0
2008-06-17,10.687684128716187,10.669668932333606,10.687684128716187,10.669668932333606,0
2008-06-18,10.531534136321685,10.687684128716187,10.687684128716187,10.531534136321685,0
2008-06-19,10.223107227531596,10.531534136321685,10.531534136321685,10.223107227531596,0
2008-06-20,10.26117460651151,10.223107227531596,10.26117460651151,10.223107227531596,0
2008-06-23,9.76072113609126,10.26117460651151,10.26117460651151,9.76072113609126,0
2008-06-24,9.731047860606095,9.76072113609126,9.76072113609126,9.731047860606095,0
2008-06-25,9.67256692918434,9.731047860606095,9.731047860606095,9.67256692918434,0
2008-06-26,9.80898449464997,9.67256692918434,9.80898449464997,9.67256692918434,0
2008-06-27,9.008988716974885,9.80898449464997,9.80898449464997,9.008988716974885,0
2008-06-30,8.860772474386158,9.008988716974885,9.008988716974885,8.860772474386158,0
2008-07-01,8.953894963771138,8.860772474386158,8.953894963771138,8.860772474386158,0
2008-07-02,9.037182912681892,8.953894963771138,9.037182912681892,8.953894963771138,0
2008-07-03,8.571886539184323,9.037182912681892,9.037182912681892,8.571886539184323,0
2008-07-07,8.59774018871465,8.571886539184323,8.59774018871465,8.571886539184323,0
2008-07-08,8.333660476724026,8.59774018871465,8.59774018871465,8.333660476724026,0
2008-07-09,8.776962752067604,8.333660476724026,8.776962752067604,8.333660476724026,0
2008-07-10,8.26930760849058,8.776962752067604,8.776962752067604,8.26930760849058,0
2008-07-11,8.37006508853891,8.26930760849058,8.37006508853891,8.26930760849058,0
2008-07-14,8.076835372887224,8.37006508853891,8.37006508853891,8.076835372887224,0
2008-07-15,7.857097293409125,8.076835372887224,8.076835372887224,7.857097293409125,0
2008-07-16,7.524211184588921,7.857097293409125,7.857097293409125,7.524211184588921,0
2008-07-17,8.07774284153511,7.524211184588921,8.07774284153511,7.524211184588921,0
2008-07-18,8.319536549467534,8.07774284153511,8.319536549467534,8.07774284153511,0
2008-07-21,8.474401971727234,8.319536549467534,8.474401971727234,8.319536549467534,0
2008-07-22,8.487885199415846,8.474401971727234,8.487885199415846,8.474401971727234,0
2008-07-23,8.77612731006678,8.487885199415846,8.77612731006678,8.487885199415846,0
2008-07-24,8.917959962589638,8.77612731006678,8.917959962589638,8.77612731006678,0
2008-07-25,8.362034961232983,8.917959962589638,8.917959962589638,8.362034961232983,0
2008-07-28,8.35541920172981,8.362034961232983,8.362034961232983,8.35541920172981,0
2008-07-29,7.987216763996747,8.35541920172981,8.35541920172981,7.987216763996747,0
2008-07-30,8.498244248501104,7.987216763996747,8.498244248501104,7.987216763996747,0
2008-07-31,8.951850492113785,8.498244248501104,8.951850492113785,8.498244248501104,0
2008-08-01,8.595975801677524,8.951850492113785,8.951850492113785,8.595975801677524,0
2008-08-04,8.459096715312526,8.595975801677524,8.595975801677524,8.459096715312526,0
2008-08-05,8.22310786330883,8.459096715312526,8.459096715312526,8.22310786330883,0
2008-08-06,8.887625050051726,8.22310786330883,8.887625050051726,8.22310786330883,0
2008-08-07,9.005348063822856,8.887625050051726,9.005348063822856,8.887625050051726,0
2008-08-08,8.602340636421143,9.005348063822856,9.005348063822856,8.602340636421143,0
2008-08-11,9.08121559395328,8.602340636421143,9.08121559395328,8.602340636421143,0
2008-08-12,9.362726879505674,9.08121559395328,9.362726879505674,9.08121559395328,0
2008-08-13,9.06975885402468,9.362726879505674,9.362726879505674,9.06975885402468,0
2008-08-14,8.904994413479182,9.06975885402468,9.06975885402468,8.904994413479182,0
2008-08-15,9.105876375168362,8.904994413479182,9.105876375168362,8.904994413479182,0
2008-08-18,9.23803279140101,9.105876375168362,9.23803279140101,9.105876375168362,0
2008-08-19,8.858378554684268,9.23803279140101,9.23803279140101,8.858378554684268,0
2008-08-20,8.56791076583401,8.858378554684268,8.858378554684268,8.56791076583401,0
2008-08-21,8.686676710244848,8.56791076583401,8.686676710244848,8.56791076583401,0
2008-08-22,8.7309718269855,8.686676710244848,8.7309718269855,8.686676710244848,0
2008-08-25,9.109460170282142,8.7309718269855,9.109460170282142,8.7309718269855,0
2008-08-26,8.554405118679744,9.109460170282142,9.109460170282142,8.554405118679744,0
2008-08-27,8.628510805947322,8.554405118679744,8.628510805947322,8.554405118679744,0
2008-08-28,8.879825455081678,8.628510805947322,8.879825455081678,8.628510805947322,0
2008-08-29,9.202232768444858,8.879825455081678,9.202232768444858,8.879825455081678,0
2008-09-02,8.904656554964095,9.202232768444858,9.202232768444858,8.904656554964095,0
2008-09-03,8.738046468722146,8.904656554964095,8.904656554964095,8.738046468722146,0
2008-09-04,8.714858881168498,8.738046468722146,8.738046468722146,8.714858881168498,0
2008-09-05,7.927076962953482,8.714858881168498,8.714858881168498,7.927076962953482,0
2008-09-08,8.001257353526233,7.927076962953482,8.001257353526233,7.927076962953482,0
2008-09-09,8.496467989060115,8.001257353526233,8.496467989060115,8.001257353526233,0
2008-09-10,7.73911276206646,8.496467989060115,8.496467989060115,7.73911276206646,0
2008-09-11,7.832734624705009,7.73911276206646,7.832734624705009,7.73911276206646,0
2008-09-12,8.172108642564298,7.832734624705009,8.172108642564298,7.832734624705009,0
2008-09-15,8.284785964804211,8.172108642564298,8.284785964804211,8.172108642564298,0
2008-09-16,7.10146762169045,8.284785964804211,8.284785964804211,7.10146762169045,0
2008-09-17,7.4575147282340675,7.10146762169045,7.4575147282340675,7.10146762169045,0
2008-09-18,6.4510033258538035,7.4575147282340675,7.4575147282340675,6.4510033258538035,0
2008-09-19,7.0247500269103575,6.4510033258538035,7.0247500269103575,6.4510033258538035,0
2008-09-22,7.8611597241363045,7.0247500269103575,7.8611597241363045,7.0247500269103575,0
2008-09-23,7.326646317945881,7.8611597241363045,7.8611597241363045,7.326646317945881,0
2008-09-24,6.826011726610769,7.326646317945881,7.326646317945881,6.826011726610769,0
2008-09-25,6.891136850828557,6.826011726610769,6.891136850828557,6.826011726610769,0
2008-09-26,7.213932690670143,6.891136850828557,7.213932690670143,6.891136850828557,0
2008-09-29,7.224137606024958,7.213932690670143,7.224137606024958,7.213932690670143,0
2008-09-30,5.525298158916369,7.224137606024958,7.224137606024958,5.525298158916369,0
2008-10-01,6.210954496935739,5.525298158916369,6.210954496935739,5.525298158916369,0
2008-10-02,6.221727775967716,6.210954496935739,6.221727775967716,6.210954496935739,0
2008-10-03,5.544186499568663,6.221727775967716,6.221727775967716,5.544186499568663,0
2008-10-06,5.319227231611882,5.544186499568663,5.544186499568663,5.319227231611882,0
2008-10-07,4.506044874531876,5.319227231611882,5.319227231611882,4.506044874531876,0
2008-10-08,3.900276155053023,4.506044874531876,4.506044874531876,3.900276155053023,0
2008-10-09,3.6052096935521774,3.900276155053023,3.900276155053023,3.6052096935521774,0
2008-10-10,2.8495906172971623,3.6052096935521774,3.6052096935521774,2.8495906172971623,0
2008-10-13,2.6420103541625184,2.8495906172971623,2.8495906172971623,2.6420103541625184,0
2008-10-14,3.7926542620597163,2.6420103541625184,3.7926542620597163,2.6420103541625184,0
2008-10-15,3.623969969670652,3.7926542620597163,3.7926542620597163,3.623969969670652,0
2008-10-16,2.5533825523955493,3.623969969670652,3.623969969670652,2.5533825523955493,0
2008-10-17,2.872293648649526,2.5533825523955493,2.872293648649526,2.5533825523955493,0
2008-10-20,2.8206099221504117,2.872293648649526,2.872293648649526,2.8206099221504117,0
2008-10-21,3.3287806926324093,2.8206099221504117,3.3287806926324093,2.8206099221504117,0
2008-10-22,3.0303854761574414,3.3287806926324093,3.3287806926324093,3.0303854761574414,0
2008-10-23,2.5351006006581795,3.0303854761574414,3.0303854761574414,2.5351006006581795,0
2008-10-24,2.6230104052928978,2.5351006006581795,2.6230104052928978,2.5351006006581795,0
2008-10-27,2.2237369908183573,2.6230104052928978,2.6230104052928978,2.2237369908183573,0
2008-10-28,1.9867322940762897,2.2237369908183573,2.2237369908183573,1.9867322940762897,0
2008-10-29,2.6830656976853238,1.9867322940762897,2.6830656976853238,1.9867322940762897,0
2008-10-30,2.624484746715944,2.6830656976853238,2.6830656976853238,2.624484746715944,0
2008-10-31,2.8966586252590347,2.624484746715944,2.8966586252590347,2.624484746715944,0
2008-11-03,2.944264373376198,2.8966586252590347,2.944264373376198,2.8966586252590347,0
2008-11-04,2.969581599548663,2.944264373376198,2.969581599548663,2.944264373376198,0
2008-11-05,3.272099494934082,4.811666965484619,4.899167060852051,4.176667213439941,229200
2008-11-06,2.771660566329956,4.150000095367432,4.197500228881836,3.552500009536743,4332000
2008-11-07,2.9673452377319336,3.7074999809265137,3.887500047683716,3.6116669178009033,6978000
2008-11-10,2.851859331130981,4.150000095367432,4.161666870117188,3.584167003631592,5785200
2008-11-11,2.6632323265075684,3.541666984558105,3.6875,3.291666984558105,11479200
2008-11-12,2.366818904876709,3.327500104904175,3.327500104904175,3.0174999237060547,13312800
2008-11-13,2.708784818649292,3.0516669750213623,3.5333330631256104,2.564167022705078,32067600
2008-11-14,2.3616867065429688,3.2708330154418945,3.5833330154418945,3.041666984558105,34303200
2008-11-17,2.1948726177215576,2.956666946411133,3.170833110809326,2.8333330154418945,44524800
2008-11-18,2.214762687683105,2.836667060852051,2.994999885559082,2.5958330631256104,61130400
2008-11-19,1.8580389022827148,2.875,2.9708330631256104,2.3666670322418213,75193200
2008-11-20,1.537245273590088,2.324167013168335,2.497499942779541,1.846667051315308,137044800
2008-11-21,1.7111159563064575,2.266666889190674,2.2699999809265137,1.8058329820632932,124576800
2008-11-24,1.9998303651809688,2.37166690826416,2.797499895095825,2.316667079925537,98185200
2008-11-25,2.111467123031616,2.834167003631592,2.8458330631256104,2.525000095367432,80054400
2008-11-26,2.331531047821045,2.587500095367432,3.0450000762939453,2.5758330821990967,61237200
2008-11-28,2.4008231163024902,2.9916670322418213,3.125,2.979166984558105,21645600
2008-12-01,1.7771981954574585,2.872499942779541,2.881666898727417,2.2816669940948486,101854800
2008-12-02,1.9651846885681152,2.423332929611206,2.5733330249786377,2.309999942779541,109262400
2008-12-03,2.1127500534057617,2.3883330821990967,2.7866671085357666,2.3666670322418213,136166400
2008-12-04,1.9440120458602903,2.6458330154418945,2.8258330821990967,2.4033329486846924,109459200
2008-12-05,2.1416211128234863,2.414999961853028,2.816667079925537,2.2833330631256104,167187600
2008-12-08,2.3802924156188965,3.0333330631256104,3.206666946411133,2.9741671085357666,142784400
2008-12-09,2.2461998462677,3.012500047683716,3.204166889190674,2.879167079925537,126266400
2008-12-10,2.31677508354187,3.0183329582214355,3.1191670894622803,2.8958330154418945,125726400
2008-12-11,2.1454708576202397,2.954166889190674,3.0975000858306885,2.721667051315308,113610000
2008-12-12,2.2025718688964844,2.543333053588867,2.884999990463257,2.516666889190674,142026000
2008-12-15,2.1082582473754883,2.9033329486846924,2.916666984558105,2.63083291053772,91215600
2008-12-16,2.4296936988830566,2.819166898727417,3.157500028610229,2.810832977294922,121978800
2008-12-17,2.3715932369232178,3.050832986831665,3.229166984558105,2.9841670989990234,118600800
2008-12-18,2.240480422973633,3.1191670894622803,3.140832901000977,2.7966670989990234,94359600
2008-12-19,2.235982179641724,2.942500114440918,3.0758330821990967,2.858333110809326,97183200
2008-12-22,2.13379168510437,2.9100000858306885,2.916666984558105,2.603332996368408,76341600
2008-12-23,2.0663070678710938,2.798332929611206,2.835833072662353,2.648333072662353,68952000
2008-12-24,2.0907301902771,2.7133328914642334,2.7366669178009038,2.6566669940948486,17952000
2008-12-26,2.134434223175049,2.7725000381469727,2.7783329486846924,2.7049999237060547,19194000
2008-12-29,2.1209375858306885,2.7874999046325684,2.7874999046325684,2.619999885559082,46562400
2008-12-30,2.261690139770508,2.795833110809326,2.935832977294922,2.754167079925537,57126000
2008-12-31,2.3388149738311768,2.944166898727417,3.12833309173584,2.9266669750213623,65361600
2009-01-02,2.5676193237304688,3.0899999141693115,3.384999990463257,3.025000095367432,87174000
2009-01-05,2.5676193237304688,3.291666984558105,3.428333044052124,3.2241671085357666,111709200
2009-01-06,2.62996244430542,3.4191670417785645,3.5083329677581787,3.322499990463257,119607600
2009-01-07,2.408869743347168,3.230833053588867,3.280833005905152,3.045833110809326,116395200
2009-01-08,2.433293581008911,3.0516669750213623,3.1549999713897705,3.009166955947876,104341200
2009-01-09,2.273258924484253,3.175832986831665,3.185832977294922,2.924999952316284,114417600
2009-01-12,2.108081817626953,2.9191670417785645,2.928333044052124,2.6791670322418213,85770000
2009-01-13,2.116438150405884,2.703332901000977,2.808332920074463,2.6616671085357666,123522000
2009-01-14,1.9094855785369875,2.6075000762939453,2.622499942779541,2.430000066757202,158102400
2009-01-15,1.93455183506012,2.4600000381469727,2.576667070388794,2.256666898727417,200223600
2009-01-16,1.9731138944625852,2.631666898727417,2.641666889190674,2.384999990463257,209690400
2009-01-20,1.667827844619751,2.4841670989990234,2.505000114440918,2.144166946411133,207566400
2009-01-21,1.8696383237838743,2.2633330821990967,2.434999942779541,2.141666889190674,180774000
2009-01-22,1.775802731513977,2.2850000858306885,2.4216670989990234,2.175832986831665,200959200
2009-01-23,1.808581113815308,2.1449999809265137,2.414999961853028,2.125,213451200
2009-01-26,1.8285048007965088,2.387500047683716,2.5366671085357666,2.31583309173584,203494800
2009-01-27,1.897916913032532,2.4200000762939453,2.507499933242798,2.375,165728400
2009-01-28,2.0669500827789307,2.625833034515381,2.752500057220459,2.5941669940948486,189104400
2009-01-29,1.886991500854492,2.579166889190674,2.604166984558105,2.43416690826416,157486800
2009-01-30,1.7687327861785889,2.478332996368408,2.509999990463257,2.2441670894622803,200570400
2009-02-02,1.7552355527877808,2.1875,2.31833291053772,2.166666984558105,156507600
2009-02-03,1.8207924365997317,2.3208329677581787,2.413332939147949,2.2416670322418213,160300800
2009-02-04,1.7950844764709473,2.4083330631256104,2.5,2.3125,184461600
2009-02-05,1.8908476829528809,2.2791669368743896,2.500833034515381,2.235832929611206,242638800
2009-02-06,2.045097827911377,2.480833053588867,2.6875,2.4666669368743896,174416400
2009-02-09,2.0585944652557373,2.649167060852051,2.7300000190734863,2.6016669273376465,123003600
2009-02-10,1.771946668624878,2.5958330631256104,2.6675000190734863,2.247499942779541,261804000
2009-02-11,1.8027961254119875,2.3333330154418945,2.375,2.240833044052124,170080800
2009-02-12,1.8137227296829224,2.225832939147949,2.358333110809326,2.1358330249786377,226532400
2009-02-13,1.7584494352340698,2.334167003631592,2.394166946411133,2.2708330154418945,137535600
2009-02-17,1.5180765390396118,2.0733330249786377,2.093333005905152,1.9583330154418943,262568400
2009-02-18,1.5135776996612549,2.0266671180725098,2.0299999713897705,1.9066669940948489,197564400
2009-02-19,1.4640889167785645,2.023333072662353,2.047499895095825,1.8858330249786377,187294800
2009-02-20,1.4158858060836792,1.7908329963684082,1.9375,1.725000023841858,292909200
2009-02-23,1.277060866355896,1.9058330059051516,1.923333048820496,1.6358330249786377,267398400
2009-02-24,1.414600849151611,1.684999942779541,1.857499957084656,1.6575000286102295,277934400
2009-02-25,1.3702542781829834,1.8025000095367432,1.8941669464111328,1.699167013168335,343731600
2009-02-26,1.3079107999801636,1.8458329439163208,1.8858330249786377,1.6883330345153809,297150000
2009-02-27,1.2237164974212646,1.590000033378601,1.7000000476837158,1.574167013168335,333808800
2009-03-02,1.0578982830047607,1.4924999475479126,1.5199999809265137,1.3583329916000366,332221200
2009-03-03,1.033475041389465,1.4299999475479126,1.4299999475479126,1.3058329820632937,329433600
2009-03-04,1.0990307331085205,1.4075000286102295,1.498332977294922,1.3624999523162842,362257200
2009-03-05,0.970488965511322,1.340000033378601,1.3875000476837158,1.224166989326477,382197600
2009-03-06,0.9711324572563172,1.2925000190734863,1.3483330011367798,1.1666669845581057,396495600
2009-03-09,0.9383547306060792,1.2091670036315918,1.3258329629898071,1.2024999856948853,351142800
2009-03-10,1.1048153638839722,1.2999999523162842,1.4408329725265503,1.2899999618530271,385700400
2009-03-11,1.124739170074463,1.4924999475479126,1.5333329439163208,1.4199999570846558,447939600
2009-03-12,1.2616360187530518,1.4583330154418943,1.6491669416427612,1.4225000143051147,341392800
2009-03-13,1.2905577421188354,1.6733330488204956,1.6950000524520874,1.5850000381469729,373284000
2009-03-16,1.2744903564453125,1.7316670417785645,1.7916669845581057,1.6449999809265137,317324400
2009-03-17,1.3901779651641846,1.659999966621399,1.8083330392837524,1.622499942779541,275514000
2009-03-18,1.4878698587417605,1.777500033378601,1.9958330392837524,1.7300000190734863,387838800
2009-03-19,1.4377385377883911,2.002500057220459,2.004167079925537,1.8458329439163208,294087600
2009-03-20,1.340046525001526,1.8899999856948853,1.898332953453064,1.7291669845581057,223050000
2009-03-23,1.6331217288970947,1.8825000524520876,2.120832920074463,1.860833048820496,296656800
2009-03-24,1.530789494514465,2.025000095367432,2.122499942779541,1.976667046546936,272170800
2009-03-25,1.573347091674805,2.0374999046325684,2.1449999809265137,1.8650000095367432,372982800
2009-03-26,1.681676149368286,2.109999895095825,2.184999942779541,2.0491669178009038,333250800
2009-03-27,1.581730604171753,2.085833072662353,2.124166965484619,2.0291669368743896,249626400
2009-03-30,1.4256850481033323,1.9083329439163208,1.909167051315308,1.7816669940948486,216735600
2009-03-31,1.45857036113739,1.902500033378601,2.000833034515381,1.862499952316284,222627600
2009-04-01,1.5462651252746582,1.8208329677581787,2.0291669368743896,1.8041670322418213,260770800
2009-04-02,1.6842554807662964,2.170833110809326,2.2683329582214355,2.134999990463257,334137600
2009-04-03,1.7390645742416382,2.178333044052124,2.25,2.125833034515381,205558800
2009-04-06,1.701665997505188,2.1766669750213623,2.211667060852051,2.0999999046325684,206715600
2009-04-07,1.573347091674805,2.085833072662353,2.122499942779541,2.0299999713897705,215980800
2009-04-08,1.627511501312256,2.0708329677581787,2.1333329677581787,2.0366671085357666,220068000
2009-04-09,1.818376898765564,2.274167060852051,2.355833053588867,2.247499942779541,244622400
2009-04-13,1.8312736749649048,2.282500028610229,2.4175000190734863,2.2583329677581787,182120400
2009-04-14,1.735195875167847,2.291666984558105,2.362499952316284,2.221667051315308,226063200
2009-04-15,1.789360523223877,2.1958329677581787,2.31833291053772,2.1766669750213623,229102800
2009-04-16,1.868672490119934,2.3616669178009038,2.470000028610229,2.2783329486846924,259408800
2009-04-17,1.911230444908142,2.440000057220459,2.5108330249786377,2.3858330249786377,211032000
2009-04-20,1.6655558347702026,2.3308329582214355,2.3424999713897705,2.1458330154418945,214047600
2009-04-21,1.762922763824463,2.102499961853028,2.2833330631256104,2.0958330631256104,271872000
2009-04-22,1.7313270568847656,2.209167003631592,2.389167070388794,2.199167013168335,284221200
2009-04-23,1.780977725982666,2.264167070388794,2.308332920074463,2.1700000762939453,259046400
2009-04-24,1.866093397140503,2.354166984558105,2.462500095367432,2.327500104904175,262822800
2009-04-27,1.818376898765564,2.329166889190674,2.444166898727417,2.314167022705078,235772400
2009-04-28,1.80612587928772,2.275000095367432,2.4066669940948486,2.2583329677581787,191420400
2009-04-29,1.91058611869812,2.3958330154418945,2.553333044052124,2.3833329677581787,213756000
2009-04-30,1.913809418678284,2.571666955947876,2.620832920074463,2.441667079925537,235899600
2009-05-01,1.9518537521362305,2.4866669178009038,2.5491669178009038,2.4241669178009038,139549200
2009-05-04,2.146587371826172,2.572499990463257,2.7758328914642334,2.564167022705078,203774400
2009-05-05,2.123374462127685,2.745832920074463,2.7891669273376465,2.686666965484619,181232400
2009-05-06,2.223965883255005,2.8550000190734863,2.890832901000977,2.7441670894622803,247142400
2009-05-07,2.133046865463257,2.9674999713897705,2.9800000190734863,2.7008330821990967,247902000
2009-05-08,2.2845778465271,2.8691670894622803,2.9733328819274902,2.807499885559082,249042000
2009-05-11,2.1562612056732178,2.8258330821990967,2.868333101272583,2.759999990463257,160106400
2009-05-12,2.13820481300354,2.8208329677581787,2.8416669368743896,2.6516671180725098,210037200
2009-05-13,1.9737762212753296,2.634166955947876,2.6616671085357666,2.525000095367432,234828000
2009-05-14,2.0118210315704346,2.5450000762939453,2.6624999046325684,2.523333072662353,199932000
2009-05-15,1.9628161191940308,2.5999999046325684,2.655833005905152,2.4916670322418213,178242000
2009-05-18,2.134981155395508,2.615000009536743,2.7683329582214355,2.5991671085357666,193011600
2009-05-19,2.133046865463257,2.750833034515381,2.8324999809265137,2.721667051315308,162718800
2009-05-20,2.096292495727539,2.826667070388794,2.9141669273376465,2.692500114440918,232425600
2009-05-21,1.9989248514175413,2.6075000762939453,2.641666889190674,2.501667022705078,203521200
2009-05-22,1.9834496974945068,2.6091670989990234,2.6533329486846924,2.540832996368408,161150400
2009-05-26,2.14852237701416,2.515832901000977,2.7891669273376465,2.511667013168335,206808000
2009-05-27,2.024718761444092,2.7766671180725098,2.810832977294922,2.609999895095825,203434800
2009-05-28,2.1059648990631104,2.69333291053772,2.759166955947876,2.569166898727417,230176800
2009-05-29,2.2136483192443848,2.7708330154418945,2.875,2.7083330154418945,156828000
2009-06-01,2.38258957862854,2.9800000190734863,3.125,2.956666946411133,167692800
2009-06-02,2.4038684368133545,3.0541670322418213,3.1508328914642334,3.030833005905152,155802000
2009-06-03,2.3052120208740234,3.0183329582214355,3.0299999713897705,2.889167070388794,157880400
2009-06-04,2.3593764305114746,3.007499933242798,3.067500114440918,2.942500114440918,175689600
2009-06-05,2.3658244609832764,3.157500028610229,3.1700000762939453,2.9841670989990234,223023600
2009-06-08,2.341966390609741,2.987499952316284,3.1050000190734863,2.9108328819274902,159536400
2009-06-09,2.378720998764038,3.067500114440918,3.119999885559082,3.011667013168335,155650800
2009-06-10,2.3593764305114746,3.1508328914642334,3.1541669368743896,2.933332920074463,175136400
2009-06-11,2.3922619819641118,3.06583309173584,3.209167003631592,3.0625,204170400
2009-06-12,2.4064483642578125,3.047499895095825,3.112499952316284,3.001667022705078,126085200
2009-06-15,2.232992887496948,3.000833034515381,3.002500057220459,2.8458330631256104,174684000
2009-06-16,2.1472325325012207,2.9216670989990234,2.933332920074463,2.765832901000977,182605200
2009-06-17,2.1414291858673096,2.761667013168335,2.831666946411133,2.694166898727417,208708800
2009-06-18,2.176893472671509,2.7783329486846924,2.8575000762939453,2.730833053588867,159696000
2009-06-19,2.199462652206421,2.894166946411133,2.909167051315308,2.803333044052124,144078000
2009-06-22,2.009242296218872,2.752500057220459,2.765000104904175,2.5916669368743896,168792000
2009-06-23,2.0126068592071533,2.604166984558105,2.634166955947876,2.543333053588867,173306400
2009-06-24,2.05984878540039,2.6516671180725098,2.737499952316284,2.612499952316284,191844000
2009-06-25,2.1951005458831787,2.615000009536743,2.836667060852051,2.605833053588867,219787200
2009-06-26,2.1802163124084477,2.7950000762939453,2.8491671085357666,2.762500047683716,133370400
2009-06-29,2.242341995239258,2.8416669368743896,2.9008328914642334,2.791666984558105,113755200
2009-06-30,2.1976890563964844,2.887500047683716,2.923332929611206,2.7633330821990967,179834400
2009-07-01,2.22292709350586,2.8641669750213623,2.941667079925537,2.8499999046325684,120717600
2009-07-02,2.0397872924804688,2.748332977294922,2.749166965484619,2.625,146991600
2009-07-06,2.033315658569336,2.540832996368408,2.626667022705078,2.519166946411133,133627200
2009-07-07,1.912947416305542,2.6066670417785645,2.618333101272583,2.459167003631592,159948000
2009-07-08,1.912947416305542,2.505000114440918,2.524167060852051,2.369999885559082,206892000
2009-07-09,1.9187716245651243,2.50583291053772,2.5333330631256104,2.4508330821990967,171753600
2009-07-10,1.9064760208129885,2.432499885559082,2.500833034515381,2.4041669368743896,135909600
2009-07-13,2.041080951690674,2.483333110809326,2.6333329677581787,2.418333053588867,146958000
2009-07-14,2.08185076713562,2.6524999141693115,2.68416690826416,2.5991671085357666,132357600
2009-07-15,2.2630510330200195,2.788332939147949,2.932499885559082,2.7758328914642334,139839600
2009-07-16,2.327117443084717,2.8883330821990967,3.0333330631256104,2.872499942779541,118136400
2009-07-17,2.3258228302001958,2.9916670322418213,3.015000104904175,2.941667079925537,111025200
2009-07-20,2.4008913040161133,3.05916690826416,3.108333110809326,3.004167079925537,138030000
2009-07-21,2.432600736618042,3.164999961853028,3.172499895095825,3.0199999809265137,119028000
2009-07-22,2.4377777576446533,3.069166898727417,3.19333291053772,3.06833291053772,140370000
2009-07-23,2.602799415588379,3.149167060852051,3.391666889190674,3.140832901000977,175532400
2009-07-24,2.6351559162139893,3.295833110809326,3.400000095367432,3.25333309173584,111655200
2009-07-27,2.6591005325317383,3.384999990463257,3.439167022705078,3.322499990463257,121465200
2009-07-28,2.643568992614746,3.3550000190734863,3.4291670322418213,3.290832996368408,139650000
2009-07-29,2.5976219177246094,3.328332901000977,3.377500057220459,3.2833330631256104,126027600
2009-07-30,2.6817502975463867,3.468333005905152,3.569999933242798,3.4458329677581787,166808400
2009-07-31,2.6895151138305664,3.4574999809265137,3.5333330631256104,3.4216670989990234,151978800
2009-08-03,2.8234739303588867,3.575000047683716,3.6483330726623535,3.5183329582214355,131858400
2009-08-04,2.851302146911621,3.593333005905152,3.694166898727417,3.5708329677581787,162132000
2009-08-05,2.8234739303588867,3.68166708946228,3.691667079925537,3.550832986831665,166682400
2009-08-06,2.7833521366119385,3.6875,3.7100000381469727,3.5333330631256104,142646400
2009-08-07,2.8953065872192383,3.688333034515381,3.814167022705078,3.632499933242798,153865200
2009-08-10,2.87136173248291,3.689167022705078,3.732500076293945,3.627500057220459,101360400
2009-08-11,2.7684667110443115,3.655833005905152,3.6666669845581055,3.5374999046325684,127894800
2009-08-12,2.86294937133789,3.5491669178009038,3.764167070388794,3.5466670989990234,125985600
2009-08-13,2.9205451011657715,3.737499952316284,3.771667003631592,3.625,115600800
2009-08-14,2.847418546676636,3.765000104904175,3.771667003631592,3.558332920074463,104617200
2009-08-17,2.6370975971221924,3.449167013168335,3.468333005905152,3.379167079925537,97530000
2009-08-18,2.708282709121704,3.420833110809326,3.515832901000977,3.4033329486846924,78616800
2009-08-19,2.779469966888428,3.3933329582214355,3.606667041778565,3.386667013168335,100122000
2009-08-20,2.859714269638061,3.5891671180725098,3.705832958221436,3.564167022705078,92176800
2009-08-21,3.02020525932312,3.768332958221436,3.912499904632568,3.75,92438400
2009-08-24,3.0150275230407715,3.946666955947876,4.004167079925537,3.847500085830689,94820400
2009-08-25,3.033795118331909,3.934999942779541,4.019166946411133,3.8858330249786377,126572400
2009-08-26,3.0376782417297363,3.875833034515381,3.9633328914642334,3.8350000381469727,104142000
2009-08-27,3.0609755516052246,3.899167060852051,3.9708330631256095,3.767499923706055,116272800
2009-08-28,3.0545032024383545,4.028333187103272,4.049167156219482,3.856667041778565,100240800
2009-08-31,2.972963094711304,3.814167022705078,3.8416669368743896,3.756666898727417,81829200
2009-09-01,2.7775275707244877,3.7708330154418954,3.920000076293945,3.5541670322418213,173712000
2009-09-02,2.7451696395874023,3.5258328914642334,3.600832939147949,3.509999990463257,89448000
2009-09-03,2.8163557052612305,3.5983328819274902,3.639167070388794,3.512500047683716,75825600
2009-09-04,2.9380178451538086,3.644166946411133,3.7833330631256095,3.6116669178009033,68756400
2009-09-08,3.021498918533325,3.889167070388794,3.8949999809265137,3.822499990463257,70411200
2009-09-09,3.0913901329040527,3.903332948684693,4.022500038146973,3.868333101272583,86215200
2009-09-10,3.1871678829193115,3.9891669750213614,4.114167213439941,3.924999952316284,78838800
2009-09-11,3.1871678829193115,4.132500171661377,4.175833225250244,4.049167156219482,86341200
2009-09-14,3.2447612285614014,4.008333206176758,4.191667079925537,4.004167079925537,81573600
2009-09-15,3.290710210800171,4.198332786560059,4.2841668128967285,4.123332977294922,108459600
2009-09-16,3.4434356689453125,4.289999961853027,4.4375,4.24666690826416,79426800
2009-09-17,3.422080516815185,4.417500019073486,4.575832843780518,4.337500095367432,133173600
2009-09-18,3.429197072982788,4.4608330726623535,4.46999979019165,4.37166690826416,81897600
2009-09-21,3.4046051502227783,4.320833206176758,4.4166669845581055,4.18416690826416,54210000
2009-09-22,3.469137191772461,4.458333015441895,4.490832805633545,4.395833015441895,74361600
2009-09-23,3.36731481552124,4.488333225250244,4.565000057220459,4.314167022705078,111838800
2009-09-24,3.2531678676605225,4.365832805633545,4.387499809265137,4.126667022705078,88407600
2009-09-25,3.2071192264556885,4.149167060852051,4.218332767486572,4.072500228881836,78145200
2009-09-28,3.371854066848755,4.163332939147949,4.362500190734863,4.15749979019165,48109200
2009-09-29,3.3543426990509038,4.358333110809326,4.423333168029785,4.278333187103272,73011600
2009-09-30,3.310889959335327,4.349999904632568,4.360000133514404,4.135832786560059,98480400
2009-10-01,3.0592494010925293,4.220832824707031,4.230000019073486,3.925832986831665,106536000
2009-10-02,3.0203354358673096,3.819999933242798,3.946666955947876,3.810832977294922,89538000
2009-10-05,3.150695323944092,3.93166708946228,4.081666946411133,3.886667013168335,69171600
2009-10-06,3.2888383865356445,4.139166831970215,4.295833110809326,4.130000114440918,76896000
2009-10-07,3.3134841918945312,4.195833206176758,4.269166946411133,4.172500133514404,79050000
2009-10-08,3.3964993953704834,4.369166851043701,4.431666851043701,4.304999828338623,78579600
2009-10-09,3.454220533370972,4.364167213439941,4.44083309173584,4.333333015441895,46399200
2009-10-12,3.50026798248291,4.511666774749756,4.553332805633545,4.443333148956299,42571200
2009-10-13,3.4749741554260254,4.457499980926514,4.489999771118164,4.379167079925537,60387600
2009-10-14,3.6513829231262207,4.627500057220459,4.707499980926514,4.5625,76630800
2009-10-15,3.685107707977295,4.627500057220459,4.739167213439941,4.616666793823242,60434400
2009-10-16,3.605983257293701,4.624166965484619,4.683332920074463,4.548333168029785,73185600
2009-10-19,3.69743013381958,4.658332824707031,4.7941670417785645,4.611667156219482,73150800
2009-10-20,3.634520053863525,4.78249979019165,4.78249979019165,4.5966668128967285,91654800
2009-10-21,3.535939693450928,4.647500038146973,4.808332920074463,4.53249979019165,93099600
2009-10-22,3.635817766189575,4.527500152587891,4.716667175292969,4.443333148956299,94479600
2009-10-23,3.5080502033233643,4.722499847412109,4.727499961853027,4.455832958221436,127652400
2009-10-26,3.392608165740967,4.521667003631592,4.668333053588867,4.325832843780518,122566800
2009-10-27,3.341371297836304,4.375833034515381,4.4166669845581055,4.262499809265137,122426400
2009-10-28,3.1390206813812256,4.254167079925537,4.296667098999023,4.0233330726623535,130334400
2009-10-29,3.336831569671631,4.123332977294922,4.3125,4.099999904632568,79713600
2009-10-30,3.0540599822998047,4.254167079925537,4.28249979019165,3.9008328914642334,163779600
2009-11-02,3.1169707775115967,3.9791669845581055,4.125,3.8550000190734863,164173200
2009-11-03,3.15264105796814,3.930833101272583,4.066667079925537,3.9083330631256095,125739600
2009-11-04,3.164314985275269,4.150000095367432,4.243332862854004,4.047500133514404,130326000
2009-11-05,3.349803686141968,4.162499904632568,4.310832977294922,4.139999866485596,78327600
2009-11-06,3.376393318176269,4.230000019073486,4.374166965484619,4.210000038146973,79237200
2009-11-09,3.6079280376434326,4.442500114440918,4.635832786560059,4.435832977294922,62114400
2009-11-10,3.607280731201172,4.605000019073486,4.681666851043701,4.559999942779541,82910400
2009-11-11,3.6630570888519287,4.734167098999023,4.799167156219482,4.642499923706055,89554800
2009-11-12,3.552153348922729,4.681666851043701,4.765832901000977,4.5258331298828125,97922400
2009-11-13,3.6105241775512695,4.595832824707031,4.695833206176758,4.52666711807251,81452400
2009-11-16,3.7739603519439697,4.736667156219482,4.90500020980835,4.7291669845581055,70759200
2009-11-17,3.7843363285064697,4.810832977294922,4.867499828338623,4.750833034515381,60363600
2009-11-18,3.77136492729187,4.851666927337647,4.873332977294922,4.761666774749756,56280000
2009-11-19,3.613117694854736,4.741666793823242,4.752500057220459,4.560832977294922,98540400
2009-11-20,3.5827112197875977,4.039999961853027,4.095832824707031,4.008333206176758,73640400
2009-11-23,3.704632043838501,4.206666946411133,4.300000190734863,4.179999828338623,71452800
2009-11-24,3.714914321899414,4.22333288192749,4.235833168029785,4.117499828338623,59002800
2009-11-25,3.762653827667236,4.248332977294922,4.284999847412109,4.205832958221436,46106400
2009-11-27,3.5812408924102783,3.929167032241821,4.150000095367432,3.909167051315308,65482800
2009-11-30,3.6142923831939697,4.052499771118164,4.119166851043701,3.994999885559082,82401600
2009-12-01,3.743558168411255,4.21999979019165,4.296667098999023,4.192500114440918,67971600
2009-12-02,3.759715795516968,4.254167079925537,4.34833288192749,4.224166870117188,58404000
2009-12-03,3.6679086685180655,4.300833225250244,4.369166851043701,4.1508331298828125,80853600
2009-12-04,3.731807231903076,4.333333015441895,4.389999866485596,4.016666889190674,122559600
2009-12-07,3.713445663452149,4.2291669845581055,4.2941670417785645,4.179166793823242,49426800
2009-12-08,3.5959317684173584,4.131667137145996,4.154167175292969,4.039166927337647,66080400
2009-12-09,3.633388757705689,4.082499980926514,4.144166946411133,4.014166831970215,60139200
2009-12-10,3.6994900703430176,4.199999809265137,4.247499942779541,4.175000190734863,47019600
2009-12-11,3.753105401992798,4.248332977294922,4.277500152587891,4.193333148956299,53821200
2009-12-14,3.832428455352783,4.33916711807251,4.360000133514404,4.283332824707031,41520000
2009-12-15,3.784687995910645,4.303332805633545,4.358333110809326,4.259167194366455,38721600
2009-12-16,3.8103933334350586,4.351666927337647,4.389166831970215,4.2941670417785645,43034400
2009-12-17,3.677456378936768,4.2316670417785645,4.256667137145996,4.158332824707031,53840400
2009-12-18,3.734009981155396,4.242499828338623,4.247499942779541,4.133333206176758,48298800
2009-12-21,3.8471179008483887,4.305832862854004,4.408332824707031,4.300000190734863,35182800
2009-12-22,3.8993444442749023,4.399167060852051,4.44083309173584,4.379167079925537,31441200
2009-12-23,3.933916568756104,4.458333015441895,4.469167232513428,4.395833015441895,28054800
2009-12-24,3.995706558227539,4.480833053588867,4.531667232513428,4.480833053588867,14533200
2009-12-28,4.0082106590271,4.570833206176758,4.578332901000977,4.494999885559082,18194400
2009-12-29,3.991293430328369,4.580832958221436,4.580832958221436,4.516666889190674,21056400
2009-12-30,3.9787867069244394,4.47333288192749,4.527500152587891,4.469167232513428,17800800
2009-12-31,3.8625648021698,4.53583288192749,4.539166927337647,4.375833034515381,18962400
2010-01-04,4.06043815612793,4.490832805633545,4.607500076293945,4.489999771118164,28238400
2010-01-05,4.098687171936035,4.59499979019165,4.645833015441895,4.5416669845581055,33206400
2010-01-06,4.109721660614014,4.630000114440918,4.685832977294922,4.619166851043701,44194800
2010-01-07,4.158270835876465,4.631667137145996,4.725832939147949,4.586667060852051,43773600
2010-01-08,4.202405452728272,4.670000076293945,4.766666889190674,4.643332958221436,39685200
2010-01-11,4.218590259552002,4.823332786560059,4.834167003631592,4.718332767486572,39402000
2010-01-12,4.095010757446289,4.679999828338623,4.706666946411133,4.583333015441895,70981200
2010-01-13,4.200199127197266,4.675000190734863,4.795833110809326,4.601666927337647,58323600
2010-01-14,4.234037399291992,4.744999885559082,4.820000171661377,4.736667156219482,39696000
2010-01-15,4.09133243560791,4.7733330726623535,4.789999961853027,4.581666946411133,65668800
2010-01-19,4.238450050354004,4.629167079925537,4.808332920074463,4.622499942779541,42022800
2010-01-20,4.113399505615234,4.704166889190674,4.710000038146973,4.547500133514404,70280400
2010-01-21,3.8912529945373535,4.663332939147949,4.7108330726623535,4.389166831970215,137617200
2010-01-22,3.633060932159424,4.351666927337647,4.395833015441895,4.097499847412109,138201600
2010-01-25,3.686760187149048,4.225832939147949,4.242499828338623,4.133333206176758,71208000
2010-01-26,3.638211727142334,4.123332977294922,4.250833034515381,4.093332767486572,68493600
2010-01-27,3.690437078475952,4.112500190734863,4.201666831970215,4.011666774749756,97148400
2010-01-28,3.559503555297852,4.224999904632568,4.224999904632568,3.955832958221436,97756800
2010-01-29,3.429304361343384,4.080832958221436,4.165832996368408,3.873332977294922,99787200
2010-02-01,3.5918703079223637,3.974999904632568,4.074166774749756,3.964999914169312,67242000
2010-02-02,3.729423999786377,4.100832939147949,4.24666690826416,4.052499771118164,66903600
2010-02-03,3.6735196113586426,4.168333053588867,4.227499961853027,4.122499942779541,62972400
2010-02-04,3.332207441329956,4.057499885559082,4.064167022705078,3.768332958221436,109621200
2010-02-05,3.3483898639678955,3.7799999713897705,3.816667079925537,3.565000057220459,148866000
2010-02-08,3.272624492645264,3.793333053588867,3.8641669750213614,3.703332901000977,94868400
2010-02-09,3.3969385623931885,3.840832948684693,3.944999933242798,3.75,140008800
2010-02-10,3.375607252120972,3.8333330154418954,3.892499923706055,3.7291669845581055,90757200
2010-02-11,3.4881515502929688,3.8233330249786377,3.965832948684693,3.748332977294922,85040400
2010-02-12,3.488886594772339,3.830832958221436,3.952500104904175,3.7825000286102295,89464800
2010-02-16,3.655129909515381,4.045000076293945,4.154167175292969,4.000833034515381,54260400
2010-02-17,3.7095632553100586,4.196667194366455,4.220832824707031,4.1483330726623535,67672800
2010-02-18,3.7765004634857178,4.180832862854004,4.302499771118164,4.179166793823242,51837600
2010-02-19,3.805924892425537,4.244166851043701,4.3541669845581055,4.216667175292969,51297600
2010-02-22,3.799304962158203,4.357500076293945,4.360000133514404,4.274167060852051,44547600
2010-02-23,3.661749601364136,4.270833015441895,4.305832862854004,4.112500190734863,72362400
2010-02-24,3.7522268295288086,4.179999828338623,4.2733330726623535,4.149167060852051,52680000
2010-02-25,3.7470781803131104,4.074999809265137,4.250833034515381,4.039166927337647,78308400
2010-02-26,3.7514915466308594,4.257500171661377,4.289999961853027,4.175000190734863,48735600
2010-03-01,3.871391296386719,4.3125,4.403333187103272,4.305832862854004,42188400
2010-03-02,3.910378456115722,4.447500228881836,4.493332862854004,4.4091668128967285,44275200
2010-03-03,3.920676946640015,4.4716668128967285,4.525000095367432,4.414166927337647,53859600
2010-03-04,3.953042507171631,4.4633331298828125,4.49666690826416,4.40749979019165,36088800
2010-03-05,4.120019912719727,4.570833206176758,4.680832862854004,4.531667232513428,40521600
2010-03-08,4.125170707702637,4.678332805633545,4.705832958221436,4.65166711807251,27522000
2010-03-09,4.14797306060791,4.627500057220459,4.765832901000977,4.626667022705078,43633200
2010-03-10,4.206083297729492,4.711667060852051,4.801667213439941,4.697500228881836,48385200
2010-03-11,4.253161907196045,4.739999771118164,4.827499866485596,4.690000057220459,38838000
2010-03-12,4.264194965362549,4.889166831970215,4.894999980926514,4.788332939147949,48924000
2010-03-15,4.256103515625,4.804166793823242,4.840000152587891,4.7216668128967285,45910800
2010-03-16,4.370118618011475,4.870832920074463,4.961667060852051,4.832499980926514,46935600
2010-03-17,4.451769828796387,4.999166965484619,5.090000152587891,4.989999771118164,37910400
2010-03-18,4.426024913787842,5.045833110809326,5.065000057220459,4.972499847412109,39668400
2010-03-19,4.352466583251953,4.930832862854004,5.070833206176758,4.886666774749756,44769600
2010-03-22,4.4355878829956055,4.853332996368408,5.055832862854004,4.845832824707031,43524000
2010-03-23,4.535805702209473,4.9375,5.029167175292969,4.887499809265137,47023200
2010-03-24,4.464273929595947,4.959167003631592,5.008333206176758,4.918333053588867,52588800
2010-03-25,4.436415672302246,5.042500019073486,5.09833288192749,4.895833015441895,56316000
2010-03-26,4.440932750701904,4.9375,5.007500171661377,4.841667175292969,63303600
2010-03-29,4.516228675842285,4.980833053588867,5.025000095367432,4.954166889190674,34329600
2010-03-30,4.527522087097168,5.017499923706055,5.066667079925537,4.947500228881836,38167200
2010-03-31,4.481593608856201,4.951666831970215,5.03249979019165,4.914166927337647,41473200
2010-04-01,4.579476833343506,5.055832862854004,5.117499828338623,4.975832939147949,49788000
2010-04-05,4.702962398529053,5.12833309173584,5.2108330726623535,5.0858330726623535,27745200
2010-04-06,4.739102363586426,5.161666870117188,5.272500038146973,5.142499923706055,35377200
2010-04-07,4.657032489776611,5.215833187103272,5.247499942779541,5.083333015441895,63921600
2010-04-08,4.700704097747803,5.097499847412109,5.225832939147949,5.049167156219482,44210400
2010-04-09,4.788799285888672,5.237500190734863,5.309999942779541,5.204166889190674,35521200
2010-04-12,4.82192850112915,5.324166774749756,5.370832920074463,5.305832862854004,32072400
2010-04-13,4.829457759857178,5.320833206176758,5.370832920074463,5.235000133514404,31603200
2010-04-14,4.9920973777771,5.406667232513428,5.528333187103272,5.380833148956299,30331200
2010-04-15,5.010921478271484,5.5,5.577499866485596,5.494166851043701,29269200
2010-04-16,4.77675199508667,5.491666793823242,5.515832901000977,5.200832843780518,90853200
2010-04-19,4.815906047821045,5.238333225250244,5.34250020980835,5.15500020980835,56596800
2010-04-20,4.947672367095947,5.431666851043701,5.487500190734863,5.377500057220459,36062400
2010-04-21,4.934118747711182,5.486667156219482,5.525000095367432,5.368332862854004,44731200
2010-04-22,4.980801582336426,5.340000152587891,5.53583288192749,5.25,59278800
2010-04-23,5.08094596862793,5.508333206176758,5.636666774749756,5.465833187103272,49657200
2010-04-26,5.030498027801514,5.639999866485596,5.675000190734863,5.550833225250244,42423600
2010-04-27,4.672843933105469,5.474999904632568,5.5625,5.144999980926514,90979200
2010-04-28,4.771478652954102,5.258333206176758,5.323332786560059,5.145833015441895,89214000
2010-04-29,4.951436996459961,5.383333206176758,5.516666889190674,5.375,42943200
2010-04-30,4.7074785232543945,5.487500190734863,5.504167079925537,5.201666831970215,66883200
2010-05-03,4.885177612304688,5.2758331298828125,5.445833206176758,5.255000114440918,40921200
2010-05-04,4.5373125076293945,5.220832824707031,5.225832939147949,4.94083309173584,67262400
2010-05-05,4.441685676574707,4.880833148956299,5.051667213439941,4.808332920074463,65911200
2010-05-06,3.995183944702149,4.845832824707031,4.942500114440918,3.4666669368743896,129265200
2010-05-07,3.7971558570861816,4.375,4.522500038146973,4.022500038146973,100494000
2010-05-10,4.308412075042725,4.737500190734863,4.822500228881836,4.631667137145996,79014000
2010-05-11,4.282060623168945,4.638332843780518,4.921667098999023,4.610833168029785,72963600
2010-05-12,4.4687910079956055,4.801667213439941,4.965833187103272,4.775000095367432,45466800
2010-05-13,4.312178611755371,4.914999961853027,4.985000133514404,4.752500057220459,50678400
2010-05-14,4.071983814239502,4.658332824707031,4.6875,4.379167079925537,85371600
2010-05-17,4.079514503479004,4.542500019073486,4.586667060852051,4.25,70009200
2010-05-18,3.913864374160767,4.625833034515381,4.6666669845581055,4.280832767486572,87229200
2010-05-19,3.837815523147583,4.255000114440918,4.372499942779541,4.083333015441895,104214000
2010-05-20,3.398089408874512,3.984167098999024,4.028333187103272,3.75333309173584,162824400
2010-05-21,3.534375667572021,3.586667060852051,3.955832958221436,3.559999942779541,135914400
2010-05-24,3.4108901023864746,3.869999885559082,3.9574999809265137,3.765832901000977,76162800
2010-05-25,3.416913747787476,3.5,3.7891669273376474,3.422499895095825,80966400
2010-05-26,3.3672187328338623,3.865000009536743,3.9700000286102295,3.692500114440918,85789200
2010-05-27,3.7045419216156006,3.942500114440918,4.113333225250244,3.8983330726623535,58806000
2010-05-28,3.582563877105713,4.0883331298828125,4.09499979019165,3.893332958221436,73153200
2010-06-01,3.377759456634521,3.8391671180725098,4.013332843780518,3.7274999618530273,72601200
2010-06-02,3.642800331115722,3.803333044052124,4.034999847412109,3.75,53204400
2010-06-03,3.691741466522217,4.082499980926514,4.119999885559082,3.9641671180725098,49161600
2010-06-04,3.315265655517578,3.8541669845581055,3.9375,3.616667032241821,79070400
2010-06-07,3.1706976890563965,3.694999933242798,3.735832929611206,3.501667022705078,57530400
2010-06-08,3.260298013687134,3.5183329582214355,3.627500057220459,3.416666984558105,94893600
2010-06-09,3.213616132736206,3.675832986831665,3.788332939147949,3.5183329582214355,72370800
2010-06-10,3.501997232437134,3.741667032241821,3.8833329677581783,3.724999904632568,56421600
2010-06-11,3.5509402751922607,3.7708330154418954,3.94333291053772,3.759166955947876,41620800
2010-06-14,3.5434110164642334,4.03249979019165,4.09833288192749,3.911667108535767,47994000
2010-06-15,3.782097339630127,4.005833148956299,4.202499866485596,3.9866669178009033,42567600
2010-06-16,3.776073217391968,4.12833309173584,4.235833168029785,4.097499847412109,50440800
2010-06-17,3.786614894866944,4.22333288192749,4.224999904632568,4.072500228881836,63685200
2010-06-18,3.7971558570861816,4.2133331298828125,4.247499942779541,4.162499904632568,36188400
2010-06-21,3.7527318000793457,4.359167098999023,4.369999885559082,4.091667175292969,56272800
2010-06-22,3.567820310592652,4.155832767486572,4.212500095367432,3.928333044052124,62646000
2010-06-23,3.532390594482422,3.954166889190674,3.995832920074463,3.8233330249786377,60920400
2010-06-24,3.3552439212799072,3.8541669845581055,3.866667032241821,3.68416690826416,64449600
2010-06-25,3.401226282119751,3.7366669178009033,3.814167022705078,3.644166946411133,73022400
2010-06-28,3.359766960144043,3.774167060852051,3.804167032241821,3.679167032241821,38508000
2010-06-29,3.0469319820404053,3.565000057220459,3.56833291053772,3.3016669750213623,91196400
2010-06-30,2.94742751121521,3.3424999713897705,3.44083309173584,3.243333101272583,69840000
2010-07-01,2.9210450649261475,3.269166946411133,3.2991669178009038,3.069166898727417,100200000
2010-07-02,2.873554229736328,3.259166955947876,3.289999961853028,3.119999885559082,71796000
2010-07-06,2.9157674312591557,3.309999942779541,3.37833309173584,3.1358330249786377,65976000
2010-07-07,3.196187257766724,3.24666690826416,3.543333053588867,3.240000009536743,54277200
2010-07-08,3.2873997688293457,3.625,3.6666669845581055,3.5174999237060547,55112400
2010-07-09,3.365796566009521,3.636667013168335,3.724999904632568,3.616667032241821,47355600
2010-07-12,3.3680574893951416,3.689167022705078,3.759166955947876,3.636667013168335,40822800
2010-07-13,3.5293753147125244,3.8416669368743896,3.946666955947876,3.8233330249786377,53217600
2010-07-14,3.524852514266968,3.86916708946228,3.944999933242798,3.81833291053772,37082400
2010-07-15,3.532390594482422,3.894166946411133,3.938333034515381,3.738332986831665,60340800
2010-07-16,3.2338790893554688,3.8383328914642334,3.8458330631256095,3.5541670322418213,60516000
2010-07-19,3.2941839694976807,3.615000009536743,3.670833110809326,3.5266671180725098,38925600
2010-07-20,3.407257556915283,3.4916670322418213,3.7766671180725098,3.483333110809326,49574400
2010-07-21,3.27307677268982,3.826667070388794,3.830832958221436,3.574167013168335,62870400
2010-07-22,3.4916841983795166,3.749166965484619,3.905833005905152,3.747499942779541,40190400
2010-07-23,3.591188430786133,3.8350000381469727,3.981667041778565,3.804167032241821,42493200
2010-07-26,3.7095367908477774,3.987499952316284,4.110833168029785,3.954999923706055,37852800
2010-07-27,3.6944615840911865,4.1666669845581055,4.179166793823242,4.039999961853027,39218400
2010-07-28,3.620587110519409,4.059999942779541,4.097499847412109,3.959167003631592,37102800
2010-07-29,3.565558910369873,4.078332901000977,4.1041669845581055,3.8424999713897705,51758400
2010-07-30,3.573096990585327,3.817500114440918,4.004167079925537,3.797499895095825,37359600
2010-08-02,3.801504135131836,4.134167194366455,4.244166851043701,4.083333015441895,36231600
2010-08-03,3.747982263565064,4.175833225250244,4.209167003631592,4.101666927337647,31233600
2010-08-04,3.828641176223755,4.179999828338623,4.248332977294922,4.141666889190674,31260000
2010-08-05,3.818087577819824,4.15500020980835,4.225832939147949,4.134167194366455,25328400
2010-08-06,3.770596981048584,4.093332767486572,4.194167137145996,4.008333206176758,38065200
2010-08-09,3.834672451019287,4.234167098999023,4.259167194366455,4.163332939147949,20134800
2010-08-10,3.759289264678955,4.132500171661377,4.227499961853027,4.052499771118164,42063600
2010-08-11,3.446455240249634,3.9633328914642334,3.9633328914642334,3.794167041778565,47680800
2010-08-12,3.388411521911621,3.6383330821990967,3.784167051315308,3.6333329677581783,37207200
2010-08-13,3.350721597671509,3.704999923706055,3.7766671180725098,3.6983330249786377,34147200
2010-08-16,3.352228164672852,3.6333329677581783,3.742500066757202,3.5958330631256104,35426400
2010-08-17,3.4788694381713867,3.804167032241821,3.928333044052124,3.7725000381469727,44095200
2010-08-18,3.503744840621948,3.843333005905152,3.93416690826416,3.7766671180725098,41824800
2010-08-19,3.323582887649536,3.811666965484619,3.843333005905152,3.627500057220459,55251600
2010-08-20,3.291922807693481,3.6383330821990967,3.655833005905152,3.5566670894622803,42684000
2010-08-23,3.2512166500091557,3.691667079925537,3.745832920074463,3.5891671180725098,46245600
2010-08-24,3.107990264892578,3.470000028610229,3.5183329582214355,3.372499942779541,53014800
2010-08-25,3.1404058933258057,3.370832920074463,3.5108330249786377,3.3041670322418213,51841200
2010-08-26,3.0793466567993164,3.525000095367432,3.538332939147949,3.370832920074463,48879600
2010-08-27,3.2248334884643555,3.4649999141693115,3.576667070388794,3.314167022705078,61564800
2010-08-30,3.0853757858276367,3.5366671085357666,3.5733330249786377,3.4100000858306885,47550000
2010-08-31,3.1004531383514404,3.3691670894622803,3.4749999046325684,3.329166889190674,49580400
2010-09-01,3.359766960144043,3.550832986831665,3.728332996368408,3.543333053588867,45638400
2010-09-02,3.4577629566192627,3.738332986831665,3.826667070388794,3.718333005905152,31700400
2010-09-03,3.59269642829895,3.94083309173584,3.9891669750213614,3.87833309173584,37790400
2010-09-07,3.4751007556915283,3.9141669273376474,3.932499885559082,3.828332901000977,33942000
2010-09-08,3.5414364337921143,3.859167098999024,3.962500095367432,3.8550000190734863,32110800
2010-09-09,3.5874195098876958,4.048333168029785,4.054166793823242,3.934999942779541,25590000
2010-09-10,3.642448663711548,3.987499952316284,4.039999961853027,3.9641671180725098,25532400
2010-09-13,3.768335103988648,4.143332958221436,4.186666965484619,4.1041669845581055,37706400
2010-09-14,3.763059139251709,4.139999866485596,4.230000019073486,4.094167232513428,37848000
2010-09-15,3.805271863937378,4.123332977294922,4.2216668128967285,4.0858330726623535,28318800
2010-09-16,3.802257776260376,4.164999961853027,4.211667060852051,4.131667137145996,27724800
2010-09-17,3.806779623031616,4.267499923706055,4.277500152587891,4.172500133514404,29958000
2010-09-20,3.981665849685669,4.255000114440918,4.429166793823242,4.224166870117188,24872400
2010-09-21,3.958297252655029,4.418333053588867,4.472499847412109,4.324166774749756,50521200
2010-09-22,3.896514892578125,4.345832824707031,4.4166669845581055,4.261666774749756,29373600
2010-09-23,3.8028604984283447,4.186666965484619,4.329999923706055,4.162499904632568,34352400
2010-09-24,4.0302019119262695,4.336667060852051,4.4633331298828125,4.326666831970215,25610400
2010-09-27,3.98790454864502,4.465000152587891,4.477499961853027,4.385832786560059,22155600
2010-09-28,4.037753105163574,4.4191670417785645,4.486667156219482,4.272500038146973,49814400
2010-09-29,4.01056432723999,4.415832996368408,4.4791669845581055,4.375833034515381,36463200
2010-09-30,3.9841275215148926,4.501667022705078,4.580832958221436,4.331666946411133,49293600
2010-10-01,4.029445648193359,4.487500190734863,4.505833148956299,4.369999885559082,38605200
2010-10-04,3.938810110092163,4.429166793823242,4.472499847412109,4.279167175292969,28527600
2010-10-05,4.173705577850342,4.466667175292969,4.635832786560059,4.447500228881836,31062000
2010-10-06,4.165395736694336,4.6041669845581055,4.636666774749756,4.540832996368408,23876400
2010-10-07,4.151801586151123,4.656667232513428,4.6591668128967285,4.497499942779541,26488800
2010-10-08,4.225064754486084,4.594167232513428,4.699999809265137,4.549167156219482,27525600
2010-10-11,4.241681098937988,4.685832977294922,4.715000152587891,4.634167194366455,16532400
2010-10-12,4.2839765548706055,4.634167194366455,4.762499809265137,4.553332805633545,29330400
2010-10-13,4.376121520996094,4.808332920074463,4.90749979019165,4.769999980926514,19452000
2010-10-14,4.335334300994873,4.821667194366455,4.844167232513428,4.688333034515381,29485200
2010-10-15,4.354218482971191,4.876667022705078,4.882500171661377,4.695000171661377,27841200
2010-10-18,4.381409168243408,4.80916690826416,4.911666870117188,4.781667232513428,15804000
2010-10-19,4.233372211456299,4.730833053588867,4.8125,4.5858330726623535,37636800
2010-10-20,4.358750343322754,4.704999923706055,4.876667022705078,4.6875,25963200
2010-10-21,4.387450695037842,4.876667022705078,4.957499980926514,4.726666927337647,37836000
2010-10-22,4.4191718101501465,4.859167098999023,4.890832901000977,4.825832843780518,15234000
2010-10-25,4.462980270385742,4.965833187103272,5.049167156219482,4.912499904632568,22051200
2010-10-26,4.46146821975708,4.849166870117188,4.945000171661377,4.815000057220459,16182000
2010-10-27,4.432013034820557,4.818333148956299,4.903333187103272,4.752500057220459,23532000
2010-10-28,4.436544895172119,4.97333288192749,4.9816670417785645,4.823332786560059,20245200
2010-10-29,4.453160762786865,4.872499942779541,4.93416690826416,4.857500076293945,17666400
2010-11-01,4.453160762786865,4.980833053588867,5.065000057220459,4.830832958221436,21316800
2010-11-02,4.558900833129883,5.0233330726623535,5.065000057220459,4.9791669845581055,15842400
2010-11-03,4.617059230804443,5.05916690826416,5.097499847412109,4.902500152587891,25878000
2010-11-04,4.864790439605713,5.244999885559082,5.385832786560059,5.239999771118164,22269600
2010-11-05,4.933521747589111,5.392499923706055,5.468332767486572,5.370832920074463,23643600
2010-11-08,4.911618709564209,5.393332958221436,5.436666965484619,5.33916711807251,12212400
2010-11-09,4.796815872192383,5.462500095367432,5.480000019073486,5.2316670417785645,22017600
2010-11-10,4.861014366149902,5.2841668128967285,5.369999885559082,5.175000190734863,14200800
2010-11-11,4.821739673614502,5.2291669845581055,5.3383331298828125,5.18416690826416,15766800
2010-11-12,4.634429454803467,5.210000038146973,5.274167060852051,5.046667098999023,22506000
2010-11-15,4.616302013397217,5.162499904632568,5.2291669845581055,5.093332767486572,20818800
2010-11-16,4.399534702301025,5.004167079925537,5.028333187103272,4.7841668128967285,36133200
2010-11-17,4.418417930603027,4.869999885559082,4.931666851043701,4.824999809265137,19288800
2010-11-18,4.613281726837158,5.013332843780518,5.138332843780518,5.013332843780518,24543600
2010-11-19,4.652554512023926,5.079166889190674,5.139999866485596,5.0,13808400
2010-11-22,4.652554512023926,5.066667079925537,5.137499809265137,4.954999923706055,21766800
2010-11-23,4.447874069213867,4.957499980926514,4.982500076293945,4.855833053588867,29283600
2010-11-24,4.657842636108398,5.006667137145996,5.142499923706055,5.00333309173584,14347200
2010-11-26,4.512828350067139,5.014166831970215,5.091667175292969,4.9791669845581055,6696000
2010-11-29,4.537753105163574,4.929999828338623,5.0441670417785645,4.829166889190674,23293200
2010-11-30,4.452404022216797,4.860833168029785,5.002500057220459,4.8358330726623535,19250400
2010-12-01,4.734882831573486,5.122499942779541,5.255833148956299,5.122499942779541,22958400
2010-12-02,4.919926643371582,5.24666690826416,5.4375,5.244999885559082,21811200
2010-12-03,4.965243339538574,5.375,5.497499942779541,5.364999771118164,15642000
2010-12-06,4.951647758483887,5.451666831970215,5.5,5.426667213439941,10306800
2010-12-07,4.958446025848389,5.627500057220459,5.634167194366455,5.461667060852051,17996400
2010-12-08,4.99923038482666,5.491666793823242,5.545000076293945,5.411666870117188,14798400
2010-12-09,5.053610801696777,5.605833053588867,5.615832805633545,5.5,9627600
2010-12-10,5.143492221832275,5.625,5.691667079925537,5.573332786560059,9651600
2010-12-13,5.149532794952393,5.759167194366455,5.766666889190674,5.675833225250244,9380400
2010-12-14,5.162372589111328,5.700832843780518,5.770833015441895,5.650000095367432,10982400
2010-12-15,5.092130661010742,5.6666669845581055,5.740832805633545,5.593332767486572,14084400
2010-12-16,5.178988933563232,5.626667022705078,5.728332996368408,5.565000057220459,14613600
2010-12-17,5.212977886199951,5.71416711807251,5.768332958221436,5.681666851043701,8481600
2010-12-20,5.240169525146484,5.790832996368408,5.826666831970215,5.703332901000977,9219600
2010-12-21,5.345152378082275,5.833333015441895,5.909999847412109,5.823332786560059,10626000
2010-12-22,5.392735481262207,5.914166927337647,5.961667060852051,5.902500152587891,8198400
2010-12-23,5.370076656341553,5.931666851043701,5.954166889190674,5.885832786560059,8319600
2010-12-27,5.374606609344482,5.863333225250244,5.945000171661377,5.8466668128967285,5630400
2010-12-28,5.3882036209106445,5.9716668128967285,5.97333288192749,5.905832767486572,5232000
2010-12-29,5.4131269454956055,5.977499961853027,6.008333206176758,5.9633331298828125,5784000
2010-12-30,5.393490791320801,5.9608330726623535,5.99666690826416,5.925000190734863,7772400
2010-12-31,5.400287628173828,5.923333168029785,5.966667175292969,5.893332958221436,5966400
2011-01-03,5.553610801696777,6.082499980926514,6.206666946411133,6.074999809265137,15336000
2011-01-04,5.526418685913086,6.176667213439941,6.179166793823242,5.986667156219482,13239600
2011-01-05,5.611769676208496,6.050000190734863,6.208333015441895,6.030832767486572,14179200
2011-01-06,5.583067417144775,6.208333015441895,6.2291669845581055,6.112500190734863,11323200
2011-01-07,5.555877208709717,6.191667079925537,6.224166870117188,5.985000133514404,16960800
2011-01-10,5.542280673980713,6.043333053588867,6.145833015441895,5.991666793823242,9441600
2011-01-11,5.604215145111084,6.1875,6.226666927337647,6.114999771118164,12766800
2011-01-12,5.759802341461182,6.301667213439941,6.364167213439941,6.262499809265137,9703200
2011-01-13,5.734878540039063,6.34250020980835,6.369999885559082,6.275000095367432,8310000
2011-01-14,5.8406195640563965,6.2941670417785645,6.458333015441895,6.28249979019165,11208000
2011-01-18,5.893490314483643,6.445000171661377,6.510000228881836,6.417500019073486,11287200
2011-01-19,5.703911781311035,6.488333225250244,6.49666690826416,6.24666690826416,13868400
2011-01-20,5.66765832901001,6.25,6.297500133514404,6.118332862854004,11586000
2011-01-21,5.70466947555542,6.355000019073486,6.405832767486572,6.264166831970215,7990800
2011-01-24,5.801342964172363,6.2758331298828125,6.421667098999023,6.270833015441895,7172400
2011-01-25,5.805120944976807,6.355833053588867,6.411666870117188,6.255000114440918,15638400
2011-01-26,5.8889570236206055,6.459167003631592,6.547500133514404,6.420833110809326,11451600
2011-01-27,5.938051223754883,6.506667137145996,6.583333015441895,6.46999979019165,10396800
2011-01-28,5.629895210266113,6.575832843780518,6.602499961853027,6.181666851043701,21056400
2011-01-31,5.753761291503906,6.264999866485596,6.369999885559082,6.21750020980835,15157200
2011-02-01,6.023397445678711,6.466667175292969,6.681666851043701,6.459167003631592,17382000
2011-02-02,5.991676330566406,6.603332996368408,6.671667098999023,6.585000038146973,8742000
2011-02-03,6.035482883453369,6.583333015441895,6.6875,6.474166870117188,11728800
2011-02-04,6.082309722900391,6.670833110809326,6.722499847412109,6.579999923706055,10027200
2011-02-07,6.206176280975342,6.764999866485596,6.91083288192749,6.762499809265137,9831600
2011-02-08,6.286994934082031,6.869166851043701,6.946667194366455,6.807499885559082,7790400
2011-02-09,6.250738143920898,6.891666889190674,6.946667194366455,6.792500019073486,10884000
2011-02-10,6.261312484741211,6.786666870117188,6.926667213439941,6.743332862854004,9261600
2011-02-11,6.3798933029174805,6.829999923706055,7.059999942779541,6.824999809265137,15388800
2011-02-14,6.4282307624816895,7.0258331298828125,7.107500076293945,7.010000228881836,10832400
2011-02-15,6.366298198699951,7.030832767486572,7.058332920074463,6.970832824707031,7975200
2011-02-16,6.485632419586182,7.09499979019165,7.18416690826416,7.058332920074463,11973600
2011-02-17,6.549830913543701,7.1041669845581055,7.25,7.085000038146973,9907200
2011-02-18,6.576266288757324,7.237500190734863,7.288332939147949,7.180832862854004,7836000
2011-02-22,6.169167995452881,7.031667232513428,7.145833015441895,6.75333309173584,21571200
2011-02-23,6.050587177276611,6.800833225250244,6.84833288192749,6.529167175292969,15822000
2011-02-24,6.036237716674805,6.6483330726623535,6.736667156219482,6.465833187103272,21230400
2011-02-25,6.235633850097656,6.739999771118164,6.892499923706055,6.728332996368408,13113600
2011-02-28,6.355722904205322,6.966667175292969,7.039166927337647,6.887499809265137,15357600
2011-03-01,6.035482883453369,7.083333015441895,7.095832824707031,6.652500152587891,23127600
2011-03-02,6.066449165344238,6.624166965484619,6.795833110809326,6.611667156219482,15442800
2011-03-03,6.3798933029174805,6.887499809265137,7.071667194366455,6.882500171661377,19180800
2011-03-04,6.2499823570251465,7.040832996368408,7.056666851043701,6.763332843780518,28984800
2011-03-07,6.089863300323486,6.958333015441895,7.0,6.611667156219482,16789200
2011-03-08,6.249228000640869,6.761666774749756,6.958333015441895,6.663332939147949,17228400
2011-03-09,6.2220377922058105,6.847499847412109,6.926667213439941,6.743332862854004,19587600
2011-03-10,5.881404876708984,6.646667003631592,6.649167060852051,6.46416711807251,25024800
2011-03-11,5.991676330566406,6.413332939147949,6.681666851043701,6.412499904632568,15356400
2011-03-14,5.8889570236206055,6.485000133514404,6.564167022705078,6.34833288192749,21320400
2011-03-15,5.70466947555542,5.991666793823242,6.396667003631592,5.960000038146973,28333200
2011-03-16,5.398021697998047,6.230000019073486,6.295833110809326,5.820000171661377,41353200
2011-03-17,5.576269626617432,6.199999809265137,6.247499942779541,6.06583309173584,22156800
2011-03-18,5.652552604675293,6.385000228881836,6.394999980926514,6.195833206176758,23245200
2011-03-21,5.9123711585998535,6.453332901000977,6.5625,6.440000057220459,16153200
2011-03-22,5.848926067352295,6.521667003631592,6.550833225250244,6.4375,16443600
2011-03-23,5.898775577545166,6.395833015441895,6.55916690826416,6.307499885559082,12088800
2011-03-24,6.073246955871582,6.613333225250244,6.726666927337647,6.505000114440918,16778400
2011-03-25,6.132914543151856,6.758333206176758,6.859167098999023,6.708333015441895,16087200
2011-03-28,6.088351249694824,6.813333034515381,6.863333225250244,6.7108330726623535,9057600
2011-03-29,6.212218761444092,6.698332786560059,6.855000019073486,6.631667137145996,12357600
2011-03-30,6.351191997528076,6.957499980926514,7.058332920074463,6.932499885559082,12403200
2011-03-31,6.333065509796143,6.983333110809326,7.039166927337647,6.958333015441895,9019200
2011-04-01,6.412370204925537,7.111667156219482,7.1666669845581055,7.02666711807251,12213600
2011-04-04,6.4312520027160645,7.127500057220459,7.1591668128967285,7.037499904632568,9080400
2011-04-05,6.4312520027160645,7.054166793823242,7.195833206176758,7.050000190734863,9904800
2011-04-06,6.481856346130371,7.195000171661377,7.221666812896728,7.073332786560059,9038400
2011-04-07,6.4304962158203125,7.117499828338623,7.199166774749756,6.993332862854004,11648400
2011-04-08,6.354212284088135,7.174167156219482,7.198332786560059,6.926667213439941,9889200
2011-04-11,6.296812057495117,7.045833110809326,7.105833053588867,6.889999866485596,10888800
2011-04-12,6.148775577545166,6.830832958221436,6.868332862854004,6.7108330726623535,19225200
2011-04-13,6.155572891235352,6.883333206176758,6.900000095367432,6.712500095367432,13984800
2011-04-14,6.171435356140137,6.674167156219482,6.835000038146973,6.612500190734863,10696800
2011-04-15,6.240919589996338,6.84250020980835,6.935832977294922,6.78249979019165,14944800
2011-04-18,6.024908542633057,6.652500152587891,6.691667079925537,6.489999771118164,21690000
2011-04-19,6.119319915771484,6.686666965484619,6.769999980926514,6.632500171661377,17607600
2011-04-20,6.394998550415039,6.998332977294922,7.09250020980835,6.998332977294922,16110000
2011-04-21,6.487144470214844,7.144999980926514,7.1666669845581055,7.083333015441895,9032400
2011-04-25,6.473548889160156,7.15166711807251,7.174167156219482,7.070833206176758,8326800
2011-04-26,6.637443542480469,7.211667060852051,7.369166851043701,7.186666965484619,9565200
2011-04-27,6.764331817626953,7.37166690826416,7.494999885559082,7.274167060852051,9602400
2011-04-28,6.830041408538818,7.43416690826416,7.569167137145996,7.425833225250244,12918000
2011-04-29,6.888954162597656,7.546667098999023,7.616666793823242,7.517499923706055,8976000
2011-05-02,6.846659183502197,7.7058329582214355,7.720832824707031,7.510832786560059,10220400
2011-05-03,6.749227523803711,7.502500057220459,7.545000076293945,7.334167003631592,12174000
2011-05-04,6.610254287719727,7.454166889190674,7.454166889190674,7.197500228881836,13485600
2011-05-05,6.451644420623779,7.178332805633545,7.326666831970215,7.019999980926514,18632400
2011-05-06,6.528684139251709,7.324166774749756,7.435832977294922,7.126667022705078,17847600
2011-05-09,6.623095512390137,7.2133331298828125,7.366666793823242,7.183332920074463,8986800
2011-05-10,6.799076080322266,7.37833309173584,7.537499904632568,7.355000019073486,11820000
2011-05-11,6.582309246063232,7.470832824707031,7.474999904632568,7.1591668128967285,19417200
2011-05-12,6.6744537353515625,7.212500095367432,7.404167175292969,7.086667060852051,14400000
2011-05-13,6.506024360656738,7.372499942779541,7.394999980926514,7.111667156219482,13810800
2011-05-16,6.384425640106201,7.109167098999023,7.27666711807251,7.007500171661377,12715200
2011-05-17,6.366298198699951,6.961667060852051,7.055832862854004,6.858333110809326,17752800
2011-05-18,6.551342487335205,7.039166927337647,7.245832920074463,6.992499828338623,11592000
2011-05-19,6.585330486297607,7.296667098999023,7.335000038146973,7.154167175292969,13902000
2011-05-20,6.444092750549316,7.22333288192749,7.249166965484619,7.058332920074463,12919200
2011-05-23,6.2046661376953125,6.841667175292969,6.917500019073486,6.780832767486572,18416400
2011-05-24,6.192582607269287,6.9091668128967285,6.956666946411133,6.789999961853027,12444000
2011-05-25,6.259803771972656,6.75,6.989167213439941,6.747499942779541,16561200
2011-05-26,6.353458404541016,6.849166870117188,7.045833110809326,6.818333148956299,13185600
2011-05-27,6.432763576507568,7.070833206176758,7.154167175292969,7.050833225250244,11781600
2011-05-31,6.631402492523193,7.289999961853027,7.316667079925537,7.145833015441895,13755600
2011-06-01,6.188050270080566,7.258333206176758,7.269166946411133,6.80916690826416,26522400
2011-06-02,6.167656421661377,6.8383331298828125,6.891666889190674,6.689167022705078,12970800
2011-06-03,5.981101989746094,6.566667079925537,6.751667022705078,6.549167156219482,14660400
2011-06-06,5.777930736541748,6.55916690826416,6.5858330726623535,6.355000019073486,17934000
2011-06-07,5.771888732910156,6.468332767486572,6.529167175292969,6.361667156219482,12573600
2011-06-08,5.692583560943604,6.349166870117188,6.3983330726623535,6.25,21044400
2011-06-09,5.811164379119873,6.331666946411133,6.491666793823242,6.284999847412109,12996000
2011-06-10,5.565694332122803,6.332499980926514,6.345832824707031,6.09833288192749,19465200
2011-06-13,5.570983409881592,6.180832862854004,6.233333110809326,6.054166793823242,11220000
2011-06-14,5.783217430114746,6.314167022705078,6.445833206176758,6.306666851043701,12528000
2011-06-15,5.484124183654785,6.22333288192749,6.286666870117188,6.000833034515381,18382800
2011-06-16,5.50678300857544,6.0625,6.175833225250244,5.935832977294922,15596400
2011-06-17,5.552098751068115,6.255833148956299,6.257500171661377,6.068333148956299,12894000
2011-06-20,5.641979694366455,6.074999809265137,6.257500171661377,6.067500114440918,10174800
2011-06-21,5.879138469696045,6.323332786560059,6.525000095367432,6.298333168029785,16641600
2011-06-22,5.777175426483154,6.428332805633545,6.5441670417785645,6.364999771118164,11616000
2011-06-23,5.732612609863281,6.15166711807251,6.337500095367432,6.015832901000977,20224800
2011-06-24,5.543036460876465,6.331666946411133,6.34250020980835,6.085000038146973,14014800
2011-06-27,5.673700332641602,6.126667022705078,6.331666946411133,6.081666946411133,9319200
2011-06-28,5.901796340942383,6.336667060852051,6.514999866485596,6.314167022705078,12219600
2011-06-29,6.059651374816895,6.595832824707031,6.71750020980835,6.527500152587891,17418000
2011-06-30,6.230345726013184,6.747499942779541,6.90166711807251,6.724999904632568,14382000
2011-07-01,6.497718811035156,6.885000228881836,7.199999809265137,6.840833187103272,15760800
2011-07-05,6.48940896987915,7.155832767486572,7.210000038146973,7.095832824707031,11524800
2011-07-06,6.521886348724365,7.109167098999023,7.2241668701171875,7.053332805633545,13176000
2011-07-07,6.731856346130371,7.389166831970215,7.474999904632568,7.347499847412109,11244000
2011-07-08,6.589106559753418,7.168333053588867,7.271667003631592,7.095832824707031,15460800
2011-07-11,6.222793102264404,7.00333309173584,7.068333148956299,6.80916690826416,21625200
2011-07-12,6.133669853210449,6.80916690826416,6.9716668128967285,6.759167194366455,20124000
2011-07-13,6.1933369636535645,6.87166690826416,7.050000190734863,6.7916669845581055,17727600
2011-07-14,6.06342887878418,6.888332843780518,6.985000133514404,6.644166946411133,25340400
2011-07-15,6.170680046081543,6.795833110809326,6.831666946411133,6.662499904632568,19026000
2011-07-18,5.998472213745117,6.71750020980835,6.739167213439941,6.477499961853027,24120000
2011-07-19,6.299077033996582,6.733333110809326,6.96999979019165,6.7291669845581055,16382400
2011-07-20,6.283971309661865,7.004167079925537,7.02666711807251,6.893332958221436,13586400
2011-07-21,6.536991119384766,7.054166793823242,7.261666774749756,7.005833148956299,22999200
2011-07-22,6.560407161712647,7.2108330726623535,7.260832786560059,7.1041669845581055,14442000
2011-07-25,6.444092750549316,7.027500152587891,7.21750020980835,7.004167079925537,12319200
2011-07-26,6.369318962097168,7.100832939147949,7.123332977294922,6.977499961853027,15853200
2011-07-27,5.965996742248535,6.914166927337647,6.914999961853027,6.550833225250244,25171200
2011-07-28,5.898020267486572,6.587500095367432,6.752500057220459,6.483333110809326,24495600
2011-07-29,5.793791770935059,6.315000057220459,6.5625,6.2216668128967285,34669200
2011-08-01,5.71297550201416,6.62166690826416,6.825832843780518,6.125,39793200
2011-08-02,5.264336109161377,6.165832996368408,6.2758331298828125,5.805832862854004,43264800
2011-08-03,5.351193904876709,5.836667060852051,5.918333053588867,5.518332958221436,47070000
2011-08-04,4.561922073364258,5.659999847412109,5.674167156219482,5.015832901000977,56443200
2011-08-05,4.498478412628174,5.2216668128967285,5.260832786560059,4.579999923706055,72712800
2011-08-08,3.611773014068604,4.5883331298828125,4.734167098999023,3.9483330249786377,88406400
2011-08-09,4.129141807556152,4.176667213439941,4.555832862854004,3.7816669940948486,83222400
2011-08-10,3.5747644901275635,4.264166831970215,4.40749979019165,3.920000076293945,81435600
2011-08-11,4.077028274536133,4.060832977294922,4.6666669845581055,4.013332843780518,76117200
2011-08-12,4.163131237030029,4.626667022705078,4.709167003631592,4.487500190734863,61723200
2011-08-15,4.432766437530518,4.715000152587891,4.90500020980835,4.699999809265137,36991200
2011-08-16,4.307391166687012,4.75,4.894166946411133,4.602499961853027,54420000
2011-08-17,4.30587911605835,4.832499980926514,4.942500114440918,4.639166831970215,41816400
2011-08-18,3.737905979156494,4.385000228881836,4.389999866485596,3.9866669178009033,53354400
2011-08-19,3.547574043273926,3.959167003631592,4.265832901000977,3.8958330154418954,44486400
2011-08-22,3.5468192100524902,4.170000076293945,4.175000190734863,3.87833309173584,46683600
2011-08-23,3.9010472297668457,3.955832958221436,4.3125,3.892499923706055,47911200
2011-08-24,4.063433647155762,4.275000095367432,4.502500057220459,4.242499828338623,46254000
2011-08-25,3.869324207305908,4.560832977294922,4.636666774749756,4.224999904632568,51700800
2011-08-26,4.059658050537109,4.198332786560059,4.528333187103272,4.00333309173584,50733600
2011-08-29,4.413887023925781,4.6483330726623535,4.883333206176758,4.641666889190674,29001600
2011-08-30,4.4463629722595215,4.811666965484619,5.009167194366455,4.706666946411133,41655600
2011-08-31,4.526424407958984,5.016666889190674,5.146667003631592,4.870832920074463,48398400
2011-09-01,4.371588706970215,4.990832805633545,5.129167079925537,4.800000190734863,44793600
2011-09-02,4.027179718017578,4.516666889190674,4.59499979019165,4.390832901000977,38329200
2011-09-06,3.940322637557984,4.056666851043701,4.362500190734863,4.050000190734863,50906400
2011-09-07,4.267361164093018,4.545833110809326,4.7291669845581055,4.50333309173584,31575600
2011-09-08,4.144249439239502,4.639999866485596,4.800833225250244,4.539999961853027,40579200
2011-09-09,3.81570029258728,4.418333053588867,4.4716668128967285,4.135000228881836,46026000
2011-09-12,3.888206720352173,4.045833110809326,4.296667098999023,4.004167079925537,52429200
2011-09-13,4.001501560211182,4.327499866485596,4.46416711807251,4.240832805633545,49196400
2011-09-14,4.17294979095459,4.489999771118164,4.762499809265137,4.301667213439941,51801600
2011-09-15,4.38669490814209,4.751667022705078,4.840833187103272,4.623332977294922,39694800
2011-09-16,4.449384689331055,4.891666889190674,4.968332767486572,4.770833015441895,33806400
2011-09-19,4.318719863891602,4.664999961853027,4.83916711807251,4.56583309173584,39620400
2011-09-20,4.288508892059326,4.827499866485596,4.960000038146973,4.722499847412109,37627200
2011-09-21,3.892738342285156,4.7291669845581055,4.7758331298828125,4.2916669845581055,64922400
2011-09-22,3.515852689743042,3.928333044052124,4.037499904632568,3.7133328914642334,70525200
2011-09-23,3.583827495574951,3.810832977294922,4.014999866485596,3.7991669178009033,44407200
2011-09-26,3.827783107757568,4.071667194366455,4.240832805633545,3.879167079925537,57792000
2011-09-27,3.9644908905029297,4.466667175292969,4.59833288192749,4.298333168029785,58254000
2011-09-28,3.700896263122559,4.403333187103272,4.47333288192749,4.070833206176758,33201600
2011-09-29,3.785489320755005,4.302499771118164,4.352499961853027,3.952500104904175,62367600
2011-09-30,3.5022568702697754,4.001667022705078,4.110833168029785,3.856667041778565,49004400
2011-10-03,3.182015895843506,3.7925000190734863,3.9458329677581783,3.50333309173584,61560000
2011-10-04,3.4002933502197266,3.370832920074463,3.771667003631592,3.2699999809265137,105518400
2011-10-05,3.5951571464538574,3.778332948684693,3.998332977294922,3.675832986831665,71014800
2011-10-06,3.8028604984283447,3.9583330154418954,4.208333015441895,3.874166965484619,56544000
2011-10-07,3.7046735286712646,4.260000228881836,4.272500038146973,4.028333187103272,47214000
2011-10-10,4.083070278167725,4.309999942779541,4.510832786560059,4.283332824707031,27985200
2011-10-11,4.0966668128967285,4.434999942779541,4.56583309173584,4.409999847412109,21837600
2011-10-12,4.2107133865356445,4.619999885559082,4.801667213439941,4.597499847412109,31983600
2011-10-13,4.190321445465088,4.572500228881836,4.6666669845581055,4.454166889190674,28080000
2011-10-14,4.405577659606934,4.792500019073486,4.866666793823242,4.704166889190674,23740800
2011-10-17,4.138962745666504,4.804166793823242,4.817500114440918,4.543333053588867,23984400
2011-10-18,4.396513938903809,4.568333148956299,4.949999809265137,4.454166889190674,32799600
2011-10-19,4.221287250518799,4.831666946411133,4.908332824707031,4.624166965484619,26361600
2011-10-20,4.290019035339356,4.699166774749756,4.77666711807251,4.510000228881836,24826800
2011-10-21,4.5241570472717285,4.9091668128967285,5.018332958221436,4.8541669845581055,26978400
2011-10-24,4.731860637664795,5.0258331298828125,5.247499942779541,5.014166831970215,25074000
2011-10-25,4.450139045715332,5.136666774749756,5.144166946411133,4.873332977294922,24036000
2011-10-26,4.57929277420044,5.079999923706055,5.110000133514404,4.798333168029785,24990000
2011-10-27,5.056633472442627,5.465833187103272,5.686666965484619,5.337500095367432,36159600
2011-10-28,5.054368019104004,5.497499942779541,5.612500190734863,5.477499961853027,16480800
2011-10-31,4.684277534484863,5.389999866485596,5.41083288192749,5.168333053588867,17040000
2011-11-01,4.304368495941162,4.744999885559082,4.928332805633545,4.681666851043701,33924000
2011-11-02,4.506785869598389,4.947500228881836,5.028333187103272,4.833333015441895,25490400
2011-11-03,4.756029605865479,5.158332824707031,5.28000020980835,4.925000190734863,27016800
2011-11-04,4.688055038452148,5.122499942779541,5.197500228881836,4.974166870117188,19509600
2011-11-07,4.75829553604126,5.165832996368408,5.262499809265137,5.001667022705078,14806800
2011-11-08,4.938809871673584,5.332499980926514,5.46416711807251,5.174167156219482,22998000
2011-11-09,4.38669490814209,5.0625,5.135832786560059,4.810832977294922,43312800
2011-11-10,4.489414215087891,5.0341668128967285,5.047500133514404,4.813333034515381,23128800
2011-11-11,4.7499871253967285,5.149167060852051,5.28583288192749,5.134167194366455,23091600
2011-11-14,4.63065242767334,5.1875,5.21750020980835,5.037499904632568,19956000
2011-11-15,4.697116851806641,5.066667079925537,5.262499809265137,5.009167194366455,19945200
2011-11-16,4.476574897766113,5.024167060852051,5.215833187103272,4.917500019073486,30177600
2011-11-17,4.253765106201172,4.904167175292969,4.946667194366455,4.59833288192749,40179600
2011-11-18,4.2348833084106445,4.738333225250244,4.769999980926514,4.619166851043701,28208400
2011-11-21,4.003766059875488,4.46750020980835,4.490832805633545,4.300000190734863,39374400
2011-11-22,3.952406883239746,4.388332843780518,4.462500095367432,4.288332939147949,31190400
2011-11-23,3.685034990310669,4.240832805633545,4.251667022705078,4.06583309173584,37113600
2011-11-25,3.663887023925781,4.034999847412109,4.183332920074463,4.034999847412109,15164400
2011-11-28,3.9818618297576895,4.384167194366455,4.447500228881836,4.306666851043701,26708400
2011-11-29,4.011318683624268,4.436666965484619,4.518332958221436,4.383333206176758,31952400
2011-11-30,4.512072563171387,4.813333034515381,5.001667022705078,4.786666870117188,45720000
2011-12-01,4.511317253112793,4.954999923706055,5.060832977294922,4.915832996368408,23124000
2011-12-02,4.509052276611328,5.114167213439941,5.1666669845581055,4.956666946411133,26841600
2011-12-05,4.645758152008057,5.198332786560059,5.248332977294922,5.0416669845581055,25603200
2011-12-06,4.650288105010986,5.12166690826416,5.228332996368408,5.069167137145996,22510800
2011-12-07,4.686542510986328,5.065000057220459,5.237500190734863,4.962500095367432,38666400
2011-12-08,4.3821635246276855,5.072500228881836,5.107500076293945,4.7916669845581055,38332800
2011-12-09,4.602705478668213,4.897500038146973,5.114999771118164,4.881667137145996,27199200
2011-12-12,4.397270679473877,4.941667079925537,4.941667079925537,4.728332996368408,30230400
2011-12-13,4.259052753448486,4.932499885559082,5.009167194366455,4.630833148956299,32126400
2011-12-14,4.113281726837158,4.632500171661377,4.690000057220459,4.513332843780518,30356400
2011-12-15,4.167661666870117,4.693333148956299,4.705832958221436,4.568333148956299,25378800
2011-12-16,4.189566612243652,4.695833206176758,4.7758331298828125,4.591667175292969,25257600
2011-12-19,4.052103996276856,4.6666669845581055,4.715000152587891,4.44083309173584,20001600
2011-12-20,4.415396213531494,4.6875,4.899167060852051,4.676667213439941,30589200
2011-12-21,4.449384689331055,4.868332862854004,4.929999828338623,4.732500076293945,24160800
2011-12-22,4.577027320861816,4.965000152587891,5.061666965484619,4.934999942779541,25196400
2011-12-23,4.682011127471924,5.1041669845581055,5.172500133514404,5.054999828338623,14340000
2011-12-27,4.691075801849365,5.132500171661377,5.225832939147949,5.125,10466400
2011-12-28,4.520381450653076,5.183332920074463,5.1875,4.962500095367432,16612800
2011-12-29,4.645758152008057,5.025000095367432,5.142499923706055,5.005000114440918,19434000
2011-12-30,4.595154285430908,5.105833053588867,5.155832767486572,5.065000057220459,11559600
2012-01-03,4.7990803718566895,5.333333015441895,5.4008331298828125,5.277500152587891,23260800
2012-01-04,4.808145523071289,5.260832786560059,5.324999809265137,5.1875,19708800
2012-01-05,4.864037036895752,5.228332996368408,5.383333206176758,5.147500038146973,24488400
2012-01-06,4.830803394317627,5.380000114440918,5.392499923706055,5.270833015441895,20624400
2012-01-09,4.85723876953125,5.362500190734863,5.389166831970215,5.287499904632568,10701600
2012-01-10,4.998475551605225,5.539999961853027,5.573332786560059,5.489167213439941,11743200
2012-01-11,5.019623279571533,5.458333015441895,5.550833225250244,5.438333034515381,10377600
2012-01-12,5.048325061798096,5.578332901000977,5.59499979019165,5.441667079925537,20396400
2012-01-13,4.98412561416626,5.453332901000977,5.499166965484619,5.340833187103272,27244800
2012-01-17,5.020380020141602,5.641666889190674,5.6666669845581055,5.508333206176758,13574400
2012-01-18,5.195605754852295,5.538332939147949,5.745832920074463,5.509167194366455,13240800
2012-01-19,5.282463550567627,5.7941670417785645,5.851666927337647,5.747499942779541,12278400
2012-01-20,5.2869954109191895,5.797500133514404,5.8358330726623535,5.760832786560059,9370800
2012-01-23,5.296814441680908,5.831666946411133,5.935832977294922,5.760000228881836,19124400
2012-01-24,5.292282104492188,5.733333110809326,5.840000152587891,5.708333015441895,7798800
2012-01-25,5.435029983520508,5.808332920074463,6.033332824707031,5.752500057220459,17991600
2012-01-26,5.342886447906494,6.076666831970215,6.114167213439941,5.829999923706055,19418400
2012-01-27,5.345907211303711,5.802499771118164,5.934999942779541,5.798333168029785,8565600
2012-01-30,5.293792724609375,5.739167213439941,5.855833053588867,5.667500019073486,10156800
2012-01-31,5.277930736541748,5.921667098999023,5.953332901000977,5.75,15530400
2012-02-01,5.435029983520508,5.954166889190674,6.083333015441895,5.941667079925537,16501200
2012-02-02,5.469018936157227,6.039999961853027,6.082499980926514,5.969167232513428,11760000
2012-02-03,5.702401638031006,6.22333288192749,6.302499771118164,6.186666965484619,17925600
2012-02-06,5.693338871002197,6.205832958221436,6.289166927337647,6.191667079925537,9988800
2012-02-07,5.737146377563477,6.247499942779541,6.3566670417785645,6.168333053588867,12403200
2012-02-08,5.776418685913086,6.340000152587891,6.392499923706055,6.254167079925537,12632400
2012-02-09,5.804367065429688,6.413332939147949,6.434999942779541,6.288332939147949,16430400
2012-02-10,5.676722526550293,6.230833053588867,6.278333187103272,6.18416690826416,15049200
2012-02-13,5.793791770935059,6.394999980926514,6.418333053588867,6.311666965484619,11510400
2012-02-14,5.780951499938965,6.344167232513428,6.387499809265137,6.248332977294922,15753600
2012-02-15,5.698625087738037,6.445833206176758,6.470832824707031,6.255833148956299,19021200
2012-02-16,5.89500093460083,6.292500019073486,6.5258331298828125,6.275000095367432,11224800
2012-02-17,5.92747688293457,6.579166889190674,6.583333015441895,6.491666793823242,8208000
2012-02-21,5.932763576507568,6.5883331298828125,6.636666774749756,6.489999771118164,9343200
2012-02-22,5.87083101272583,6.512499809265137,6.560832977294922,6.449999809265137,8635200
2012-02-23,5.962219715118408,6.480000019073486,6.5883331298828125,6.40749979019165,12114000
2012-02-24,5.995452404022217,6.622499942779541,6.66083288192749,6.579999923706055,7984800
2012-02-27,6.021888256072998,6.5,6.699999809265137,6.445000171661377,10944000
2012-02-28,6.070226192474365,6.65500020980835,6.716667175292969,6.610000133514404,9765600
2012-02-29,5.964485168457031,6.724166870117188,6.786666870117188,6.571667194366455,10321200
2012-03-01,6.087599754333496,6.6591668128967285,6.760000228881836,6.630833148956299,11517600
2012-03-02,6.030951976776123,6.7108330726623535,6.737500190734863,6.605000019073486,10132800
2012-03-05,5.950134754180908,6.608333110809326,6.629167079925537,6.491666793823242,7558800
2012-03-06,5.66841459274292,6.355833053588867,6.363333225250244,6.208333015441895,15643200
2012-03-07,5.797568321228027,6.310832977294922,6.430832862854004,6.2916669845581055,7814400
2012-03-08,5.975060939788818,6.521667003631592,6.634167194366455,6.476666927337647,7905600
2012-03-09,6.053611278533936,6.639166831970215,6.732500076293945,6.607500076293945,6812400
2012-03-12,6.038503646850586,6.685832977294922,6.708333015441895,6.6041669845581055,4150800
2012-03-13,6.376115322113037,6.780832767486572,7.039999961853027,6.747499942779541,13549200
2012-03-14,6.347414493560791,7.045000076293945,7.0883331298828125,6.940000057220459,6802800
2012-03-15,6.448624610900879,7.040832996368408,7.136666774749756,6.9791669845581055,9010800
2012-03-16,6.490164756774902,7.171667098999023,7.178332805633545,7.108333110809326,8433600
2012-03-19,6.556629657745361,7.134167194366455,7.301667213439941,7.120832920074463,9237600
2012-03-20,6.487144470214844,7.105000019073486,7.18416690826416,7.037499904632568,10712400
2012-03-21,6.463729381561279,7.177499771118164,7.194167137145996,7.084167003631592,8652000
2012-03-22,6.314937591552734,6.978332996368408,7.025000095367432,6.897500038146973,13342800
2012-03-23,6.380647659301758,6.985833168029785,7.065000057220459,6.866666793823242,11572800
2012-03-26,6.639710426330566,7.184999942779541,7.328332901000977,7.184999942779541,10947600
2012-03-27,6.581554412841797,7.352499961853027,7.366666793823242,7.248332977294922,9888000
2012-03-28,6.479591369628906,7.25,7.281667232513428,7.022500038146973,11620800
2012-03-29,6.453910827636719,7.022500038146973,7.145833015441895,6.936666965484619,13125600
2012-03-30,6.50904655456543,7.234167098999023,7.241666793823242,7.0883331298828125,7884000
2012-04-02,6.663124561309815,7.181666851043701,7.4141669273376465,7.134167194366455,11688000
2012-04-03,6.603456974029541,7.323332786560059,7.369166851043701,7.147500038146973,14676000
2012-04-04,6.396508693695068,7.108333110809326,7.125833034515381,6.974999904632568,15806400
2012-04-05,6.372338771820068,6.985833168029785,7.099999904632568,6.961667060852051,9534000
2012-04-09,6.158595085144043,6.767499923706055,6.876667022705078,6.735833168029785,10657200
2012-04-10,5.835330486297607,6.759167194366455,6.813333034515381,6.4191670417785645,21163200
2012-04-11,5.969773769378662,6.642499923706055,6.675000190734863,6.566667079925537,14298000
2012-04-12,6.22506046295166,6.62166690826416,6.885000228881836,6.605833053588867,14290800
2012-04-13,6.008292675018311,6.818333148956299,6.822500228881836,6.614999771118164,15357600
2012-04-16,5.983368873596191,6.727499961853027,6.758333206176758,6.538332939147949,12098400
2012-04-17,6.251492977142334,6.737500190734863,6.944167137145996,6.711667060852051,9441600
2012-04-18,6.192582607269287,6.821667194366455,6.902500152587891,6.800000190734863,9956400
2012-04-19,6.088351249694824,6.83916711807251,6.929999828338623,6.622499942779541,15042000
2012-04-20,6.106479644775391,6.810832977294922,6.872499942779541,6.736667156219482,8282400
2012-04-23,5.949380874633789,6.5341668128967285,6.582499980926514,6.43416690826416,13197600
2012-04-24,6.013579845428467,6.59250020980835,6.689167022705078,6.565000057220459,10956000
2012-04-25,6.271886348724365,6.816667079925537,6.922500133514404,6.816667079925537,10164000
2012-04-26,6.397263526916504,6.87166690826416,7.090000152587891,6.8566670417785645,11768400
2012-04-27,6.435784339904785,7.124166965484619,7.162499904632568,7.010000228881836,10170000
2012-04-30,6.350436687469482,7.057499885559082,7.074166774749756,6.965000152587891,6356400
2012-05-01,6.471282958984375,7.019166946411133,7.2891669273376465,6.989167213439941,6487200
2012-05-02,6.427475452423096,7.019166946411133,7.112500190734863,6.951666831970215,7030800
2012-05-03,6.266599178314209,7.099999904632568,7.105000019073486,6.872499942779541,9312000
2012-05-04,5.961463928222656,6.802499771118164,6.80916690826416,6.55916690826416,12248400
2012-05-07,5.975814342498779,6.497499942779541,6.6508331298828125,6.494166851043701,8424000
2012-05-08,5.89953088760376,6.4716668128967285,6.539166927337647,6.264166831970215,11107200
2012-05-09,5.797568321228027,6.296667098999023,6.517499923706055,6.208333015441895,13142400
2012-05-10,5.833066463470459,6.539166927337647,6.550833225250244,6.394166946411133,8890800
2012-05-11,5.777175426483154,6.30916690826416,6.558332920074463,6.303332805633545,7975200
2012-05-14,5.597418308258057,6.205832958221436,6.300000190734863,6.138332843780518,12610800
2012-05-15,5.496210098266602,6.15166711807251,6.263332843780518,6.027500152587891,16068000
2012-05-16,5.431254863739014,6.144166946411133,6.2216668128967285,5.983333110809326,15049200
2012-05-17,5.162372589111328,5.995832920074463,6.006667137145996,5.683332920074463,18037200
2012-05-18,5.017358779907227,5.767499923706055,5.788332939147949,5.511666774749756,13870800
2012-05-21,5.289261817932129,5.590833187103272,5.84250020980835,5.55916690826416,10126800
2012-05-22,5.313431262969971,5.877500057220459,6.005000114440918,5.758333206176758,12411600
2012-05-23,5.333823204040527,5.743332862854004,5.9091668128967285,5.572500228881836,16800000
2012-05-24,5.362525463104248,5.935832977294922,5.9608330726623535,5.765832901000977,14038800
2012-05-25,5.308898448944092,5.90749979019165,5.954166889190674,5.823332786560059,8892000
2012-05-29,5.502251148223877,6.000833034515381,6.1066670417785645,5.949999809265137,13465200
2012-05-30,5.259805679321289,5.915832996368408,5.923333168029785,5.764999866485596,11776800
2012-05-31,5.222796440124512,5.801667213439941,5.883333206176758,5.601666927337647,16076400
2012-06-01,4.824007511138916,5.4791669845581055,5.53000020980835,5.314167022705078,17872800
2012-06-04,4.796815872192383,5.337500095367432,5.387499809265137,5.1666669845581055,16398000
2012-06-05,4.910107612609863,5.254167079925537,5.444167137145996,5.254167079925537,11833200
2012-06-06,5.243943691253662,5.533332824707031,5.7916669845581055,5.52666711807251,12883200
2012-06-07,5.242432594299316,5.974166870117188,6.008333206176758,5.751667022705078,14035200
2012-06-08,5.366300106048584,5.743332862854004,5.926667213439941,5.678332805633545,8828400
2012-06-11,5.156331062316895,6.075832843780518,6.083333015441895,5.6666669845581055,13381200
2012-06-12,5.328537940979004,5.735000133514404,5.885000228881836,5.65166711807251,12625200
2012-06-13,5.212222099304199,5.817500114440918,5.924167156219482,5.692500114440918,9422400
2012-06-14,5.370832920074463,5.7916669845581055,5.991666793823242,5.736667156219482,12553200
2012-06-15,5.517357349395752,6.001667022705078,6.114999771118164,5.965000152587891,11575200
2012-06-18,5.57928991317749,6.022500038146973,6.194167137145996,5.990832805633545,12716400
2012-06-19,5.739410877227783,6.256667137145996,6.40749979019165,6.224999904632568,9776400
2012-06-20,5.714486598968506,6.330832958221436,6.395833015441895,6.1691670417785645,14730000
2012-06-21,5.331558227539063,6.324166774749756,6.33916711807251,5.864167213439941,11828400
2012-06-22,5.435029983520508,5.96750020980835,6.036666870117188,5.894166946411133,7998000
2012-06-25,5.17219352722168,5.810832977294922,5.830832958221436,5.645833015441895,9306000
2012-06-26,5.259050369262695,5.75333309173584,5.8541669845581055,5.662499904632568,11019600
2012-06-27,5.399532794952393,5.862500190734863,5.987500190734863,5.840833187103272,7185600
2012-06-28,5.354970455169678,5.829999923706055,5.929166793823242,5.708333015441895,8966400
2012-06-29,5.753005504608154,6.224999904632568,6.358333110809326,6.180832862854004,5563200
2012-07-02,5.797568321228027,6.404167175292969,6.422500133514404,6.266666889190674,5299200
2012-07-03,5.916903495788574,6.405832767486572,6.538332939147949,6.382500171661377,3943200
2012-07-05,5.83608865737915,6.454166889190674,6.5258331298828125,6.369166851043701,3296400
2012-07-06,5.6782331466674805,6.255000114440918,6.296667098999023,6.1666669845581055,5143200
2012-07-09,5.65330982208252,6.247499942779541,6.262499809265137,6.150000095367432,4748400
2012-07-10,5.503763198852539,6.327499866485596,6.358333110809326,6.008333206176758,8064000
2012-07-11,5.504517078399658,6.079999923706055,6.129167079925537,5.968332767486572,11403600
2012-07-12,5.430499076843262,5.965000152587891,6.059999942779541,5.860000133514404,9254400
2012-07-13,5.688051223754883,6.029167175292969,6.300000190734863,6.025000095367432,7542000
2012-07-16,5.654063701629639,6.232500076293945,6.2941670417785645,6.1666669845581055,5434800
2012-07-17,5.767356872558594,6.313333034515381,6.402500152587891,6.116666793823242,9842400
2012-07-18,5.894244194030762,6.321667194366455,6.5416669845581055,6.310832977294922,6025200
2012-07-19,5.94635820388794,6.550000190734863,6.619999885559082,6.484167098999023,8710800
2012-07-20,5.777930736541748,6.445833206176758,6.46999979019165,6.3566670417785645,7609200
2012-07-23,5.607236862182617,6.094167232513428,6.233333110809326,6.009167194366455,8131200
2012-07-24,5.466755390167236,6.200832843780518,6.203332901000977,5.9008331298828125,10555200
2012-07-25,5.456933975219727,6.066667079925537,6.1066670417785645,5.929999828338623,8098800
2012-07-26,5.724305629730225,6.289999961853027,6.361667156219482,6.203332901000977,9445200
2012-07-27,6.049077987670898,6.421667098999023,6.725832939147949,6.391666889190674,11628000
2012-07-30,6.044546127319336,6.6483330726623535,6.764166831970215,6.610000133514404,6237600
2012-07-31,5.932763576507568,6.642499923706055,6.696667194366455,6.5416669845581055,7092000
2012-08-01,5.91161584854126,6.670833110809326,6.673333168029785,6.489167213439941,22868400
2012-08-02,5.782461643218994,6.359167098999023,6.508333206176758,6.235833168029785,11732400
2012-08-03,6.120829582214356,6.650000095367432,6.795000076293945,6.637499809265137,10500000
2012-08-06,6.157839298248291,6.80916690826416,6.874166965484619,6.787499904632568,5474400
2012-08-07,6.245452404022217,6.880000114440918,6.9816670417785645,6.875833034515381,6432000
2012-08-08,6.265089988708496,6.831666946411133,6.943333148956299,6.821667194366455,8164800
2012-08-09,6.283971309661865,6.886666774749756,6.9791669845581055,6.869999885559082,6223200
2012-08-10,6.314937591552734,6.857500076293945,6.977499961853027,6.819167137145996,6543600
2012-08-13,6.304364204406738,6.936666965484619,6.970832824707031,6.852499961853027,7688400
2012-08-14,6.312673568725586,7.037499904632568,7.050833225250244,6.902500152587891,8353200
2012-08-15,6.32853364944458,6.943333148956299,7.0233330726623535,6.930832862854004,6267600
2012-08-16,6.471282958984375,7.014166831970215,7.1666669845581055,6.966667175292969,9019200
2012-08-17,6.494695663452148,7.177499771118164,7.184999942779541,7.120832920074463,7825200
2012-08-20,6.497718811035156,7.138332843780518,7.172500133514404,7.080832958221436,6124800
2012-08-21,6.43880558013916,7.220832824707031,7.301667213439941,7.05916690826416,8667600
2012-08-22,6.43880558013916,7.050000190734863,7.143332958221436,7.0,10146000
2012-08-23,6.293034553527832,7.059999942779541,7.061666965484619,6.905832767486572,9544800
2012-08-24,6.400284767150879,6.884167194366455,7.105833053588867,6.874166965484619,8530800
2012-08-27,6.40330696105957,7.120832920074463,7.144166946411133,7.036666870117188,7930800
2012-08-28,6.389712333679199,7.009167194366455,7.109167098999023,6.985833168029785,7726800
2012-08-29,6.401040554046631,7.0625,7.117499828338623,7.006667137145996,6266400
2012-08-30,6.259046077728272,6.96416711807251,6.970832824707031,6.860833168029785,7704000
2012-08-31,6.329288005828857,7.0258331298828125,7.100832939147949,6.886666774749756,9835200
2012-09-04,6.317203521728516,6.988333225250244,7.047500133514404,6.849166870117188,8530800
2012-09-05,6.309651851654053,6.994166851043701,7.0416669845581055,6.926667213439941,7149600
2012-09-06,6.691071033477783,7.086667060852051,7.389166831970215,7.086667060852051,9955200
2012-09-07,6.777927875518799,7.424167156219482,7.478332996368408,7.405832767486572,6426000
2012-09-10,6.661614418029785,7.454166889190674,7.489999771118164,7.340833187103271,4386000
2012-09-11,6.719016075134277,7.366666793823242,7.4791669845581055,7.357500076293945,5784000
2012-09-12,6.774905204772949,7.481667041778564,7.507500171661377,7.40500020980835,6883200
2012-09-13,7.099680423736572,7.480833053588867,7.894999980926514,7.447500228881836,15946800
2012-09-14,7.189557075500488,7.869999885559082,8.069167137145996,7.853332996368408,17302800
2012-09-17,7.117805480957031,7.880000114440918,7.920833110809326,7.7891669273376465,6691200
2012-09-18,7.095147132873535,7.814167022705078,7.858333110809326,7.769999980926514,6073200
2012-09-19,7.109499454498291,7.8541669845581055,7.9141669273376465,7.792500019073486,6078000
2012-09-20,7.102700710296631,7.731667041778564,7.8541669845581055,7.670833110809326,9292800
2012-09-21,7.092881679534912,7.9558329582214355,7.9608330726623535,7.823332786560059,8558400
2012-09-24,7.064182281494141,7.715833187103271,7.84499979019165,7.695833206176758,9325200
2012-09-25,6.853455543518066,7.84250020980835,7.885000228881836,7.5391669273376465,10605600
2012-09-26,6.725812911987305,7.542500019073486,7.543333053588867,7.364999771118164,12507600
2012-09-27,6.915390968322754,7.512499809265137,7.675000190734863,7.454999923706055,8102400
2012-09-28,6.814181327819824,7.538332939147949,7.610000133514404,7.44083309173584,17718000
2012-10-01,6.857989311218262,7.605000019073486,7.78583288192749,7.52666711807251,15244800
2012-10-02,6.888954162597656,7.667500019073486,7.699999809265137,7.494999885559082,9662400
2012-10-03,6.969015598297119,7.659999847412109,7.744166851043701,7.540832996368408,8552400
2012-10-04,7.131401062011719,7.783332824707031,7.883333206176758,7.749166965484619,6703200
2012-10-05,7.117805480957031,7.980000019073486,8.020833015441895,7.7891669273376465,6657600
2012-10-08,7.04756498336792,7.765832901000977,7.81583309173584,7.725832939147949,3967200
2012-10-09,6.840616703033447,7.760000228881836,7.777500152587891,7.538332939147949,6397200
2012-10-10,6.712973117828369,7.546667098999023,7.558332920074463,7.374166965484619,6561600
2012-10-11,6.719016075134277,7.557499885559082,7.5883331298828125,7.413332939147949,6951600
2012-10-12,6.647263526916504,7.423333168029785,7.5,7.292500019073486,6474000
2012-10-15,6.813426971435547,7.3933329582214355,7.5416669845581055,7.324999809265137,6519600
2012-10-16,7.024150848388672,7.626667022705078,7.765832901000977,7.612500190734863,5925600
2012-10-17,7.115540504455566,7.7708330154418945,7.874166965484619,7.730000019073486,7185600
2012-10-18,7.065691947937012,7.795000076293945,7.90500020980835,7.71750020980835,8878800
2012-10-19,6.707687377929688,7.74666690826416,7.74666690826416,7.350832939147949,8950800
2012-10-22,6.712217330932617,7.367499828338623,7.444167137145996,7.2291669845581055,8800800
2012-10-23,6.42596435546875,7.167500019073486,7.191667079925537,7.005833148956299,11016000
2012-10-24,6.379136562347412,7.174167156219482,7.197500228881836,7.002500057220459,8469600
2012-10-25,6.436538219451904,7.1875,7.22333288192749,6.970832824707031,12286800
2012-10-26,6.4191670417785645,7.078332901000977,7.156667232513428,6.940000057220459,9554400
2012-10-31,6.391222953796387,7.162499904632568,7.183332920074463,6.983333110809326,5445600
2012-11-01,6.623095512390137,7.131667137145996,7.328332901000977,7.108333110809326,6121200
2012-11-02,6.435028076171875,7.429999828338623,7.433332920074463,7.087500095367432,7904400
2012-11-05,6.481100082397461,7.072500228881836,7.194167137145996,7.014166831970215,4681200
2012-11-06,6.630646705627441,7.21416711807251,7.40166711807251,7.195833206176758,7273200
2012-11-07,6.173699855804443,7.118332862854004,7.120832920074463,6.718332767486572,15523200
2012-11-08,5.941827774047852,6.816667079925537,6.9191670417785645,6.555832862854004,11400000
2012-11-09,5.959199905395508,6.510832786560059,6.768332958221436,6.500833034515381,10020000
2012-11-12,5.984877109527588,6.652500152587891,6.678332805633545,6.5625,4633200
2012-11-13,5.923700332641602,6.495832920074463,6.739999771118164,6.474166870117188,7148400
2012-11-14,5.70693302154541,6.59833288192749,6.623332977294922,6.226666927337647,10341600
2012-11-15,5.649531841278076,6.271667003631592,6.345832824707031,6.164166927337647,10068000
2012-11-16,5.724305629730225,6.264166831970215,6.362500190734863,6.105000019073486,11762400
2012-11-19,6.082309722900391,6.5416669845581055,6.7108330726623535,6.531667232513428,10732800
2012-11-20,6.100436687469482,6.681666851043701,6.752500057220459,6.561666965484619,10521600
2012-11-21,6.135181427001953,6.739999771118164,6.7733330726623535,6.698332786560059,5337600
2012-11-23,6.355722904205322,6.860000133514404,7.03583288192749,6.843332767486572,5185200
2012-11-26,6.342883586883545,6.925833225250244,7.001667022705078,6.862500190734863,7293600
2012-11-27,6.246208190917969,6.9608330726623535,7.033332824707031,6.867499828338623,8364000
2012-11-28,6.385180473327637,6.795833110809326,7.055832862854004,6.6875,12213600
2012-11-29,6.478079319000244,7.125833034515381,7.203332901000977,7.031667232513428,9114000
2012-11-30,6.459952831268311,7.1483330726623535,7.1875,7.077499866485596,5964000
2012-12-03,6.384425640106201,7.243332862854004,7.262499809265137,7.0233330726623535,7410000
2012-12-04,6.348927021026611,7.039166927337647,7.099999904632568,6.951666831970215,8482800
2012-12-05,6.378382205963135,7.030832767486572,7.141666889190674,6.877500057220459,8344800
2012-12-06,6.454664707183838,7.0258331298828125,7.124166965484619,6.998332977294922,6726000
2012-12-07,6.500738143920898,7.200832843780518,7.222499847412109,7.070000171661377,9136800
2012-12-10,6.519620895385742,7.150000095367432,7.241666793823242,7.142499923706055,6475200
2012-12-11,6.638199806213379,7.284166812896728,7.4375,7.269166946411133,7930800
2012-12-12,6.65859317779541,7.425000190734863,7.507500171661377,7.320833206176758,9618000
2012-12-13,6.540769100189209,7.335000038146973,7.397500038146973,7.158332824707031,6392400
2012-12-14,6.451644420623779,7.163332939147949,7.204166889190674,7.09833288192749,5061600
2012-12-17,6.694090843200684,7.189167022705078,7.3933329582214355,7.18416690826416,9217200
2012-12-18,6.913123607635498,7.419167041778564,7.650000095367432,7.385000228881836,13076400
2012-12-19,6.755269527435303,7.659999847412109,7.663332939147949,7.453332901000977,9442800
2012-12-20,6.871583938598633,7.474999904632568,7.587500095367432,7.41083288192749,9198000
2012-12-21,6.695600986480713,7.25333309173584,7.425833225250244,7.244999885559082,14835600
2012-12-24,6.621582984924316,7.332499980926514,7.341667175292969,7.2866668701171875,5690400
2012-12-26,6.536991119384766,7.357500076293945,7.364167213439941,7.15749979019165,6444000
2012-12-27,6.512068271636963,7.224999904632568,7.261666774749756,6.938333034515381,9996000
2012-12-28,6.28623628616333,7.052499771118164,7.164166927337647,6.934999942779541,7423200
2012-12-31,6.620073795318604,6.9008331298828125,7.325832843780518,6.880000114440918,15788400
2013-01-02,7.124603748321533,7.727499961853027,7.864167213439941,7.662499904632568,13586400
2013-01-03,7.0898613929748535,7.847499847412109,7.9116668701171875,7.748332977294922,8916000
2013-01-04,7.18049430847168,7.844167232513428,7.951666831970215,7.802499771118164,6972000
2013-01-07,7.10043478012085,7.826666831970215,7.869999885559082,7.760832786560059,5488800
2013-01-08,7.058137893676758,7.803332805633545,7.837500095367432,7.691667079925537,6898800
2013-01-09,7.105721473693848,7.837500095367432,7.899167060852051,7.795000076293945,6055200
2013-01-10,7.271883487701416,7.974999904632568,8.026666641235352,7.84499979019165,5521200
2013-01-11,7.278682231903076,8.020833015441895,8.032500267028809,7.949166774749756,6086400
2013-01-14,7.252246856689453,7.994166851043701,8.019166946411133,7.9166669845581055,4747200
2013-01-15,7.259799957275391,7.8958330154418945,8.041666984558105,7.879167079925537,4554000
2013-01-16,7.262821197509766,7.974999904632568,8.051667213439941,7.946667194366455,5179200
2013-01-17,7.402548313140869,8.125,8.239999771118164,8.079167366027832,8246400
2013-01-18,7.454662322998047,8.170000076293945,8.248332977294922,8.076666831970215,5376000
2013-01-22,7.570221424102783,8.22583293914795,8.354166984558105,8.169166564941406,5754000
2013-01-23,7.609495639801025,8.362500190734863,8.417499542236328,8.31583309173584,4609200
2013-01-24,7.614028453826904,8.356666564941406,8.526666641235352,8.335832595825195,8370000
2013-01-25,7.736382007598877,8.484999656677246,8.541666984558105,8.414167404174805,6726000
2013-01-28,7.715237140655518,8.553333282470703,8.553333282470703,8.421667098999023,4348800
2013-01-29,7.810402870178223,8.467499732971191,8.642499923706055,8.450833320617676,5545200
2013-01-30,7.71976900100708,8.609167098999023,8.65999984741211,8.489167213439941,8107200
2013-01-31,7.655567169189453,8.479166984558105,8.557499885559082,8.430000305175781,6103200
2013-02-01,7.8904619216918945,8.604166984558105,8.734999656677246,8.5625,7562400
2013-02-04,7.63140058517456,8.546667098999023,8.592499732971191,8.398332595825195,6824400
2013-02-05,7.85345458984375,8.558333396911621,8.740833282470703,8.541666984558105,6936000
2013-02-06,7.876113891601562,8.578332901000977,8.703332901000977,8.560832977294922,5599200
2013-02-07,7.847409248352051,8.69333267211914,8.716667175292969,8.464166641235352,5928000
2013-02-08,7.968255996704102,8.699999809265137,8.80916690826416,8.696666717529297,4688400
2013-02-11,7.964481353759766,8.789167404174805,8.810832977294922,8.725000381469727,4231200
2013-02-12,8.007532119750977,8.791666984558105,8.879166603088379,8.761667251586914,5203200
2013-02-13,8.024903297424316,8.888333320617676,8.9350004196167,8.778332710266113,3920400
2013-02-14,8.04982852935791,8.770000457763672,8.910833358764648,8.743332862854004,3390000
2013-02-15,8.01357364654541,8.903332710266113,8.929166793823242,8.75,4564800
2013-02-19,8.183514595031738,8.888333320617676,9.044166564941406,8.888333320617676,3420000
2013-02-20,7.886686325073242,9.021666526794434,9.032500267028809,8.698332786560059,5316000
2013-02-21,7.737895488739014,8.62833309173584,8.632499694824219,8.458333015441895,7512000
2013-02-22,7.969768524169922,8.664167404174805,8.793333053588867,8.601667404174805,6162000
2013-02-25,7.521128177642822,8.924166679382324,8.953332901000977,8.295000076293945,8290800
2013-02-26,7.667654037475586,8.40666675567627,8.487500190734863,8.245833396911621,6901200
2013-02-27,7.951640605926514,8.444999694824219,8.85083293914795,8.420832633972168,7502400
2013-02-28,7.885175228118896,8.778332710266113,8.939167022705078,8.699999809265137,6222000
2013-03-01,7.992425918579102,8.635832786560059,8.850000381469727,8.515832901000977,7041600
2013-03-04,8.111005783081055,8.750832557678223,8.949167251586914,8.713333129882812,4765200
2013-03-05,8.33532428741455,9.085000038146973,9.265832901000977,9.085000038146973,6762000
2013-03-06,8.370824813842773,9.295000076293944,9.299166679382324,9.174166679382324,6070800
2013-03-07,8.415386199951172,9.268333435058594,9.317500114440918,9.241666793823242,2670000
2013-03-08,8.523393630981445,9.404167175292969,9.436667442321776,9.261667251586914,7255200
2013-03-11,8.609496116638184,9.383333206176758,9.508333206176758,9.345832824707031,3630000
2013-03-12,8.561911582946777,9.488332748413086,9.516667366027832,9.356666564941406,8630400
2013-03-13,8.588347434997559,9.460000038146973,9.520833015441896,9.36416721343994,7592400
2013-03-14,8.731098175048828,9.552499771118164,9.641667366027832,9.542499542236328,6496800
2013-03-15,8.6963529586792,9.599166870117188,9.631667137145996,9.5,6586800
2013-03-18,8.547557830810547,9.31999969482422,9.557499885559082,9.292499542236328,7956000
2013-03-19,8.499222755432129,9.494999885559082,9.52750015258789,9.186667442321776,11726400
2013-03-20,8.659343719482422,9.532500267028809,9.613332748413086,9.486666679382324,6926400
2013-03-21,8.449376106262207,9.391667366027832,9.491666793823242,9.271666526794434,9889200
2013-03-22,8.635929107666016,9.40250015258789,9.53499984741211,9.38583278656006,7125600
2013-03-25,8.55435848236084,9.619999885559082,9.666666984558104,9.324167251586914,9177600
2013-03-26,8.739402770996094,9.543333053588867,9.65250015258789,9.509166717529297,5844000
2013-03-27,8.738648414611816,9.47249984741211,9.653332710266112,9.42666721343994,8599200
2013-03-28,8.790762901306152,9.63249969482422,9.764166831970217,9.585000038146973,7928400
2013-04-01,8.719764709472656,9.720000267028809,9.779167175292969,9.548333168029783,6032400
2013-04-02,8.841368675231934,9.725000381469728,9.829999923706056,9.675000190734863,4052400
2013-04-03,8.555869102478027,9.779999732971191,9.792499542236328,9.385000228881836,5455600
2013-04-04,8.675960540771484,9.494999885559082,9.6274995803833,9.4375,2979600
2013-04-05,8.562667846679688,9.225000381469728,9.475000381469728,9.1875,4606400
2013-04-08,8.734869956970215,9.467499732971191,9.637499809265137,9.3725004196167,3545600
2013-04-09,8.807377815246582,9.6899995803833,9.837499618530272,9.595000267028809,3929600
2013-04-10,9.151787757873535,9.8149995803833,10.1225004196167,9.80500030517578,4164800
2013-04-11,9.237892150878906,10.104999542236328,10.287500381469728,10.072500228881836,3612800
2013-04-12,9.167646408081056,10.085000038146973,10.157500267028809,9.947500228881836,4759600
2013-04-15,8.546804428100586,9.957500457763672,9.982500076293944,9.412500381469728,7358400
2013-04-16,8.904808044433594,9.6274995803833,9.842499732971191,9.55500030517578,4720800
2013-04-17,8.499222755432129,9.619999885559082,9.619999885559082,9.244999885559082,6433600
2013-04-18,8.365538597106934,9.4399995803833,9.449999809265137,9.114999771118164,4934400
2013-04-19,8.560401916503906,9.287500381469728,9.470000267028809,9.217499732971191,4045600
2013-04-22,8.675960540771484,9.50749969482422,9.647500038146973,9.322500228881836,4337200
2013-04-23,8.963723182678223,9.732500076293944,9.899999618530272,9.587499618530272,4980000
2013-04-24,8.986382484436035,9.885000228881836,9.975000381469728,9.829999923706056,3147600
2013-04-25,9.088343620300291,9.975000381469728,10.154999732971191,9.9375,3620800
2013-04-26,9.049823760986328,9.982500076293944,10.029999732971191,9.864999771118164,2917600
2013-04-29,9.21523094177246,10.045000076293944,10.229999542236328,10.0,4088400
2013-04-30,9.276411056518556,10.162500381469728,10.24250030517578,10.029999732971191,3910800
2013-05-01,9.038496017456056,10.167499542236328,10.18000030517578,9.927499771118164,5025200
2013-05-02,9.27414608001709,10.042499542236328,10.262499809265137,10.015000343322754,3539600
2013-05-03,9.546049118041992,10.50749969482422,10.647500038146973,10.489999771118164,5336000
2013-05-06,9.641213417053224,10.574999809265137,10.675000190734863,10.5600004196167,2822400
2013-05-07,9.774898529052734,10.699999809265137,10.797499656677246,10.612500190734863,2216800
2013-05-08,9.919914245605469,10.762499809265137,10.947500228881836,10.74250030517578,2529600
2013-05-09,9.831543922424316,10.922499656677246,11.00749969482422,10.760000228881836,3724400
2013-05-10,9.931241035461426,10.8725004196167,10.960000038146973,10.770000457763672,2814800
2013-05-13,9.951635360717772,10.904999732971191,11.024999618530272,10.835000038146973,2467200
2013-05-14,10.264323234558104,10.994999885559082,11.337499618530272,10.994999885559082,2983600
2013-05-15,10.411603927612305,11.272500038146973,11.5625,11.2524995803833,3564400
2013-05-16,10.28018569946289,11.43000030517578,11.547499656677246,11.287500381469728,3909600
2013-05-17,10.570215225219728,11.457500457763672,11.68000030517578,11.417499542236328,4243600
2013-05-20,10.567948341369627,11.635000228881836,11.797499656677246,11.592499732971191,4353200
2013-05-21,10.60873317718506,11.69499969482422,11.842499732971191,11.572500228881836,5312800
2013-05-22,10.388946533203123,11.75749969482422,12.109999656677246,11.28499984741211,10788400
2013-05-23,10.296042442321776,11.082500457763672,11.4375,11.03499984741211,5365200
2013-05-24,10.259791374206545,11.145000457763672,11.31999969482422,11.047499656677246,3883200
2013-05-28,10.445592880249023,11.6899995803833,11.824999809265137,11.422499656677246,5689200
2013-05-29,10.248462677001951,11.332500457763672,11.412500381469728,11.114999771118164,5440000
2013-05-30,10.34816074371338,11.3149995803833,11.572500228881836,11.300000190734863,3346800
2013-05-31,9.913115501403809,11.3149995803833,11.50749969482422,10.880000114440918,5643600
2013-06-03,10.055865287780762,11.0,11.125,10.762499809265137,7573600
2013-06-04,9.92671012878418,11.114999771118164,11.2524995803833,10.774999618530272,7122400
2013-06-05,9.493932723999023,10.845000267028809,10.912500381469728,10.454999923706056,9662800
2013-06-06,9.756773948669434,10.462499618530272,10.765000343322754,10.28499984741211,6877200
2013-06-07,10.114776611328123,10.987500190734863,11.197500228881836,10.850000381469728,6889200
2013-06-10,10.128371238708496,11.27750015258789,11.295000076293944,11.085000038146973,3951600
2013-06-11,9.822482109069824,10.859999656677246,11.11750030517578,10.762499809265137,9634400
2013-06-12,9.57776927947998,11.052499771118164,11.082500457763672,10.52750015258789,12120800
2013-06-13,9.999220848083496,10.539999961853027,11.092499732971191,10.47249984741211,9780800
2013-06-14,9.811153411865234,11.0024995803833,11.1274995803833,10.774999618530272,9806800
2013-06-17,10.051332473754885,11.05500030517578,11.232500076293944,10.907500267028809,11212400
2013-06-18,10.27112102508545,11.109999656677246,11.392499923706056,11.102499961853027,9158800
2013-06-19,9.87233066558838,11.317500114440918,11.369999885559082,10.857500076293944,13709600
2013-06-20,9.122333526611328,10.55500030517578,10.600000381469728,9.977499961853027,17852800
2013-06-21,9.2084379196167,10.25749969482422,10.287500381469728,9.857500076293944,16142400
2013-06-24,8.85722827911377,9.837499618530272,10.032500267028809,9.517499923706056,15408000
2013-06-25,9.117801666259766,10.037500381469728,10.15999984741211,9.84000015258789,12646000
2013-06-26,9.369311332702637,10.297499656677246,10.414999961853027,10.18000030517578,11986400
2013-06-27,9.539249420166016,10.52750015258789,10.670000076293944,10.505000114440918,13806800
2013-06-28,9.346654891967772,10.4399995803833,10.59000015258789,10.287500381469728,13644800
2013-07-01,9.584565162658691,10.567500114440918,10.795000076293944,10.517499923706056,13886800
2013-07-02,9.5369873046875,10.524999618530272,10.760000228881836,10.40999984741211,13625200
2013-07-03,9.568707466125488,10.404999732971191,10.657500267028809,10.354999542236328,6893200
2013-07-05,9.87233066558838,10.795000076293944,10.912500381469728,10.567500114440918,7974400
2013-07-08,10.044535636901855,11.072500228881836,11.18000030517578,11.015000343322754,6354800
2013-07-09,10.264323234558104,11.292499542236328,11.36750030517578,11.15250015258789,8708800
2013-07-10,10.273386001586914,11.30500030517578,11.452500343322754,11.225000381469728,8383200
2013-07-11,10.70163345336914,11.737500190734863,11.837499618530272,11.61750030517578,8938400
2013-07-12,10.697100639343262,11.795000076293944,11.887499809265137,11.737500190734863,7351600
2013-07-15,10.837587356567385,11.917499542236328,12.005000114440918,11.852499961853027,6808400
2013-07-16,10.706165313720703,11.975000381469728,11.99250030517578,11.72249984741211,9298800
2013-07-17,10.790002822875977,11.952500343322754,12.015000343322754,11.857500076293944,10053600
2013-07-18,10.978066444396973,11.975000381469728,12.1850004196167,11.962499618530272,10130800
2013-07-19,11.036977767944336,12.029999732971191,12.177499771118164,11.982500076293944,6259200
2013-07-22,11.091360092163086,12.212499618530272,12.287500381469728,12.130000114440918,5338400
2013-07-23,11.03018283843994,12.302499771118164,12.307499885559082,12.140000343322754,7097600
2013-07-24,10.898762702941896,12.300000190734863,12.3100004196167,11.949999809265137,10986800
2013-07-25,10.987130165100098,11.947500228881836,12.135000228881836,11.897500038146973,6061200
2013-07-26,11.000727653503418,11.954999923706056,12.154999732971191,11.80500030517578,6882400
2013-07-29,10.903295516967772,12.052499771118164,12.135000228881836,11.9350004196167,5340000
2013-07-30,10.903295516967772,12.149999618530272,12.177499771118164,11.949999809265137,6520000
2013-07-31,10.930486679077148,12.107500076293944,12.300000190734863,12.010000228881836,8762800
2013-08-01,11.297552108764648,12.327500343322754,12.505000114440918,12.3125,6254000
2013-08-02,11.354201316833496,12.390000343322754,12.537500381469728,12.342499732971191,6204400
2013-08-05,11.317949295043944,12.457500457763672,12.537500381469728,12.404999732971191,3792800
2013-08-06,11.129878044128418,12.407500267028809,12.4375,12.1850004196167,6195200
2013-08-07,11.014324188232422,12.15250015258789,12.19499969482422,12.010000228881836,6034800
2013-08-08,11.11628532409668,12.324999809265137,12.354999542236328,12.092499732971191,7314800
2013-08-09,11.034714698791504,12.22249984741211,12.337499618530272,12.045000076293944,5729200
2013-08-12,10.982600212097168,11.984999656677246,12.170000076293944,11.97249984741211,4086800
2013-08-13,11.093628883361816,12.182499885559082,12.289999961853027,11.977499961853027,5416800
2013-08-14,10.919157028198242,12.217499732971191,12.267499923706056,12.03499984741211,3779600
2013-08-15,10.443325996398926,11.75,11.755000114440918,11.475000381469728,7556800
2013-08-16,10.366289138793944,11.467499732971191,11.587499618530272,11.352499961853027,5684800
2013-08-19,10.153297424316406,11.390000343322754,11.4975004196167,11.199999809265137,5990000
2013-08-20,10.30284595489502,11.25749969482422,11.49250030517578,11.220000267028809,5524800
2013-08-21,10.119308471679688,11.272500038146973,11.454999923706056,11.077500343322754,8753600
2013-08-22,10.3798828125,11.227499961853027,11.505000114440918,11.225000381469728,5775600
2013-08-23,10.48637866973877,11.5600004196167,11.614999771118164,11.399999618530272,4478400
2013-08-26,10.368553161621094,11.607500076293944,11.71500015258789,11.422499656677246,6435200
2013-08-27,9.87233066558838,11.09749984741211,11.229999542236328,10.862500190734863,10686800
2013-08-28,9.967499732971191,10.88249969482422,11.11750030517578,10.832500457763672,7792000
2013-08-29,10.024145126342772,10.925000190734863,11.229999542236328,10.90999984741211,5964800
2013-08-30,9.913115501403809,11.119999885559082,11.119999885559082,10.852499961853027,8151600
2013-09-03,10.046801567077637,11.262499809265137,11.332500457763672,10.957500457763672,8747600
2013-09-04,10.309639930725098,11.107500076293944,11.422499656677246,11.045000076293944,6266400
2013-09-05,10.327771186828612,11.390000343322754,11.5,11.364999771118164,4837200
2013-09-06,10.350425720214844,11.517499923706056,11.61750030517578,11.104999542236328,8376400
2013-09-09,10.65858268737793,11.512499809265137,11.774999618530272,11.512499809265137,6566800
2013-09-10,10.885169982910156,11.962499618530272,12.022500038146973,11.890000343322754,9010400
2013-09-11,10.998462677001951,11.970000267028809,12.135000228881836,11.907500267028809,4600400
2013-09-12,10.912355422973633,12.11750030517578,12.162500381469728,11.982500076293944,5678000
2013-09-13,10.973533630371094,12.06999969482422,12.137499809265137,11.987500190734863,2934000
2013-09-16,11.16613483428955,12.510000228881836,12.522500038146973,12.265000343322754,5912800
2013-09-17,11.30661964416504,12.350000381469728,12.49250030517578,12.350000381469728,3184000
2013-09-18,11.721266746520996,12.467499732971191,13.020000457763672,12.3774995803833,7117600
2013-09-19,11.66462230682373,13.022500038146973,13.037500381469728,12.817500114440918,7936800
2013-09-20,11.4063138961792,12.94499969482422,12.94499969482422,12.55500030517578,6187600
2013-09-23,11.25903606414795,12.53499984741211,12.5649995803833,12.289999961853027,6903200
2013-09-24,11.177465438842772,12.404999732971191,12.542499542236328,12.25749969482422,4934400
2013-09-25,11.077765464782717,12.34749984741211,12.407500267028809,12.182499885559082,10595600
2013-09-26,11.19332504272461,12.28499984741211,12.454999923706056,12.220000267028809,7089200
2013-09-27,11.052837371826172,12.162500381469728,12.229999542236328,12.085000038146973,5462400
2013-09-30,10.885169982910156,11.869999885559082,12.102499961853027,11.807499885559082,7094400
2013-10-01,11.12761688232422,12.020000457763672,12.302499771118164,11.989999771118164,7173200
2013-10-02,11.07550048828125,12.047499656677246,12.237500190734863,11.942500114440918,7097600
2013-10-03,10.778672218322754,12.149999618530272,12.175000190734863,11.725000381469728,10897200
2013-10-04,11.012056350708008,11.922499656677246,12.197500228881836,11.869999885559082,4180400
2013-10-07,10.733354568481444,11.84749984741211,12.0600004196167,11.807499885559082,4809200
2013-10-08,10.352694511413574,11.84000015258789,11.885000228881836,11.40999984741211,9210400
2013-10-09,10.3798828125,11.5024995803833,11.579999923706056,11.234999656677246,13901600
2013-10-10,11.052837371826172,11.800000190734863,12.212499618530272,11.792499542236328,9574000
2013-10-11,11.265832901000977,12.147500038146973,12.442500114440918,12.109999656677246,6400800
2013-10-14,11.408580780029297,12.204999923706056,12.607500076293944,12.170000076293944,8690000
2013-10-15,11.145739555358888,12.475000381469728,12.61750030517578,12.25749969482422,12127600
2013-10-16,11.617040634155272,12.532500267028809,12.835000038146973,12.50749969482422,11862000
2013-10-17,11.85495376586914,12.657500267028809,13.095000267028809,12.657500267028809,8401600
2013-10-18,12.07247543334961,13.225000381469728,13.364999771118164,13.140000343322754,10884000
2013-10-21,12.097400665283203,13.350000381469728,13.420000076293944,13.25,6538800
2013-10-22,12.278667449951172,13.457500457763672,13.6875,13.40250015258789,8547600
2013-10-23,12.124589920043944,13.432499885559082,13.447500228881836,13.237500190734863,4850800
2013-10-24,12.235617637634276,13.449999809265137,13.55500030517578,13.362500190734863,3440000
2013-10-25,12.401023864746094,13.582500457763672,13.692500114440918,13.50749969482422,8237200
2013-10-28,12.466733932495115,13.675000190734863,13.807499885559082,13.63249969482422,3989200
2013-10-29,12.670661926269531,13.84000015258789,13.982500076293944,13.792499542236328,5289600
2013-10-30,12.473530769348145,14.02750015258789,14.05500030517578,13.614999771118164,6814800
2013-10-31,12.339848518371582,13.737500190734863,13.897500038146973,13.582500457763672,8371200
2013-11-01,12.45313835144043,13.697500228881836,13.824999809265137,13.505000114440918,7354000
2013-11-04,12.582293510437012,13.854999542236328,13.897500038146973,13.725000381469728,5557200
2013-11-05,12.464470863342283,13.720000267028809,13.859999656677246,13.582500457763672,4937600
2013-11-06,12.641206741333008,13.93000030517578,14.03499984741211,13.8125,3540000
2013-11-07,12.181234359741213,14.050000190734863,14.067500114440918,13.390000343322754,9415200
2013-11-08,12.66386604309082,13.412500381469728,13.97249984741211,13.412500381469728,6353200
2013-11-11,12.65480136871338,13.94499969482422,14.024999618530272,13.880000114440918,3614400
2013-11-12,12.591357231140137,13.887499809265137,13.979999542236328,13.75,6736800
2013-11-13,12.88365364074707,13.68000030517578,14.229999542236328,13.68000030517578,6988000
2013-11-14,13.09664249420166,14.25749969482422,14.47249984741211,14.19499969482422,5678800
2013-11-15,13.262049674987791,14.5,14.63249969482422,14.454999923706056,5292000
2013-11-18,13.126097679138184,14.69499969482422,14.732500076293944,14.3725004196167,6632400
2013-11-19,13.035462379455566,14.452500343322754,14.577500343322754,14.300000190734863,7285200
2013-11-20,12.91310977935791,14.46500015258789,14.585000038146973,14.119999885559082,6954800
2013-11-21,13.214466094970703,14.359999656677246,14.612500190734863,14.332500457763672,3990800
2013-11-22,13.40026569366455,14.595000267028809,14.807499885559082,14.547499656677246,6272800
2013-11-25,13.384405136108398,14.88249969482422,14.88249969482422,14.6899995803833,5888000
2013-11-26,13.384405136108398,14.782500267028809,14.897500038146973,14.697500228881836,6874400
2013-11-27,13.470508575439451,14.807499885559082,14.90250015258789,14.755000114440918,4234000
2013-11-29,13.434255599975586,14.914999961853027,15.024999618530272,14.792499542236328,4952800
2013-12-02,13.341354370117188,14.869999885559082,14.947500228881836,14.654999732971191,6920800
2013-12-03,13.189542770385742,14.582500457763672,14.6899995803833,14.392499923706056,8014000
2013-12-04,13.15102195739746,14.385000228881836,14.702500343322754,14.182499885559082,13832400
2013-12-05,12.992413520812988,14.449999809265137,14.520000457763672,14.297499656677246,7264800
2013-12-06,13.41612720489502,14.75749969482422,14.850000381469728,14.619999885559082,9162000
2013-12-09,13.522625923156738,14.9375,14.984999656677246,14.864999771118164,6886000
2013-12-10,13.391201972961426,14.81999969482422,14.90999984741211,14.734999656677246,5458000
2013-12-11,12.92217254638672,14.782500267028809,14.782500267028809,14.210000038146973,7659600
2013-12-12,12.799816131591797,14.232500076293944,14.295000076293944,14.032500267028809,8197600
2013-12-13,12.781689643859863,14.210000038146973,14.25,14.037500381469728,4555600
2013-12-16,13.028666496276855,14.3149995803833,14.517499923706056,14.302499771118164,6597200
2013-12-17,12.88591766357422,14.414999961853027,14.422499656677246,14.142499923706056,5388800
2013-12-18,13.55887508392334,14.297499656677246,14.97249984741211,13.912500381469728,12209600
2013-12-19,13.536218643188477,14.84000015258789,14.96500015258789,14.727499961853027,8282000
2013-12-20,13.758271217346191,14.952500343322754,15.28499984741211,14.952500343322754,8705200
2013-12-23,13.973527908325195,15.399999618530272,15.447500228881836,15.3125,5641200
2013-12-24,14.075490951538086,15.422499656677246,15.53499984741211,15.412500381469728,3255600
2013-12-26,14.283953666687012,15.6274995803833,15.77750015258789,15.61750030517578,4340400
2013-12-27,14.277152061462402,15.817500114440918,15.835000038146973,15.697500228881836,3591600
2013-12-30,14.261292457580566,15.75,15.782500267028809,15.68000030517578,2423200
2013-12-31,14.456154823303224,15.8100004196167,15.954999923706056,15.755000114440918,5003600
2014-01-02,14.057364463806152,15.779999732971191,15.792499542236328,15.387499809265137,7051600
2014-01-03,14.018845558166504,15.579999923706056,15.667499542236328,15.427499771118164,4602000
2014-01-06,13.912351608276367,15.640000343322754,15.654999732971191,15.282500267028809,8258000
2014-01-07,14.168392181396484,15.547499656677246,15.712499618530272,15.510000228881836,5520800
2014-01-08,14.175189018249512,15.635000228881836,15.717499732971191,15.482500076293944,6790400
2014-01-09,14.200113296508787,15.789999961853027,15.797499656677246,15.460000038146973,6438000
2014-01-10,14.304344177246094,15.7524995803833,15.817500114440918,15.510000228881836,6004400
2014-01-13,13.758271217346191,15.675000190734863,15.80500030517578,15.079999923706056,7867600
2014-01-14,14.19105052947998,15.3125,15.6850004196167,15.234999656677246,5927200
2014-01-15,14.424434661865234,15.767499923706056,15.984999656677246,15.75,6465200
2014-01-16,14.363253593444824,15.817500114440918,15.869999885559082,15.699999809265137,4487200
2014-01-17,14.172924041748049,15.772500038146973,15.854999542236328,15.567500114440918,5635200
2014-01-21,14.308876991271973,15.925000190734863,15.932499885559082,15.49250030517578,5264800
2014-01-22,14.333799362182615,15.86750030517578,15.88249969482422,15.71500015258789,5734000
2014-01-23,13.982592582702637,15.579999923706056,15.582500457763672,15.177499771118164,8795600
2014-01-24,13.076250076293944,15.1225004196167,15.135000228881836,14.427499771118164,15620400
2014-01-27,12.888185501098633,14.484999656677246,14.585000038146973,14.005000114440918,14215600
2014-01-28,13.123833656311035,14.255000114440918,14.52750015258789,14.244999885559082,7050400
2014-01-29,12.731841087341309,14.1274995803833,14.34749984741211,13.94499969482422,8257200
2014-01-30,13.148756980895996,14.40999984741211,14.635000228881836,14.274999618530272,9108800
2014-01-31,12.899518013000488,13.97249984741211,14.515000343322754,13.942500114440918,9179600
2014-02-03,12.03395652770996,14.1875,14.28499984741211,13.197500228881836,21674800
2014-02-04,12.285468101501465,13.460000038146973,13.654999732971191,13.3149995803833,13081600
2014-02-05,12.228819847106934,13.407500267028809,13.595000267028809,13.170000076293944,7779600
2014-02-06,12.70918083190918,13.602499961853027,14.032500267028809,13.602499961853027,7724400
2014-02-07,13.200871467590332,14.229999542236328,14.600000381469728,14.09749984741211,12381600
2014-02-10,13.257519721984863,14.5625,14.649999618530272,14.442500114440918,7862400
2014-02-11,13.69482707977295,14.6899995803833,15.229999542236328,14.65250015258789,7558800
2014-02-12,13.73788070678711,15.1875,15.324999809265137,15.052499771118164,7734800
2014-02-13,13.93501091003418,14.837499618530272,15.420000076293944,14.822500228881836,12613200
2014-02-14,14.159327507019045,15.34000015258789,15.710000038146973,15.287500381469728,9141600
2014-02-18,14.209178924560549,15.65999984741211,15.744999885559082,15.53499984741211,5552000
2014-02-19,13.93501091003418,15.557499885559082,15.862500190734863,15.329999923706056,13062000
2014-02-20,14.170660018920898,15.422499656677246,15.74250030517578,15.267499923706056,10671600
2014-02-21,14.12987232208252,15.732500076293944,15.837499618530272,15.557499885559082,4687200
2014-02-24,14.327001571655272,15.6850004196167,16.157499313354492,15.664999961853027,10546800
2014-02-25,14.329267501831056,15.8774995803833,16.012500762939453,15.667499542236328,7128000
2014-02-26,14.340595245361328,15.899999618530272,16.012500762939453,15.6875,4834800
2014-02-27,14.571715354919434,15.7524995803833,16.077499389648438,15.710000038146973,9280800
2014-02-28,14.680475234985352,16.0625,16.412500381469727,15.869999885559082,11879200
2014-03-03,14.356453895568848,15.767499923706056,15.967499732971191,15.52750015258789,14517200
2014-03-04,14.997694969177246,16.322500228881836,16.61750030517578,16.3075008392334,7664800
2014-03-05,14.98409652709961,16.5575008392334,16.647499084472656,16.485000610351562,6802000
2014-03-06,15.115517616271973,16.6875,16.790000915527344,16.602500915527344,6210000
2014-03-07,15.120054244995115,16.862499237060547,16.88249969482422,16.475000381469727,10561200
2014-03-10,15.104188919067385,16.607500076293945,16.684999465942383,16.387500762939453,3594400
2014-03-11,14.882134437561035,16.752500534057617,16.8125,16.309999465942383,10941600
2014-03-12,14.891199111938477,16.190000534057617,16.447500228881836,16.0674991607666,5320800
2014-03-13,14.41083812713623,16.582500457763672,16.61750030517578,15.744999885559082,7755200
2014-03-14,14.254494667053224,15.792499542236328,16.030000686645508,15.6850004196167,9347600
2014-03-17,14.646489143371582,15.975000381469728,16.27750015258789,15.962499618530272,5725600
2014-03-18,14.96597385406494,16.25749969482422,16.575000762939453,16.219999313354492,6560800
2014-03-19,14.721263885498049,16.514999389648438,16.584999084472656,15.932499885559082,9406400
2014-03-20,14.979569435119627,16.137500762939453,16.5625,16.05500030517578,7272800
2014-03-21,14.80056858062744,16.737499237060547,16.860000610351562,16.292499542236328,6010400
2014-03-24,14.61476707458496,16.517499923706055,16.565000534057617,15.920000076293944,5649600
2014-03-25,14.83228874206543,16.364999771118164,16.522499084472656,16.092500686645508,4663200
2014-03-26,14.499207496643066,16.55500030517578,16.625,15.994999885559082,6104800
2014-03-27,14.42896556854248,15.947500228881836,16.09749984741211,15.725000381469728,6171200
2014-03-28,14.619297981262209,16.032499313354492,16.3700008392334,16.0049991607666,4215600
2014-03-31,14.981834411621094,16.440000534057617,16.602500915527344,16.392499923706055,4538000
2014-04-01,15.274129867553713,16.697500228881836,16.88249969482422,16.647499084472656,4354800
2014-04-02,15.425943374633787,16.93000030517578,17.092500686645508,16.832500457763672,4244400
2014-04-03,15.36249828338623,17.112499237060547,17.1200008392334,16.80500030517578,3248800
2014-04-04,14.830020904541016,17.235000610351562,17.247499465942383,16.270000457763672,7689600
2014-04-07,14.322468757629396,16.229999542236328,16.3125,15.71500015258789,8202800
2014-04-08,14.50600242614746,15.797499656677246,16.082500457763672,15.619999885559082,6736000
2014-04-09,14.979569435119627,16.1299991607666,16.532499313354492,16.0,5480400
2014-04-10,14.03017520904541,16.510000228881836,16.537500381469727,15.420000076293944,7940000
2014-04-11,13.644979476928713,15.225000381469728,15.537500381469728,15.010000228881836,6743200
2014-04-14,13.973527908325195,15.412500381469728,15.515000343322754,15.045000076293944,6520000
2014-04-15,14.254494667053224,15.512499809265137,15.760000228881836,15.050000190734863,9829200
2014-04-16,14.689538955688477,16.042499542236328,16.22249984741211,15.845000267028809,6716400
2014-04-17,14.750718116760254,16.15999984741211,16.415000915527344,16.0674991607666,5137600
2014-04-21,14.918391227722168,16.287500381469727,16.46500015258789,16.232500076293945,3591200
2014-04-22,15.099658966064451,16.4950008392334,16.809999465942383,16.477500915527344,6145200
2014-04-23,15.015819549560549,16.649999618530273,16.6825008392334,16.522499084472656,3158000
2014-04-24,15.104188919067385,16.8075008392334,16.8075008392334,16.427499771118164,5153200
2014-04-25,14.728057861328123,16.479999542236328,16.524999618530273,16.135000228881836,4324800
2014-04-28,14.870806694030762,16.4424991607666,16.610000610351562,15.904999732971191,7545200
2014-04-29,15.06567096710205,16.5625,16.700000762939453,16.450000762939453,3984800
2014-04-30,15.224283218383787,16.549999237060547,16.825000762939453,16.477500915527344,4364000
2014-05-01,15.21295166015625,16.762500762939453,16.915000915527344,16.625,4585600
2014-05-02,15.151772499084473,16.780000686645508,16.9950008392334,16.637500762939453,4550400
2014-05-05,15.233342170715332,16.467500686645508,16.832500457763672,16.327499389648438,3796800
2014-05-06,14.84814739227295,16.677499771118164,16.72249984741211,16.357500076293945,5472400
2014-05-07,15.099658966064451,16.542499542236328,16.670000076293945,16.162500381469727,4628000
2014-05-08,15.047542572021484,16.584999084472656,16.952499389648438,16.4424991607666,3796400
2014-05-09,15.108722686767578,16.587499618530273,16.6875,16.375,6406400
2014-05-12,15.536968231201172,16.897499084472656,17.177499771118164,16.877500534057617,6417200
2014-05-13,15.582283020019531,17.204999923706055,17.327499389648438,17.149999618530273,3362800
2014-05-14,15.371563911437988,17.15999984741211,17.177499771118164,16.8799991607666,2701200
2014-05-15,14.945581436157228,16.827499389648438,16.862499237060547,16.262500762939453,8344400
2014-05-16,15.126850128173828,16.53499984741211,16.6924991607666,16.327499389648438,3570000
2014-05-19,15.276395797729492,16.587499618530273,16.897499084472656,16.532499313354492,3617600
2014-05-20,14.98409652709961,16.825000762939453,16.829999923706055,16.407499313354492,5090800
2014-05-21,15.357966423034668,16.672500610351562,16.975000381469727,16.667499542236328,4451200
2014-05-22,15.478055000305176,16.96500015258789,17.177499771118164,16.885000228881836,2360800
2014-05-23,15.67518711090088,17.122499465942383,17.3174991607666,17.09749984741211,5000800
2014-05-27,15.949355125427246,17.475000381469727,17.612499237060547,17.454999923706055,2926800
2014-05-28,15.90630054473877,17.59000015258789,17.6825008392334,17.475000381469727,3287200
2014-05-29,16.164613723754883,17.690000534057617,17.834999084472656,17.547500610351562,3438000
2014-05-30,16.20538902282715,17.782499313354492,17.94499969482422,17.732500076293945,4064000
2014-06-02,16.286964416503906,17.987499237060547,18.0,17.71500015258789,2597200
2014-06-03,16.26430892944336,17.837499618530273,17.97249984741211,17.795000076293945,2091200
2014-06-04,16.341346740722656,17.834999084472656,18.084999084472656,17.797500610351562,4719200
2014-06-05,16.688020706176758,18.107500076293945,18.462499618530277,17.920000076293945,4975200
2014-06-06,16.916872024536133,18.53499984741211,18.6825008392334,18.502500534057617,2629600
2014-06-09,16.978050231933594,18.665000915527344,18.86750030517578,18.614999771118164,6100800
2014-06-10,16.975784301757812,18.65250015258789,18.729999542236328,18.540000915527344,3623200
2014-06-11,16.814912796020508,18.545000076293945,18.59499931335449,18.412500381469727,5716400
2014-06-12,16.438779830932617,18.46500015258789,18.50749969482422,18.020000457763672,7804400
2014-06-13,16.595123291015625,18.2450008392334,18.36000061035156,18.075000762939453,3983200
2014-06-16,16.626846313476562,18.22249984741211,18.462499618530277,18.170000076293945,5458400
2014-06-17,16.75826644897461,18.272499084472656,18.540000915527344,18.212499618530277,5774000
2014-06-18,17.12759780883789,18.51000022888184,18.9375,18.375,5672400
2014-06-19,17.188779830932617,18.962499618530277,19.00749969482422,18.774999618530277,8091600
2014-06-20,17.295276641845703,19.082500457763672,19.11750030517578,19.01749992370605,4066800
2014-06-23,17.2839412689209,19.100000381469727,19.112499237060547,18.962499618530277,5683200
2014-06-24,16.9689884185791,18.962499618530277,19.2450008392334,18.65749931335449,6796000
2014-06-25,17.18651580810547,18.607500076293945,19.02750015258789,18.59749984741211,8426400
2014-06-26,17.15479278564453,18.967500686645508,18.967500686645508,18.552499771118164,4283200
2014-06-27,17.240888595581055,18.78499984741211,19.049999237060547,18.76749992370605,4108000
2014-06-30,17.229564666748047,19.012500762939453,19.13500022888184,18.957500457763672,4178000
2014-07-01,17.57624053955078,19.149999618530277,19.5625,19.137500762939453,6634400
2014-07-02,17.619295120239258,19.38999938964844,19.512500762939453,19.36750030517578,3714400
2014-07-03,17.877595901489258,19.59749984741211,19.75,19.565000534057617,2851600
2014-07-07,17.705394744873047,19.61750030517578,19.65749931335449,19.4375,3352800
2014-07-08,17.363245010375977,19.40749931335449,19.4375,19.0,6580800
2014-07-09,17.57624053955078,19.295000076293945,19.44750022888184,19.167499542236328,4166000
2014-07-10,17.365514755249023,18.842500686645508,19.3174991607666,18.78249931335449,4504000
2014-07-11,17.451618194580078,19.137500762939453,19.28249931335449,19.002500534057617,4317600
2014-07-14,17.705394744873047,19.53499984741211,19.612499237060547,19.375,3899200
2014-07-15,17.603431701660156,19.5625,19.67250061035156,19.170000076293945,5163200
2014-07-16,17.79149627685547,19.6875,19.725000381469727,19.477500915527344,6401600
2014-07-17,17.188779830932617,19.462499618530277,19.674999237060547,18.88249969482422,12268000
2014-07-18,17.698596954345703,19.137500762939453,19.59749984741211,19.114999771118164,5028800
2014-07-21,17.60569953918457,19.34749984741211,19.479999542236328,19.162500381469727,4568000
2014-07-22,17.84360694885254,19.64249992370605,19.78499984741211,19.587499618530277,7155600
2014-07-23,17.959171295166016,19.76000022888184,19.8799991607666,19.65749931335449,5906400
2014-07-24,17.959171295166016,19.88249969482422,19.940000534057617,19.752500534057617,4001200
2014-07-25,17.71445655822754,19.645000457763672,19.69750022888184,19.424999237060547,3288000
2014-07-28,17.72125244140625,19.549999237060547,19.64249992370605,19.21500015258789,4032800
2014-07-29,17.50146484375,19.68000030517578,19.7450008392334,19.30500030517578,5811600
2014-07-30,17.505996704101562,19.520000457763672,19.587499618530277,19.07999992370605,7655600
2014-07-31,16.45464324951172,18.90999984741211,18.959999084472656,18.149999618530277,9218000
2014-08-01,16.30962562561035,18.00749969482422,18.337499618530277,17.739999771118164,7463200
2014-08-04,16.658567428588867,18.112499237060547,18.497499465942383,17.86750030517578,4571200
2014-08-05,16.164613723754883,18.149999618530277,18.29750061035156,17.649999618530273,6860000
2014-08-06,16.189538955688477,17.594999313354492,18.092500686645508,17.587499618530273,5022000
2014-08-07,15.917633056640623,18.112499237060547,18.155000686645508,17.44499969482422,6742800
2014-08-08,16.465967178344727,17.677499771118164,18.209999084472656,17.552499771118164,5894400
2014-08-11,16.613252639770508,18.38500022888184,18.575000762939453,18.3125,5305600
2014-08-12,16.55660057067871,18.274999618530277,18.43000030517578,18.100000381469727,3828400
2014-08-13,16.901010513305664,18.479999542236328,18.690000534057617,18.38500022888184,5772800
2014-08-14,17.114004135131836,18.717500686645508,18.88999938964844,18.667499542236328,2928800
2014-08-15,17.120803833007812,19.09749984741211,19.149999618530277,18.475000381469727,6918800
2014-08-18,17.521852493286133,19.19750022888184,19.377500534057617,19.162500381469727,3976400
2014-08-19,17.786962509155273,19.46999931335449,19.69499969482422,19.4325008392334,3942000
2014-08-20,17.943309783935547,19.5625,19.875,19.5625,3469600
2014-08-21,18.11097526550293,19.864999771118164,20.052499771118164,19.8174991607666,5217600
2014-08-22,18.013551712036133,19.927499771118164,20.030000686645508,19.747499465942383,4864800
2014-08-25,18.29224967956543,20.1875,20.28249931335449,20.09000015258789,3058400
2014-08-26,18.33303451538086,20.239999771118164,20.372499465942383,20.209999084472656,3016000
2014-08-27,18.31717109680176,20.25,20.29750061035156,20.107500076293945,2183600
2014-08-28,18.283185958862305,20.0,20.200000762939453,19.9424991607666,4418800
2014-08-29,18.42820167541504,20.26749992370605,20.342500686645508,20.06999969482422,3538400
2014-09-02,18.391942977905277,20.427499771118164,20.427499771118164,20.07749938964844,3398800
2014-09-03,18.369287490844727,20.530000686645508,20.54750061035156,20.1924991607666,5055600
2014-09-04,18.26506233215332,20.354999542236328,20.59000015258789,20.012500762939453,6739200
2014-09-05,18.53016471862793,20.149999618530277,20.46500015258789,19.934999465942383,3683200
2014-09-08,18.396467208862305,20.38500022888184,20.46999931335449,20.112499237060547,4297200
2014-09-09,18.036209106445312,20.2450008392334,20.272499084472656,19.780000686645508,7027600
2014-09-10,18.246931076049805,19.905000686645508,20.15999984741211,19.732500076293945,4145600
2014-09-11,18.29677963256836,19.8700008392334,20.19750022888184,19.834999084472656,3218400
2014-09-12,17.97502899169922,20.127500534057617,20.13249969482422,19.665000915527344,6794400
2014-09-15,17.93424415588379,19.837499618530277,19.88500022888184,19.607500076293945,2503200
2014-09-16,18.34209632873535,19.674999237060547,20.332500457763672,19.647499084472656,6522400
2014-09-17,18.405540466308597,20.32999992370605,20.59499931335449,20.022499084472656,6050800
2014-09-18,18.686506271362305,20.5049991607666,20.647499084472656,20.4325008392334,4058400
2014-09-19,18.654787063598636,20.82749938964844,20.897499084472656,20.459999084472656,4706400
2014-09-22,18.2152099609375,20.46999931335449,20.477500915527344,19.975000381469727,4564800
2014-09-23,17.907052993774414,19.8799991607666,20.13249969482422,19.7450008392334,6526000
2014-09-24,18.33756446838379,19.774999618530277,20.25,19.614999771118164,6843200
2014-09-25,17.44028663635254,20.049999237060547,20.0674991607666,19.227500915527344,7309200
2014-09-26,17.85267448425293,19.32999992370605,19.82749938964844,19.262500762939453,6161600
2014-09-29,17.743911743164062,19.1825008392334,19.68000030517578,19.1299991607666,4917600
2014-09-30,17.592098236083984,19.63249969482422,19.802499771118164,19.3075008392334,6744000
2014-10-01,16.885149002075195,19.325000762939453,19.34749984741211,18.51000022888184,9438000
2014-10-02,16.887418746948242,18.57749938964844,18.837499618530277,18.0625,9985200
2014-10-03,17.442550659179688,19.022499084472656,19.3700008392334,18.84499931335449,8934000
2014-10-06,17.385908126831055,19.4950008392334,19.5674991607666,18.979999542236328,8542000
2014-10-07,16.586057662963867,18.875,19.012500762939453,18.295000076293945,7875200
2014-10-08,17.45615005493164,18.31999969482422,19.325000762939453,18.040000915527344,10558400
2014-10-09,16.4047908782959,19.147499084472656,19.225000381469727,18.0625,12331600
2014-10-10,15.856451988220217,18.084999084472656,18.357500076293945,17.469999313354492,11327200
2014-10-13,15.056605339050291,17.47249984741211,17.647499084472656,16.584999084472656,10665600
2014-10-14,15.16083812713623,16.875,17.25,16.512500762939453,13162400
2014-10-15,14.752984046936035,16.0,16.467500686645508,15.149999618530272,27246000
2014-10-16,14.755248069763184,15.467499732971191,16.639999389648438,15.422499656677246,18242000
2014-10-17,15.314912796020508,16.842500686645508,17.212499618530273,16.65999984741211,14357200
2014-10-20,15.747697830200195,16.780000686645508,17.40250015258789,16.764999389648438,8958000
2014-10-21,16.66762924194336,17.732500076293945,18.43000030517578,17.690000534057617,10132800
2014-10-22,16.323219299316406,18.50749969482422,18.63500022888184,17.987499237060547,8679600
2014-10-23,16.891948699951172,18.540000915527344,18.979999542236328,18.457500457763672,9526400
2014-10-24,17.252220153808594,18.71999931335449,19.075000762939453,18.51499938964844,6220800
2014-10-27,17.195571899414062,18.852500915527344,19.25,18.65250015258789,7809200
2014-10-28,17.775636672973633,19.184999465942383,19.63500022888184,19.149999618530277,9072800
2014-10-29,17.716716766357422,19.67250061035156,19.842500686645508,19.149999618530277,8112000
2014-10-30,18.06566429138184,19.3700008392334,20.07999992370605,19.32999992370605,7333200
2014-10-31,18.66611099243164,20.637500762939453,20.63999938964844,20.32749938964844,8757600
2014-11-03,18.688770294189453,20.674999237060547,20.82749938964844,20.487499237060547,5878800
2014-11-04,18.51883125305176,20.47249984741211,20.5674991607666,20.100000381469727,6554000
2014-11-05,18.84737777709961,20.852500915527344,20.8700008392334,20.522499084472656,6819600
2014-11-06,19.07849884033203,20.82999992370605,21.07749938964844,20.575000762939453,5643200
2014-11-07,19.123815536499023,21.040000915527344,21.174999237060547,20.875,4432000
2014-11-10,19.305082321166992,21.104999542236328,21.3125,21.03249931335449,5717600
2014-11-11,19.350404739379883,21.332500457763672,21.40250015258789,21.19750022888184,4769600
2014-11-12,19.30055427551269,21.09000015258789,21.375,21.087499618530277,5037200
2014-11-13,19.3526668548584,21.357500076293945,21.559999465942383,21.052499771118164,5434000
2014-11-14,19.363996505737305,21.32749938964844,21.44499969482422,21.21500015258789,4043200
2014-11-17,19.402515411376957,21.237499237060547,21.47249984741211,21.190000534057617,4699200
2014-11-18,19.74238967895508,21.434999465942383,21.89249992370605,21.434999465942383,4104400
2014-11-19,19.638164520263672,21.71500015258789,21.780000686645508,21.387500762939453,4393200
2014-11-20,19.74919319152832,21.364999771118164,21.82749938964844,21.350000381469727,3308400
2014-11-21,20.07320785522461,22.4424991607666,22.467500686645508,21.92250061035156,7063200
2014-11-24,20.234086990356445,22.299999237060547,22.372499465942383,22.217500686645508,8334400
2014-11-25,20.19782829284668,22.420000076293945,22.5,22.184999465942383,8815200
2014-11-26,20.34284400939941,22.32749938964844,22.48500061035156,22.247499465942383,2822000
2014-11-28,20.21595764160156,22.39249992370605,22.50749969482422,22.20499992370605,2486000
2014-12-01,19.780920028686523,22.040000915527344,22.07749938964844,21.709999084472656,4555200
2014-12-02,20.15931701660156,21.842500686645508,22.325000762939453,21.84000015258789,2600400
2014-12-03,20.392696380615234,22.299999237060547,22.584999084472656,22.26000022888184,4533600
2014-12-04,20.315654754638672,22.395000457763672,22.625,22.122499465942383,5350400
2014-12-05,20.42441940307617,22.497499465942383,22.6924991607666,22.399999618530277,3882000
2014-12-08,20.014299392700195,22.38999938964844,22.57749938964844,21.86750030517578,4392000
2014-12-09,19.96217918395996,21.357500076293945,22.07749938964844,21.212499618530277,10628400
2014-12-10,19.01732063293457,21.850000381469727,21.872499465942383,20.90749931335449,8655600
2014-12-11,19.286958694458008,21.207500457763672,21.90749931335449,21.145000457763672,7442800
2014-12-12,18.348896026611328,20.815000534057617,21.170000076293945,20.2450008392334,7490400
2014-12-15,17.97276496887207,20.59499931335449,20.75,19.607500076293945,7934000
2014-12-16,17.544517517089844,19.549999237060547,20.700000762939453,19.34000015258789,10262000
2014-12-17,18.573217391967773,19.51499938964844,20.647499084472656,19.46999931335449,8040400
2014-12-18,19.934999465942383,21.40999984741211,22.02750015258789,21.147499084472656,9425200
2014-12-19,20.191030502319336,22.25,22.55500030517578,22.01000022888184,5274400
2014-12-22,20.472000122070312,22.38249969482422,22.59749984741211,22.28499984741211,3778400
2014-12-23,20.55810165405273,22.84000015258789,22.850000381469727,22.614999771118164,4460800
2014-12-24,20.58076477050781,22.795000076293945,22.8799991607666,22.6825008392334,1291600
2014-12-26,20.76429557800293,22.872499465942383,23.045000076293945,22.84749984741211,2223200
2014-12-29,20.841333389282227,22.825000762939453,23.075000762939453,22.815000534057617,2677600
2014-12-30,20.505990982055664,22.815000534057617,22.88249969482422,22.59499931335449,3138400
2014-12-31,19.87607955932617,22.75,22.8174991607666,21.90999984741211,4766000
2015-01-02,19.85795783996582,22.217500686645508,22.38249969482422,21.51499938964844,4748800
2015-01-05,18.792999267578125,21.50749969482422,21.57999992370605,20.614999771118164,7138400
2015-01-06,18.27412223815918,20.86000061035156,21.037500381469727,19.850000381469727,9798400
2015-01-07,18.95387458801269,20.645000457763672,21.012500762939453,20.459999084472656,7011600
2015-01-08,19.96217918395996,21.434999465942383,22.09000015258789,21.415000915527344,7421200
2015-01-09,19.454633712768555,22.162500381469727,22.167499542236328,21.23500061035156,8158000
2015-01-12,18.999195098876957,21.51499938964844,21.582500457763672,20.747499465942383,7129600
2015-01-13,18.829256057739254,21.43000030517578,21.834999084472656,20.309999465942383,10916400
2015-01-14,18.49391365051269,20.02750015258789,20.475000381469727,19.707500457763672,11448400
2015-01-15,17.995420455932617,20.637500762939453,20.762500762939453,19.8125,11251200
2015-01-16,18.67065048217773,19.770000457763672,20.6825008392334,19.69750022888184,7074400
2015-01-20,18.7997989654541,20.84749984741211,20.957500457763672,20.177499771118164,5662000
2015-01-21,19.092098236083984,20.575000762939453,21.237499237060547,20.42250061035156,6768400
2015-01-22,19.934999465942383,21.34000015258789,22.049999237060547,20.82749938964844,9117600
2015-01-23,19.601911544799805,21.88500022888184,22.0,21.587499618530277,6044400
2015-01-26,19.755992889404297,21.56999969482422,21.82749938964844,21.28499984741211,3482800
2015-01-27,18.96294403076172,21.0,21.362499237060547,20.612499237060547,9183200
2015-01-28,18.22200584411621,21.362499237060547,21.412500381469727,20.059999465942383,8742800
2015-01-29,18.734092712402344,20.174999237060547,20.770000457763672,19.6875,6866800
2015-01-30,18.033939361572266,20.21999931335449,20.725000381469727,19.799999237060547,9065200
2015-02-02,18.67744445800781,20.09000015258789,20.655000686645508,19.415000915527344,6718400
2015-02-03,19.48408889770508,20.957500457763672,21.51499938964844,20.8174991607666,7803600
2015-02-04,19.27336311340332,21.20499992370605,21.684999465942383,21.09499931335449,6949200
2015-02-05,19.87154769897461,21.512500762939453,21.96999931335449,21.5,5912000
2015-02-06,19.676685333251957,22.040000915527344,22.26749992370605,21.530000686645508,6533600
2015-02-09,19.420639038085938,21.427499771118164,21.75,21.28499984741211,5257600
2015-02-10,20.034690856933597,21.825000762939453,22.20249938964844,21.4950008392334,4913600
2015-02-11,20.082273483276367,22.059999465942383,22.325000762939453,21.795000076293945,4178800
2015-02-12,20.641942977905277,22.46999931335449,22.809999465942383,22.397499084472656,4485200
2015-02-13,20.920642852783203,22.825000762939453,23.084999084472656,22.737499237060547,4304400
2015-02-17,21.01127243041992,22.95249938964844,23.247499465942383,22.850000381469727,2864400
2015-02-18,21.0180721282959,23.02750015258789,23.209999084472656,22.92250061035156,2683600
2015-02-19,20.97955322265625,22.95249938964844,23.270000457763672,22.887500762939453,2597200
2015-02-20,21.346620559692383,22.957500457763672,23.5625,22.71500015258789,5070000
2015-02-23,21.337556838989254,23.45249938964844,23.542499542236328,23.292499542236328,2275600
2015-02-24,21.51202392578125,23.512500762939453,23.815000534057617,23.395000457763672,3018400
2015-02-25,21.45311737060547,23.674999237060547,23.877500534057617,23.542499542236328,2923600
2015-02-26,21.373815536499023,23.63999938964844,23.69499969482422,23.342500686645508,2834800
2015-02-27,21.15629196166992,23.549999237060547,23.64249992370605,23.32749938964844,2372800
2015-03-02,21.555078506469727,23.38249969482422,23.799999237060547,23.362499237060547,2714400
2015-03-03,21.285444259643555,23.61000061035156,23.645000457763672,23.137500762939453,4570400
2015-03-04,21.022607803344727,23.225000381469727,23.27750015258789,22.82999992370605,3907200
2015-03-05,21.076976776123047,23.325000762939453,23.38249969482422,23.065000534057617,2823200
2015-03-06,20.191030502319336,22.905000686645508,23.082500457763672,22.145000457763672,6672400
2015-03-09,20.44027709960937,22.342500686645508,22.6875,22.3125,2712800
2015-03-10,19.447832107543945,22.00749969482422,22.042499542236328,21.45499992370605,6690800
2015-03-11,19.30282020568848,21.552499771118164,21.61750030517578,21.272499084472656,4090800
2015-03-12,20.052818298339844,21.530000686645508,22.137500762939453,21.520000457763672,4315600
2015-03-13,19.667625427246094,22.0,22.0625,21.3075008392334,7766400
2015-03-16,20.472000122070312,21.98500061035156,22.602500915527344,21.97249984741211,4949600
2015-03-17,20.274873733520508,22.26749992370605,22.50749969482422,22.052499771118164,4714400
2015-03-18,21.00448036193848,22.1875,23.434999465942383,21.9375,7736800
2015-03-19,20.698585510253903,23.0,23.114999771118164,22.707500457763672,5855600
2015-03-20,21.25145721435547,23.227500915527344,23.655000686645508,23.200000762939453,7083600
2015-03-23,21.135896682739254,23.462499618530277,23.6825008392334,23.31999969482422,3964400
2015-03-24,20.76429557800293,23.25,23.44750022888184,22.89249992370605,3142800
2015-03-25,19.86701774597168,23.01749992370605,23.102500915527344,21.90250015258789,6795600
2015-03-26,19.722002029418945,21.670000076293945,22.100000381469727,21.387500762939453,5020800
2015-03-27,19.839828491210938,21.709999084472656,21.975000381469727,21.645000457763672,3301200
2015-03-30,20.5739688873291,22.287500381469727,22.8125,22.287500381469727,3756400
2015-03-31,20.03921890258789,22.375,22.649999618530277,22.087499618530277,5350000
2015-04-01,19.844362258911133,22.084999084472656,22.09499931335449,21.487499237060547,6756400
2015-04-02,20.005237579345703,21.825000762939453,22.270000457763672,21.774999618530277,2658000
2015-04-06,20.42895126342773,21.747499465942383,22.737499237060547,21.709999084472656,4580800
2015-04-07,20.2635440826416,22.55500030517578,22.84749984741211,22.34749984741211,8103200
2015-04-08,20.469736099243164,22.459999084472656,22.75,22.292499542236328,3964800
2015-04-09,20.75522804260254,22.537500381469727,22.97249984741211,22.337499618530277,3760400
2015-04-10,21.072452545166016,22.977500915527344,23.270000457763672,22.915000915527344,3034800
2015-04-13,20.78695297241211,23.19499969482422,23.4375,22.927499771118164,2737200
2015-04-14,20.902515411376957,22.90749931335449,23.137500762939453,22.61750030517578,3308000
2015-04-15,21.197078704833984,23.280000686645508,23.575000762939453,23.21999931335449,2891600
2015-04-16,21.163089752197266,23.262500762939453,23.55500030517578,23.17250061035156,3704400
2015-04-17,20.435747146606445,22.875,22.96999931335449,22.24250030517578,5562000
2015-04-20,20.98408508300781,22.92250061035156,23.292499542236328,22.8799991607666,3237600
2015-04-21,20.916109085083008,23.424999237060547,23.487499237060547,22.96999931335449,2501600
2015-04-22,21.235593795776367,23.21500015258789,23.487499237060547,22.854999542236328,2893600
2015-04-23,21.37607955932617,23.270000457763672,23.857500076293945,23.22249984741211,3532000
2015-04-24,21.53468894958496,23.772499084472656,23.854999542236328,23.57999992370605,3410400
2015-04-27,21.253725051879883,23.99250030517578,24.030000686645508,23.387500762939453,4161600
2015-04-28,21.448583602905277,23.457500457763672,23.700000762939453,22.975000381469727,3145200
2015-04-29,21.19481658935547,23.3125,23.625,23.0625,4552400
2015-04-30,20.564897537231445,23.17250061035156,23.315000534057617,22.405000686645508,5361600
2015-05-01,21.20160675048828,23.00749969482422,23.427499771118164,22.95499992370605,3911600
2015-05-04,21.40553092956543,23.584999084472656,23.84000015258789,23.524999618530277,2504000
2015-05-05,20.65327262878418,23.512500762939453,23.655000686645508,22.75,5709200
2015-05-06,20.41534996032715,23.020000457763672,23.13500022888184,22.09749984741211,5902800
2015-05-07,20.648738861083984,22.475000381469727,22.950000762939453,22.352500915527344,2841200
2015-05-08,21.455381393432617,23.420000076293945,23.7549991607666,23.412500381469727,5646400
2015-05-11,21.14948844909668,23.625,23.772499084472656,23.315000534057617,2749200
2015-05-12,20.950092315673828,23.0,23.34499931335449,22.677499771118164,4905600
2015-05-13,20.975021362304688,23.30500030517578,23.552499771118164,23.05500030517578,3053600
2015-05-14,21.62078666687012,23.540000915527344,23.895000457763672,23.43000030517578,4100000
2015-05-15,21.693302154541016,23.90250015258789,23.997499465942383,23.74250030517578,2512000
2015-05-18,21.897218704223636,23.8700008392334,24.26499938964844,23.857500076293945,2219200
2015-05-19,21.86323928833008,24.232500076293945,24.315000534057617,24.022499084472656,2594800
2015-05-20,21.81792259216309,24.1924991607666,24.387500762939453,23.9375,3259200
2015-05-21,22.01278686523437,24.01749992370605,24.375,23.959999084472656,2053200
2015-05-22,21.84964370727539,24.14249992370605,24.30500030517578,24.09000015258789,3253200
2015-05-26,21.176681518554688,23.917499542236328,23.94499969482422,23.174999237060547,4937600
2015-05-27,21.743146896362305,23.53499984741211,24.09000015258789,23.395000457763672,3112800
2015-05-28,21.691036224365234,23.88500022888184,23.962499618530277,23.637500762939453,2888800
2015-05-29,21.267314910888672,23.89249992370605,23.89249992370605,23.36000061035156,3533200
2015-06-01,21.391939163208008,23.74250030517578,23.86750030517578,23.292499542236328,3552400
2015-06-02,21.31716537475586,23.412500381469727,23.815000534057617,23.177499771118164,4184000
2015-06-03,21.50522994995117,23.75,23.977500915527344,23.53499984741211,3149200
2015-06-04,20.999942779541016,23.457500457763672,23.674999237060547,22.9950008392334,6186800
2015-06-05,20.83680534362793,23.082500457763672,23.262500762939453,22.75,5020800
2015-06-08,20.460668563842773,22.95499992370605,23.01499938964844,22.542499542236328,3946800
2015-06-09,20.43121719360352,22.57749938964844,22.770000457763672,22.31999969482422,4368000
2015-06-10,21.18121337890625,22.905000686645508,23.520000457763672,22.82749938964844,6863600
2015-06-11,21.3806095123291,23.549999237060547,23.7450008392334,23.45499992370605,3692400
2015-06-12,20.897979736328125,23.26000022888184,23.315000534057617,22.9424991607666,4469600
2015-06-15,20.594362258911133,22.625,22.864999771118164,22.325000762939453,7172800
2015-06-16,20.95462989807129,22.6875,23.155000686645508,22.622499465942383,3422400
2015-06-17,21.054323196411133,23.26000022888184,23.467500686645508,22.82999992370605,6564400
2015-06-18,21.691036224365234,23.479999542236328,24.137500762939453,23.43000030517578,6645200
2015-06-19,21.30583953857422,23.872499465942383,23.88249969482422,23.50749969482422,2579200
2015-06-22,21.743146896362305,24.01000022888184,24.227500915527344,23.920000076293945,4542000
2015-06-23,21.795259475708008,24.100000381469727,24.174999237060547,23.88999938964844,2542000
2015-06-24,21.323963165283203,23.93000030517578,24.087499618530277,23.520000457763672,2460800
2015-06-25,21.12230110168457,23.72249984741211,23.770000457763672,23.292499542236328,2606000
2015-06-26,21.113237380981445,23.459999084472656,23.53249931335449,23.075000762939453,3094800
2015-06-29,19.785446166992188,22.72249984741211,22.957500457763672,21.8125,8873600
2015-06-30,19.932727813720703,22.4375,22.467500686645508,21.78499984741211,9398400
2015-07-01,20.360973358154297,22.587499618530277,22.655000686645508,22.200000762939453,6888800
2015-07-02,20.311119079589844,22.662500381469727,22.725000381469727,22.26000022888184,3220400
2015-07-06,20.145721435546875,21.912500381469727,22.520000457763672,21.84749984741211,4530400
2015-07-07,20.505990982055664,22.302499771118164,22.690000534057617,21.395000457763672,8124800
2015-07-08,19.48861694335937,22.122499465942383,22.227500915527344,21.417499542236328,7502800
2015-07-09,19.58378791809082,22.287500381469727,22.387500762939453,21.59499931335449,6830000
2015-07-10,20.317920684814453,22.43000030517578,22.57999992370605,22.1200008392334,8656400
2015-07-13,20.988618850708008,22.9375,23.209999084472656,22.897499084472656,3820000
2015-07-14,21.26505279541016,23.165000915527344,23.592500686645508,23.14249992370605,5274400
2015-07-15,21.246919631958008,23.475000381469727,23.665000915527344,23.25749969482422,4928000
2015-07-16,21.704626083374023,23.837499618530277,24.0,23.76749992370605,5479600
2015-07-17,21.804323196411133,24.0,24.082500457763672,23.837499618530277,2383600
2015-07-20,21.845109939575195,24.14249992370605,24.28249931335449,23.97249984741211,2951200
2015-07-21,21.57773780822754,24.030000686645508,24.13500022888184,23.6875,3416000
2015-07-22,21.44632148742676,23.5,23.799999237060547,23.5,2295600
2015-07-23,21.095109939575195,23.747499465942383,23.75,23.137500762939453,2962800
2015-07-24,20.435747146606445,23.315000534057617,23.31999969482422,22.417499542236328,6037600
2015-07-27,20.07774353027344,22.1875,22.399999618530277,21.98500061035156,5925600
2015-07-28,20.79828453063965,22.489999771118164,23.024999618530277,22.15999984741211,5798000
2015-07-29,21.235593795776367,23.01000022888184,23.51499938964844,22.962499618530277,5621200
2015-07-30,21.249187469482425,23.21500015258789,23.512500762939453,22.982500076293945,4550800
2015-07-31,21.1472282409668,23.655000686645508,23.662500381469727,23.229999542236328,3224000
2015-08-03,20.93197059631348,23.31999969482422,23.337499618530277,22.732500076293945,3369200
2015-08-04,20.796016693115234,23.0575008392334,23.25,22.774999618530277,3008000
2015-08-05,21.01127243041992,23.3174991607666,23.600000381469727,23.07749938964844,4131600
2015-08-06,20.524118423461918,23.237499237060547,23.302499771118164,22.387500762939453,3630800
2015-08-07,20.381366729736328,22.57250022888184,22.61000061035156,22.137500762939453,4771200
2015-08-10,21.13362693786621,22.9424991607666,23.364999771118164,22.9424991607666,4354800
2015-08-11,20.571691513061523,22.799999237060547,22.962499618530277,22.397499084472656,6183600
2015-08-12,20.64647483825684,22.162500381469727,22.854999542236328,21.625,8799200
2015-08-13,20.55583953857422,22.727500915527344,22.979999542236328,22.4950008392334,6754400
2015-08-14,20.78468894958496,22.61000061035156,22.962499618530277,22.56999969482422,3211200
2015-08-17,21.115503311157227,22.707500457763672,23.309999465942383,22.524999618530277,4848000
2015-08-18,20.934234619140625,23.22249984741211,23.34499931335449,23.022499084472656,3184800
2015-08-19,20.438011169433597,22.809999465942383,23.114999771118164,22.25,10591600
2015-08-20,19.14874267578125,21.967500686645508,22.190000534057617,21.127500534057617,12504800
2015-08-21,17.34059715270996,20.457500457763672,20.8125,19.13249969482422,19191200
2015-08-24,15.244673728942873,16.292499542236328,18.75,16.0,19086800
2015-08-25,14.680475234985352,18.530000686645508,18.530000686645508,16.13249969482422,14598000
2015-08-26,16.40026092529297,17.46500015258789,18.145000457763672,16.485000610351562,14174400
2015-08-27,17.5943660736084,18.79750061035156,19.43000030517578,18.26499938964844,11291600
2015-08-28,17.59663200378418,19.174999237060547,19.5625,19.00749969482422,6908000
2015-08-31,17.150259017944336,19.07749938964844,19.34749984741211,18.74250030517578,6413200
2015-09-01,15.618539810180664,17.63249969482422,18.092500686645508,16.9325008392334,13851200
2015-09-02,16.497692108154297,18.022499084472656,18.21999931335449,17.40999984741211,7672400
2015-09-03,16.518085479736328,18.420000076293945,18.94499969482422,18.084999084472656,9458400
2015-09-04,15.786210060119627,17.5,17.762500762939453,17.139999389648438,8290000
2015-09-08,16.996177673339844,18.32250022888184,18.770000457763672,18.11750030517578,7239600
2015-09-09,16.286964416503906,19.274999618530277,19.302499771118164,17.84749984741211,9210000
2015-09-10,16.5498046875,17.88249969482422,18.64249992370605,17.832500457763672,7876000
2015-09-11,16.774124145507812,18.11750030517578,18.51499938964844,17.892499923706055,5948800
2015-09-14,16.576997756958008,18.55500030517578,18.5674991607666,18.13999938964844,3828000
2015-09-15,17.225025177001953,18.467500686645508,19.13500022888184,18.31999969482422,5943200
2015-09-16,17.666873931884766,19.06999969482422,19.54750061035156,18.982500076293945,8546400
2015-09-17,17.539989471435547,19.44499969482422,20.26499938964844,19.217500686645508,13971600
2015-09-18,16.665363311767578,18.46999931335449,19.01749992370605,18.270000457763672,9870400
2015-09-21,16.925935745239258,18.6924991607666,19.030000686645508,18.332500457763672,7126800
2015-09-22,16.282434463500977,17.954999923706055,18.1200008392334,17.584999084472656,9630400
2015-09-23,16.19407081604004,18.0,18.174999237060547,17.6875,5939200
2015-09-24,16.04225730895996,17.46500015258789,17.832500457763672,17.032499313354492,14954000
2015-09-25,15.987869262695312,18.15749931335449,18.25,17.375,11768800
2015-09-28,14.7733736038208,17.350000381469727,17.38249969482422,16.225000381469727,14869200
2015-09-29,14.814157485961914,16.415000915527344,16.774999618530273,16.049999237060547,10466800
2015-09-30,15.650260925292969,16.952499389648438,17.3125,16.6924991607666,13527200
2015-10-01,15.77714729309082,17.375,17.49250030517578,16.772499084472656,9817200
2015-10-02,16.45464324951172,16.737499237060547,18.167499542236328,16.575000762939453,13874800
2015-10-05,17.342857360839844,18.56999969482422,19.21500015258789,18.542499542236328,13699600
2015-10-06,17.170652389526367,19.112499237060547,19.292499542236328,18.71500015258789,6744400
2015-10-07,17.5943660736084,19.26749992370605,19.530000686645508,18.854999542236328,7870800
2015-10-08,18.07472801208496,19.26749992370605,20.030000686645508,19.174999237060547,8596800
2015-10-09,18.09738540649414,19.967500686645508,20.13500022888184,19.75,5870400
2015-10-12,18.16762351989746,19.982500076293945,20.092500686645508,19.850000381469727,3807200
2015-10-13,17.798290252685547,19.75749969482422,20.209999084472656,19.57999992370605,5470800
2015-10-14,17.537717819213867,19.604999542236328,19.81999969482422,19.2549991607666,6939200
2015-10-15,18.33529281616211,19.592500686645508,20.247499465942383,19.457500457763672,8169600
2015-10-16,18.573217391967773,20.3799991607666,20.522499084472656,20.1200008392334,5782000
2015-10-19,18.61626625061035,20.309999465942383,20.549999237060547,20.174999237060547,4380400
2015-10-20,18.536962509155277,20.399999618530277,20.6924991607666,20.30500030517578,4898000
2015-10-21,18.20614624023437,20.6299991607666,20.677499771118164,20.02750015258789,5779200
2015-10-22,19.110219955444336,20.424999237060547,21.17250061035156,20.3799991607666,7288800
2015-10-23,19.75146102905273,21.707500457763672,21.93000030517578,21.43000030517578,6599600
2015-10-26,19.601911544799805,21.725000381469727,21.752500534057617,21.51000022888184,5123200
2015-10-27,19.49088287353516,21.397499084472656,21.63999938964844,21.270000457763672,5005600
2015-10-28,20.157045364379883,21.645000457763672,22.25,21.38999938964844,7420800
2015-10-29,20.13212203979492,22.049999237060547,22.342500686645508,22.00749969482422,4636400
2015-10-30,19.85342025756836,22.270000457763672,22.39249992370605,21.852500915527344,4356000
2015-11-02,20.551305770874023,22.02750015258789,22.762500762939453,21.997499465942383,3650400
2015-11-03,20.72577476501465,22.540000915527344,23.104999542236328,22.467500686645508,4374400
2015-11-04,20.55357551574707,23.0,23.049999237060547,22.479999542236328,4839600
2015-11-05,20.474266052246094,22.700000762939453,22.88500022888184,22.272499084472656,4829600
2015-11-06,20.44481086730957,22.467500686645508,22.665000915527344,22.059999465942383,6540400
2015-11-09,19.86928367614746,22.342500686645508,22.38999938964844,21.587499618530277,6684800
2015-11-10,19.99616813659668,21.752500534057617,22.102500915527344,21.65250015258789,4207600
2015-11-11,19.75825500488281,22.200000762939453,22.209999084472656,21.799999237060547,7607200
2015-11-12,18.95841407775879,21.440000534057617,21.607500076293945,20.90749931335449,7788400
2015-11-13,18.31717109680176,20.75,20.850000381469727,20.17250061035156,8350800
2015-11-16,19.151002883911133,20.14249992370605,21.13500022888184,20.100000381469727,7519200
2015-11-17,19.087560653686523,21.23500061035156,21.5674991607666,20.89249992370605,10901200
2015-11-18,19.99616813659668,21.252500534057617,22.125,21.229999542236328,7917600
2015-11-19,19.941789627075195,22.03499984741211,22.1825008392334,21.90999984741211,7911600
2015-11-20,20.18876838684082,22.287500381469727,22.512500762939453,22.114999771118164,5368000
2015-11-23,20.08453941345215,22.274999618530277,22.47249984741211,22.002500534057617,4590800
2015-11-24,20.175172805786133,21.792499542236328,22.420000076293945,21.647499084472656,5227200
2015-11-25,20.163843154907227,22.3174991607666,22.38500022888184,22.15749931335449,3293200
2015-11-27,20.236351013183597,22.27750015258789,22.40250015258789,22.102500915527344,2054800
2015-11-30,19.975780487060547,22.397499084472656,22.440000534057617,22.01000022888184,3728000
2015-12-01,20.56037139892578,22.262500762939453,22.72249984741211,22.1875,4857600
2015-12-02,19.90780258178711,22.65999984741211,22.77750015258789,21.8799991607666,6247600
2015-12-03,19.073974609375,22.082500457763672,22.165000915527344,20.787500381469727,7856000
2015-12-04,20.177440643310547,21.1924991607666,22.38999938964844,21.17250061035156,7882800
2015-12-07,19.79904556274414,22.13999938964844,22.155000686645508,21.5049991607666,4985600
2015-12-08,19.34587287902832,21.290000915527344,21.770000457763672,21.065000534057617,5958800
2015-12-09,18.981069564819336,21.212499618530277,21.96999931335449,20.575000762939453,9394800
2015-12-10,19.110219955444336,20.96999931335449,21.559999465942383,20.862499237060547,5587600
2015-12-11,17.999948501586914,20.32749938964844,20.552499771118164,19.7450008392334,13487200
2015-12-14,18.29677963256836,19.917499542236328,20.1875,19.295000076293945,10816000
2015-12-15,18.842853546142575,20.700000762939453,21.112499237060547,20.645000457763672,11924000
2015-12-16,19.64723014831543,21.217500686645508,21.809999465942383,20.700000762939453,14750400
2015-12-17,18.779407501220703,21.8174991607666,21.84499931335449,20.712499618530277,11857600
2015-12-18,17.707658767700195,20.4375,20.459999084472656,19.537500381469727,11700000
2015-12-21,18.19482040405273,20.030000686645508,20.149999618530277,19.61750030517578,7924400
2015-12-22,18.688770294189453,20.39249992370605,20.727500915527344,20.045000076293945,6882400
2015-12-23,19.36626434326172,20.987499237060547,21.399999618530277,20.95249938964844,5789600
2015-12-24,19.259769439697266,21.27750015258789,21.475000381469727,21.200000762939453,2834800
2015-12-28,19.135149002075195,21.02750015258789,21.137500762939453,20.737499237060547,4004800
2015-12-29,19.765050888061523,21.524999618530277,21.920000076293945,21.522499084472656,4634400
2015-12-30,19.34587287902832,21.70499992370605,21.739999771118164,21.290000915527344,3856400
2015-12-31,18.779407501220703,21.075000762939453,21.3174991607666,20.70249938964844,5826800
2016-01-04,17.95690155029297,19.662500381469727,19.82749938964844,19.09749984741211,12571200
2016-01-05,18.07699203491211,19.957500457763672,20.09000015258789,19.537500381469727,7654000
2016-01-06,17.358713150024414,19.042499542236328,19.53499984741211,18.809999465942383,15462000
2016-01-07,16.119293212890625,18.149999618530277,18.762500762939453,17.662500381469727,17905600
2016-01-08,15.589085578918455,18.07749938964844,18.272499084472656,17.107500076293945,14990800
2016-01-11,15.598143577575684,17.4950008392334,17.59749984741211,16.63249969482422,18027600
2016-01-12,15.996939659118652,17.717500686645508,17.905000686645508,16.985000610351562,17508400
2016-01-13,14.820958137512209,17.8799991607666,17.997499465942383,16.219999313354492,17911200
2016-01-14,15.512044906616213,16.537500381469727,17.489999771118164,16.040000915527344,21744400
2016-01-15,14.52639865875244,15.75,16.290000915527344,15.43000030517578,22730400
2016-01-19,14.587575912475586,16.600000381469727,16.622499465942383,15.630000114440918,15717600
2016-01-20,14.066428184509276,15.322500228881836,15.947500228881836,14.295000076293944,29300800
2016-01-21,14.23863124847412,15.642499923706056,16.274999618530273,15.227499961853027,19535200
2016-01-22,15.117783546447754,16.514999389648438,16.7549991607666,16.290000915527344,13151600
2016-01-25,14.431231498718262,16.552499771118164,16.600000381469727,15.880000114440918,10864000
2016-01-26,15.02035427093506,16.125,16.665000915527344,16.049999237060547,8575200
2016-01-27,14.530928611755373,16.424999237060547,16.9424991607666,15.772500038146973,12104800
2016-01-28,14.766578674316406,16.524999618530273,16.575000762939453,15.800000190734863,9376800
2016-01-29,15.836064338684082,16.514999389648438,17.487499237060547,16.487499237060547,10500000
2016-02-01,15.842856407165527,17.155000686645508,17.71500015258789,16.975000381469727,10630400
2016-02-02,14.977303504943848,16.9950008392334,17.00749969482422,16.357500076293945,12135600
2016-02-03,15.21975326538086,16.857500076293945,16.93000030517578,15.727499961853027,27986400
2016-02-04,15.299052238464355,16.65999984741211,17.19499969482422,16.46500015258789,12856400
2016-02-05,14.431231498718262,16.7450008392334,16.747499465942383,15.727499961853027,13445600
2016-02-08,13.848907470703123,15.369999885559082,15.44499969482422,14.61750030517578,17973200
2016-02-09,13.830781936645508,14.755000114440918,15.654999732971191,14.734999656677246,15032400
2016-02-10,13.81038761138916,15.517499923706056,15.99250030517578,15.202500343322754,13284400
2016-02-11,13.305102348327637,14.494999885559082,14.9399995803833,14.21500015258789,22600000
2016-02-12,14.095882415771484,15.162500381469728,15.557499885559082,14.907500267028809,11355200
2016-02-16,14.796035766601562,16.094999313354492,16.334999084472656,15.797499656677246,8840400
2016-02-17,15.523377418518066,16.674999237060547,17.247499465942383,16.655000686645508,12123600
2016-02-18,15.328511238098145,17.217500686645508,17.237499237060547,16.81999969482422,7638000
2016-02-19,15.326244354248049,16.677499771118164,16.940000534057617,16.485000610351562,8191600
2016-02-22,15.96748161315918,17.392499923706055,17.674999237060547,17.3700008392334,6660400
2016-02-23,15.396482467651367,17.412500381469727,17.502500534057617,16.93000030517578,9436800
2016-02-24,15.582283020019531,16.4950008392334,17.282499313354492,16.167499542236328,12216000
2016-02-25,16.13968849182129,17.337499618530273,17.815000534057617,17.092500686645508,8596000
2016-02-26,16.03999137878418,18.125,18.1299991607666,17.639999389648438,11120000
2016-02-29,15.609471321105955,17.704999923706055,18.0,17.22249984741211,8311600
2016-03-01,16.77185821533203,17.667499542236328,18.51499938964844,17.520000457763672,10162000
2016-03-02,16.98712158203125,18.399999618530277,18.76000022888184,18.252500534057617,7800000
2016-03-03,17.179712295532227,18.6825008392334,18.962499618530277,18.49250030517578,6951600
2016-03-04,17.35192108154297,19.024999618530277,19.405000686645508,18.74250030517578,9289600
2016-03-07,17.385908126831055,18.82749938964844,19.325000762939453,18.8125,7954000
2016-03-08,16.808115005493164,18.81999969482422,18.997499465942383,18.50749969482422,8099600
2016-03-09,17.070953369140625,18.832500457763672,18.94499969482422,18.56999969482422,6207200
2016-03-10,17.107206344604492,19.00749969482422,19.309999465942383,18.26749992370605,14479200
2016-03-11,17.925182342529297,19.362499237060547,19.802499771118164,19.32999992370605,10012000
2016-03-14,17.859468460083008,19.602500915527344,19.872499465942383,19.487499237060547,5594000
2016-03-15,17.784696578979492,19.36750030517578,19.625,19.292499542236328,5678000
2016-03-16,18.08832550048828,19.45499992370605,20.09499931335449,19.4325008392334,7802400
2016-03-17,18.423667907714844,19.917499542236328,20.51000022888184,19.787500381469727,7389200
2016-03-18,18.63666343688965,20.54750061035156,20.690000534057617,20.399999618530277,6504400
2016-03-21,18.72955894470215,20.497499465942383,20.737499237060547,20.395000457763672,4593600
2016-03-22,18.695571899414062,20.38999938964844,20.825000762939453,20.32999992370605,5630800
2016-03-23,18.33529281616211,20.50749969482422,20.552499771118164,20.15749931335449,5944400
2016-03-24,18.308109283447266,19.850000381469727,20.200000762939453,19.770000457763672,5726000
2016-03-28,18.330766677856445,20.334999084472656,20.399999618530277,20.0625,3621600
2016-03-29,18.85191345214844,20.075000762939453,20.809999465942383,19.967500686645508,5518000
2016-03-30,19.098896026611328,21.13249969482422,21.30500030517578,20.924999237060547,5030400
2016-03-31,18.94028091430664,21.00749969482422,21.167499542236328,20.84000015258789,3536400
2016-04-01,19.30735206604004,20.5049991607666,21.38500022888184,20.427499771118164,4876800
2016-04-04,19.13287925720215,21.30500030517578,21.357500076293945,21.002500534057617,3062400
2016-04-05,18.566415786743164,20.6200008392334,20.79750061035156,20.38999938964844,6418400
2016-04-06,19.160070419311523,20.4950008392334,21.167499542236328,20.417499542236328,6882400
2016-04-07,18.47578430175781,20.7549991607666,20.877500534057617,20.1299991607666,8108800
2016-04-08,18.63439178466797,20.802499771118164,20.950000762939453,20.362499237060547,6663600
2016-04-11,18.48710823059082,20.78249931335449,21.01749992370605,20.372499465942383,6125600
2016-04-12,19.019588470458984,20.459999084472656,21.0674991607666,20.3174991607666,6766800
2016-04-13,19.576988220214844,21.299999237060547,21.637500762939453,21.25,6755600
2016-04-14,19.59284782409668,21.649999618530277,21.787500381469727,21.482500076293945,3907200
2016-04-15,19.515810012817383,21.602500915527344,21.63500022888184,21.415000915527344,2482000
2016-04-18,19.92819595336914,21.32250022888184,21.9950008392334,21.290000915527344,4456400
2016-04-19,20.111730575561523,22.137500762939453,22.287500381469727,21.88999938964844,4188800
2016-04-20,20.16157531738281,22.20249938964844,22.512500762939453,22.03249931335449,3657200
2016-04-21,19.84209251403809,22.25,22.299999237060547,21.792499542236328,5027600
2016-04-22,19.851154327392575,21.762500762939453,21.982500076293945,21.5625,4210000
2016-04-25,19.740129470825195,21.665000915527344,21.780000686645508,21.4424991607666,4736400
2016-04-26,19.84889030456543,21.934999465942383,22.05500030517578,21.70249938964844,2966800
2016-04-27,19.941789627075195,21.747499465942383,22.15250015258789,21.600000381469727,4423200
2016-04-28,19.402515411376957,21.732500076293945,22.13500022888184,21.25,7452000
2016-04-29,19.087560653686523,21.170000076293945,21.299999237060547,20.65749931335449,8393600
2016-05-02,19.533939361572266,21.262500762939453,21.6200008392334,21.082500457763672,4671600
2016-05-03,19.03318214416504,21.112499237060547,21.1875,20.71999931335449,5110800
2016-05-04,18.7114315032959,20.59000015258789,20.895000457763672,20.462499618530277,6275600
2016-05-05,18.69104385375977,20.82749938964844,20.927499771118164,20.477500915527344,5004000
2016-05-06,18.89949607849121,20.362499237060547,20.86000061035156,20.295000076293945,5840000
2016-05-09,18.95614242553711,20.8075008392334,21.042499542236328,20.737499237060547,4610400
2016-05-10,19.624570846557617,21.147499084472656,21.674999237060547,21.125,4244800
2016-05-11,19.123815536499023,21.4950008392334,21.627500534057617,21.0674991607666,5992400
2016-05-12,19.105693817138672,21.3075008392334,21.36750030517578,20.717500686645508,5446000
2016-05-13,18.60040855407715,20.957500457763672,21.15749931335449,20.417499542236328,6476800
2016-05-16,19.13967704772949,20.575000762939453,21.295000076293945,20.56999969482422,5204400
2016-05-17,18.641189575195312,21.022499084472656,21.13500022888184,20.350000381469727,6536000
2016-05-18,18.641189575195312,20.38999938964844,20.96500015258789,20.17250061035156,8466400
2016-05-19,18.44405937194824,20.32749938964844,20.4375,19.90749931335449,7958000
2016-05-20,18.763545989990234,20.56999969482422,20.899999618530277,20.540000915527344,4043600
2016-05-23,18.70690155029297,20.71999931335449,20.82250022888184,20.5625,3386000
2016-05-24,19.43197059631348,20.917499542236328,21.545000076293945,20.917499542236328,5690400
2016-05-25,19.801307678222656,21.674999237060547,22.024999618530277,21.670000076293945,5123200
2016-05-26,19.83530044555664,21.9375,22.0,21.774999618530277,2695200
2016-05-27,20.07774353027344,21.94499969482422,22.15749931335449,21.927499771118164,2528400
2016-05-31,19.984844207763672,22.262500762939453,22.309999465942383,21.834999084472656,4244400
2016-06-01,20.093603134155277,21.8075008392334,22.23500061035156,21.739999771118164,3289600
2016-06-02,20.272605895996094,22.030000686645508,22.375,21.84499931335449,3242800
2016-06-03,20.10493469238281,22.170000076293945,22.299999237060547,21.717500686645508,6862000
2016-06-06,20.3972282409668,22.302499771118164,22.637500762939453,22.25,4921600
2016-06-07,20.4856014251709,22.57250022888184,22.81999969482422,22.55500030517578,3073600
2016-06-08,20.68045997619629,22.67250061035156,22.875,22.622499465942383,3115600
2016-06-09,20.607954025268555,22.549999237060547,22.78249931335449,22.45249938964844,3858800
2016-06-10,20.03015899658203,22.19750022888184,22.337499618530277,21.88249969482422,6922800
2016-06-13,19.55206298828125,21.84749984741211,22.177499771118164,21.542499542236328,5588800
2016-06-14,19.42744255065918,21.420000076293945,21.65749931335449,21.092500686645508,6336800
2016-06-15,19.34360694885254,21.434999465942383,21.799999237060547,21.27750015258789,6995200
2016-06-16,19.542993545532227,21.042499542236328,21.600000381469727,20.68000030517578,8201600
2016-06-17,19.30282020568848,21.5,21.5049991607666,21.0674991607666,7283200
2016-06-20,19.65856170654297,22.024999618530277,22.25,21.677499771118164,5210000
2016-06-21,19.837560653686523,21.940000534057617,22.037500381469727,21.684999465942383,3280800
2016-06-22,19.71746826171875,21.94499969482422,22.22249984741211,21.732500076293945,3946400
2016-06-23,20.50372314453125,22.292499542236328,22.63500022888184,22.147499084472656,4851600
2016-06-24,18.28091812133789,20.28499984741211,21.375,20.030000686645508,14501600
2016-06-27,17.281673431396484,19.707500457763672,19.71999931335449,18.832500457763672,13004000
2016-06-28,18.18122291564941,19.655000686645508,20.13249969482422,19.540000915527344,13388400
2016-06-29,19.171396255493164,20.625,21.232500076293945,20.59000015258789,11790400
2016-06-30,19.930458068847656,21.3075008392334,22.040000915527344,21.122499465942383,8538400
2016-07-01,20.04375648498535,21.98500061035156,22.334999084472656,21.975000381469727,5926800
2016-07-05,19.66082191467285,21.850000381469727,21.88249969482422,21.450000762939453,5652400
2016-07-06,19.989368438720703,21.487499237060547,22.107500076293945,21.2549991607666,8422000
2016-07-07,19.93952751159668,22.15250015258789,22.375,21.74250030517578,4572400
2016-07-08,20.852663040161133,22.5,23.087499618530277,22.40999984741211,5956400
2016-07-11,21.07018280029297,23.19499969482422,23.45499992370605,23.102500915527344,7207200
2016-07-12,21.51202392578125,23.625,23.86000061035156,23.524999618530277,3888000
2016-07-13,21.52109146118164,23.90250015258789,23.924999237060547,23.5575008392334,3981200
2016-07-14,21.86550521850586,24.2450008392334,24.315000534057617,23.987499237060547,3817600
2016-07-15,21.772600173950195,24.3700008392334,24.3700008392334,23.857500076293945,3570800
2016-07-18,21.960670471191406,24.075000762939453,24.287500381469727,23.98500061035156,3135600
2016-07-19,21.872297286987305,24.052499771118164,24.162500381469727,23.96500015258789,5678000
2016-07-20,22.16232681274414,24.32749938964844,24.542499542236328,24.165000915527344,2963600
2016-07-21,21.89495658874512,24.397499084472656,24.487499237060547,23.99250030517578,2946000
2016-07-22,22.18951988220215,24.252500534057617,24.512500762939453,24.114999771118164,2502800
2016-07-25,22.01505279541016,24.405000686645508,24.42250061035156,24.06999969482422,4178000
2016-07-26,22.030906677246094,24.25,24.457500457763672,23.99250030517578,3252000
2016-07-27,21.96973419189453,24.46999931335449,24.5,23.9375,4436400
2016-07-28,22.042234420776367,24.190000534057617,24.4424991607666,23.982500076293945,3035200
2016-07-29,22.16232681274414,24.229999542236328,24.582500457763672,24.112499237060547,3334800
2016-08-01,22.071697235107425,24.479999542236328,24.614999771118164,24.19499969482422,3550400
2016-08-02,21.661577224731445,24.26499938964844,24.334999084472656,23.57749938964844,4800800
2016-08-03,21.851911544799805,23.8700008392334,24.1299991607666,23.76749992370605,4232400
2016-08-04,21.91535186767578,24.15999984741211,24.3075008392334,23.9950008392334,3210800
2016-08-05,22.461423873901367,24.457500457763672,24.790000915527344,24.40749931335449,3714000
2016-08-08,22.420635223388672,24.857500076293945,24.89249992370605,24.6299991607666,1892000
2016-08-09,22.454620361328125,24.762500762939453,24.96999931335449,24.655000686645508,2493600
2016-08-10,22.293746948242188,24.82999992370605,24.850000381469727,24.450000762939453,2476000
2016-08-11,22.60417366027832,24.815000534057617,25.030000686645508,24.69499969482422,3703600
2016-08-12,22.531665802001957,24.809999465942383,24.94499969482422,24.707500457763672,3075200
2016-08-15,22.751449584960938,25.002500534057617,25.21500015258789,25.002500534057617,1999600
2016-08-16,22.38891220092773,24.90749931335449,24.934999465942383,24.6924991607666,2612400
2016-08-17,22.490875244140625,24.700000762939453,24.8799991607666,24.364999771118164,5244800
2016-08-18,22.65855026245117,24.802499771118164,25.0,24.76499938964844,1747600
2016-08-19,22.54525756835937,24.799999237060547,24.9424991607666,24.607500076293945,2480800
2016-08-22,22.53619766235352,24.780000686645508,24.95499992370605,24.627500534057617,3160800
2016-08-23,22.65628433227539,25.112499237060547,25.227500915527344,24.99250030517578,2220000
2016-08-24,22.345867156982425,24.96500015258789,24.997499465942383,24.462499618530277,2969200
2016-08-25,22.264293670654297,24.477500915527344,24.739999771118164,24.420000076293945,2613600
2016-08-26,22.13966941833496,24.637500762939453,25.042499542236328,24.082500457763672,7179200
2016-08-29,22.46368789672852,24.49250030517578,24.89249992370605,24.475000381469727,2393600
2016-08-30,22.348133087158203,24.75749969482422,24.862499237060547,24.450000762939453,4769200
2016-08-31,22.16232681274414,24.545000076293945,24.57999992370605,24.149999618530277,4132800
2016-09-01,22.16912269592285,24.45249938964844,24.575000762939453,24.0,4662400
2016-09-02,22.45689010620117,24.770000457763672,24.95249938964844,24.5625,4949600
2016-09-06,22.66987991333008,24.905000686645508,25.024999618530277,24.607500076293945,4488400
2016-09-07,22.665346145629883,24.940000534057617,25.0674991607666,24.7549991607666,3725600
2016-09-08,22.497676849365234,24.864999771118164,24.96999931335449,24.70249938964844,3178400
2016-09-09,20.868526458740234,24.302499771118164,24.309999465942383,23.022499084472656,8130800
2016-09-12,21.779401779174805,22.7549991607666,24.174999237060547,22.709999084472656,8086800
2016-09-13,20.83227157592773,23.53249931335449,23.6200008392334,22.747499465942383,9060400
2016-09-14,20.793746948242188,23.0,23.45499992370605,22.737499237060547,5171600
2016-09-15,21.423662185668945,22.88999938964844,23.78499984741211,22.832500457763672,5882000
2016-09-16,21.16082191467285,23.399999618530277,23.46500015258789,23.09749984741211,4321600
2016-09-19,21.17894744873047,23.6200008392334,23.854999542236328,23.25,6420800
2016-09-20,21.18800926208496,23.69750022888184,23.7549991607666,23.364999771118164,3504800
2016-09-21,21.883634567260746,23.63999938964844,24.227500915527344,23.38249969482422,6676400
2016-09-22,22.296010971069336,24.5625,24.729999542236328,24.459999084472656,4320800
2016-09-23,21.931211471557617,24.45499992370605,24.502500534057617,24.17250061035156,3593200
2016-09-26,21.412330627441406,23.88999938964844,23.94499969482422,23.542499542236328,6629200
2016-09-27,21.802059173583984,23.5575008392334,24.087499618530277,23.412500381469727,3959200
2016-09-28,22.128347396850582,24.147499084472656,24.462499618530277,23.762500762939453,4882800
2016-09-29,21.50522994995117,24.32999992370605,24.477500915527344,23.545000076293945,8038800
2016-09-30,22.01958274841309,24.049999237060547,24.537500381469727,23.962499618530277,5385600
2016-10-03,21.81112098693848,24.104999542236328,24.17250061035156,23.84749984741211,3846000
2016-10-04,21.523357391357425,24.13500022888184,24.22249984741211,23.489999771118164,5207600
2016-10-05,21.772600173950195,23.96500015258789,24.20499992370605,23.9375,3939200
2016-10-06,21.83378028869629,23.94499969482422,24.162500381469727,23.732500076293945,2600800
2016-10-07,21.60946083068848,24.1825008392334,24.252500534057617,23.549999237060547,5418400
2016-10-10,21.922143936157227,24.190000534057617,24.3799991607666,24.137500762939453,4122400
2016-10-11,21.12230110168457,24.037500381469727,24.049999237060547,23.0,8120000
2016-10-12,21.19481658935547,23.332500457763672,23.56999969482422,23.15250015258789,5792800
2016-10-13,20.986351013183597,22.8700008392334,23.332500457763672,22.55500030517578,5972000
2016-10-14,20.99541664123535,23.512500762939453,23.684999465942383,23.145000457763672,5942000
2016-10-17,20.78695297241211,23.15250015258789,23.25,22.857500076293945,4492400
2016-10-18,21.1472282409668,23.52750015258789,23.54750061035156,23.21500015258789,5958000
2016-10-19,21.321701049804688,23.44499969482422,23.649999618530277,23.32250022888184,2146000
2016-10-20,21.208402633666992,23.40250015258789,23.614999771118164,23.149999618530277,4296400
2016-10-21,21.235593795776367,23.102500915527344,23.462499618530277,23.03499984741211,3824800
2016-10-24,21.48710060119629,23.75,23.864999771118164,23.59499931335449,4127200
2016-10-25,21.30583953857422,23.65999984741211,23.752500534057617,23.424999237060547,5372000
2016-10-26,21.165355682373047,23.1825008392334,23.565000534057617,23.07999992370605,4628000
2016-10-27,20.99087905883789,23.627500534057617,23.627500534057617,23.127500534057617,3555600
2016-10-28,20.793746948242188,23.149999618530277,23.395000457763672,22.6825008392334,7927200
2016-10-31,20.773361206054688,23.07749938964844,23.149999618530277,22.88249969482422,3772400
2016-11-01,20.34737777709961,23.04750061035156,23.07749938964844,21.982500076293945,8182000
2016-11-02,19.96444702148437,22.32250022888184,22.46500015258789,21.875,5886400
2016-11-03,19.697078704833984,22.102500915527344,22.190000534057617,21.63500022888184,6000800
2016-11-04,19.613243103027344,21.780000686645508,22.07250022888184,21.61000061035156,4517600
2016-11-07,20.897979736328125,22.5625,23.09499931335449,22.50749969482422,6525200
2016-11-08,21.19027709960937,22.9424991607666,23.612499237060547,22.832500457763672,6892000
2016-11-09,21.870031356811523,22.790000915527344,24.3700008392334,22.790000915527344,10286800
2016-11-10,22.01051139831543,24.46500015258789,24.77750015258789,23.7450008392334,8039600
2016-11-11,21.885889053344727,24.02750015258789,24.227500915527344,23.774999618530277,5265200
2016-11-14,21.919883728027344,24.342500686645508,24.42250061035156,23.897499084472656,4454000
2016-11-15,22.420635223388672,24.34499931335449,24.75,24.262500762939453,5878000
2016-11-16,22.33453369140625,24.524999618530277,24.70499992370605,24.467500686645508,2623600
2016-11-17,22.64495658874512,24.684999465942383,25.01749992370605,24.637500762939453,3218000
2016-11-18,22.490875244140625,25.020000457763672,25.07999992370605,24.7549991607666,2643600
2016-11-21,22.98709297180176,25.0575008392334,25.39249992370605,24.997499465942383,2594400
2016-11-22,23.13890838623047,25.51749992370605,25.604999542236328,25.239999771118164,4909200
2016-11-23,23.181962966918945,25.31999969482422,25.59000015258789,25.239999771118164,2710400
2016-11-25,23.428939819335938,25.712499618530277,25.857500076293945,25.6825008392334,2276000
2016-11-28,23.10492515563965,25.725000381469727,25.825000762939453,25.4424991607666,2604000
2016-11-29,23.220483779907227,25.49250030517578,25.8125,25.36750030517578,2066800
2016-11-30,23.032411575317383,25.887500762939453,25.94750022888184,25.40999984741211,4189600
2016-12-01,22.79676818847656,25.55500030517578,25.5575008392334,25.020000457763672,3791200
2016-12-02,22.82169342041016,25.184999465942383,25.38249969482422,25.049999237060547,2244800
2016-12-05,23.215953826904297,25.53249931335449,25.787500381469727,25.44750022888184,3278800
2016-12-06,23.45159721374512,25.71999931335449,25.899999618530277,25.524999618530277,2393600
2016-12-07,24.36927032470703,25.82250022888184,26.924999237060547,25.77750015258789,3237600
2016-12-08,24.564136505126957,26.897499084472656,27.295000076293945,26.78499984741211,3366800
2016-12-09,25.003711700439453,27.200000762939453,27.587499618530277,27.174999237060547,3374800
2016-12-12,24.91307830810547,27.545000076293945,27.75,27.315000534057617,3563200
2016-12-13,25.38890838623047,27.76000022888184,28.252500534057617,27.76000022888184,4048000
2016-12-14,24.792987823486328,27.90999984741211,28.225000381469727,27.15749931335449,6147200
2016-12-15,25.08754539489746,27.457500457763672,28.03499984741211,27.38500022888184,4765200
2016-12-16,24.94932746887207,27.857500076293945,27.905000686645508,27.38500022888184,4379200
2016-12-19,25.085283279418945,27.61000061035156,27.875,27.53499984741211,2588000
2016-12-20,25.377574920654297,27.9325008392334,28.075000762939453,27.82999992370605,2748000
2016-12-21,25.18724822998047,27.96999931335449,28.022499084472656,27.780000686645508,2390000
2016-12-22,25.053560256958008,27.712499618530277,27.75749969482422,27.46500015258789,3383200
2016-12-23,25.121538162231445,27.63500022888184,27.737499237060547,27.552499771118164,2654000
2016-12-27,25.302806854248047,27.832500457763672,28.102500915527344,27.82749938964844,1785200
2016-12-28,24.71821403503418,28.03249931335449,28.042499542236328,27.20249938964844,2704800
2016-12-29,24.675159454345703,27.27750015258789,27.42250061035156,27.040000915527344,3390800
2016-12-30,24.41459274291992,27.362499237060547,27.38249969482422,26.625,4903600
2017-01-03,24.931201934814453,27.467500686645508,27.7450008392334,27.049999237060547,3557200
2017-01-04,25.373044967651367,27.65250015258789,28.07749938964844,27.65250015258789,3548800
2017-01-05,25.31413459777832,27.90749931335449,28.01749992370605,27.614999771118164,3352000
2017-01-06,25.599632263183597,28.002500534057617,28.4375,27.76499938964844,3386800
2017-01-09,25.357187271118164,28.13249969482422,28.1875,27.94750022888184,1995600
2017-01-10,25.33452415466309,27.975000381469727,28.31999969482422,27.792499542236328,2475600
2017-01-11,25.54525184631348,27.920000076293945,28.184999465942383,27.637500762939453,3181600
2017-01-12,25.361717224121094,27.975000381469727,28.059999465942383,27.39249992370605,3253200
2017-01-13,25.52259063720703,28.052499771118164,28.28499984741211,28.030000686645508,2795600
2017-01-17,25.248424530029297,27.875,28.05500030517578,27.69750022888184,2405600
2017-01-18,25.41156578063965,27.959999084472656,28.049999237060547,27.732500076293945,1934800
2017-01-19,25.139663696289062,28.075000762939453,28.125,27.540000915527344,2534800
2017-01-20,25.38663673400879,28.0049991607666,28.232500076293945,27.774999618530277,3196800
2017-01-23,25.20537567138672,27.8799991607666,28.042499542236328,27.477500915527344,3571600
2017-01-24,25.674400329589844,27.88500022888184,28.5,27.842500686645508,2754000
2017-01-25,26.311113357543945,28.732500076293945,29.065000534057617,28.670000076293945,3774400
2017-01-26,26.24993324279785,29.0,29.112499237060547,28.857500076293945,3257200
2017-01-27,26.14569854736328,28.997499465942383,29.0625,28.75,2080800
2017-01-30,25.67214012145996,28.524999618530277,28.53249931335449,27.86750030517578,4163600
2017-01-31,25.63815116882324,28.07749938964844,28.295000076293945,27.82999992370605,2991200
2017-02-01,25.67214012145996,28.552499771118164,28.667499542236328,28.0625,3903200
2017-02-02,25.690261840820312,28.155000686645508,28.482500076293945,28.00749969482422,2627200
2017-02-03,26.2204704284668,28.73500061035156,29.01000022888184,28.612499237060547,3748400
2017-02-06,26.09811782836914,28.75749969482422,28.92250061035156,28.63999938964844,2288400
2017-02-07,26.09811782836914,28.95499992370605,29.04750061035156,28.69750022888184,2212400
2017-02-08,26.184221267700195,28.65250015258789,28.940000534057617,28.549999237060547,1586400
2017-02-09,26.64645767211914,29.012500762939453,29.53249931335449,28.9950008392334,2447600
2017-02-10,26.95461082458496,29.559999465942383,29.842500686645508,29.522499084472656,2306800
2017-02-13,27.382856369018555,29.977500915527344,30.34000015258789,29.96500015258789,2523200
2017-02-14,27.738601684570312,30.155000686645508,30.604999542236328,29.989999771118164,2172000
2017-02-15,28.14645195007324,30.5,31.149999618530277,30.475000381469727,2554800
2017-02-16,28.09433937072754,31.0674991607666,31.155000686645508,30.649999618530277,3195600
2017-02-17,28.19403648376465,30.674999237060547,31.107500076293945,30.667499542236328,2228400
2017-02-21,28.68572425842285,31.29750061035156,31.747499465942383,31.28499984741211,2732000
2017-02-22,28.642675399780277,31.487499237060547,31.690000534057617,31.412500381469727,2665600
2017-02-23,28.69252586364746,31.850000381469727,31.850000381469727,31.302499771118164,3489200
2017-02-24,28.810346603393555,31.232500076293945,31.787500381469727,31.227500915527344,2390800
2017-02-27,28.916841506958008,31.73500061035156,31.97249984741211,31.602500915527344,3122400
2017-02-28,28.681190490722656,31.732500076293945,31.832500457763672,31.4375,2719600
2017-03-01,29.870773315429688,32.415000915527344,33.189998626708984,32.412498474121094,3872000
2017-03-02,29.340557098388672,32.88249969482422,32.88750076293945,32.32500076293945,3061600
2017-03-03,29.38587951660156,32.3125,32.47999954223633,32.127498626708984,3098400
2017-03-06,29.11170959472656,32.02000045776367,32.275001525878906,31.82999992370605,2941600
2017-03-07,28.864730834960938,31.96999931335449,32.130001068115234,31.725000381469727,3066800
2017-03-08,28.69705009460449,31.957500457763672,32.06999969482422,31.575000762939453,4086000
2017-03-09,28.774093627929688,31.690000534057617,31.905000686645508,31.3075008392334,3416000
2017-03-10,29.052797317504883,32.20750045776367,32.217498779296875,31.65250015258789,3942400
2017-03-13,29.10264015197754,32.05500030517578,32.13750076293945,31.899999618530277,1491200
2017-03-14,28.76502990722656,31.864999771118164,31.877500534057617,31.46500015258789,3264400
2017-03-15,29.48557472229004,32.025001525878906,32.75749969482422,31.90999984741211,4504800
2017-03-16,29.365488052368164,32.654998779296875,32.66999816894531,32.224998474121094,5068000
2017-03-17,29.195545196533203,32.51750183105469,32.58000183105469,32.212501525878906,2408400
2017-03-20,29.082252502441406,32.185001373291016,32.32500076293945,31.915000915527344,2757600
2017-03-21,27.987842559814453,32.375,32.432498931884766,30.799999237060547,6515200
2017-03-22,28.141923904418945,30.875,31.190000534057617,30.584999084472656,3771200
2017-03-23,28.06035041809082,30.962499618530277,31.477500915527344,30.799999237060547,3348000
2017-03-24,28.01729965209961,31.112499237060547,31.352500915527344,30.542499542236328,4364000
2017-03-27,27.89720916748047,30.114999771118164,30.90999984741211,30.0,3237600
2017-03-28,28.488601684570312,30.655000686645508,31.637500762939453,30.6200008392334,2798800
2017-03-29,28.606420516967773,31.334999084472656,31.649999618530277,31.217500686645508,2466800
2017-03-30,28.833005905151367,31.512500762939453,31.93000030517578,31.4424991607666,2553600
2017-03-31,28.629077911376957,31.667499542236328,31.905000686645508,31.57999992370605,2183200
2017-04-03,28.515792846679688,31.649999618530277,31.712499618530277,30.864999771118164,4154400
2017-04-04,28.56110191345215,31.28499984741211,31.524999618530277,31.127500534057617,4488400
2017-04-05,28.25974464416504,31.792499542236328,32.255001068115234,31.122499465942383,4515200
2017-04-06,28.49992561340332,31.26749992370605,31.69499969482422,31.092500686645508,1854400
2017-04-07,28.42288589477539,31.334999084472656,31.674999237060547,31.14249992370605,1834000
2017-04-10,28.45687866210937,31.415000915527344,31.774999618530277,31.174999237060547,2067600
2017-04-11,28.37077140808105,31.232500076293945,31.332500457763672,30.61750030517578,2908800
2017-04-12,28.010499954223636,31.17250061035156,31.252500534057617,30.78249931335449,2782800
2017-04-13,27.46442985534668,30.725000381469727,31.052499771118164,30.29750061035156,4100400
2017-04-17,28.157777786254883,30.51749992370605,31.07250022888184,30.42250061035156,2580400
2017-04-18,27.90854263305664,30.75749969482422,31.037500381469727,30.482500076293945,3318800
2017-04-19,27.758995056152344,31.049999237060547,31.207500457763672,30.524999618530277,2571600
2017-04-20,28.411556243896484,30.8799991607666,31.55500030517578,30.752500534057617,2454400
2017-04-21,28.1351261138916,31.30500030517578,31.32749938964844,30.8700008392334,2192000
2017-04-24,29.03919982910156,32.087501525878906,32.162498474121094,31.852500915527344,2588400
2017-04-25,29.553546905517575,32.372501373291016,32.782501220703125,32.32500076293945,2329600
2017-04-26,29.53088760375977,32.61750030517578,33.025001525878906,32.54499816894531,2221600
2017-04-27,29.601137161254883,32.717498779296875,32.779998779296875,32.3849983215332,2266400
2017-04-28,29.4017391204834,32.779998779296875,32.779998779296875,32.3650016784668,2041200
2017-05-01,29.573944091796875,32.630001068115234,32.86000061035156,32.459999084472656,1042100
2017-05-02,29.63738822937012,32.75,32.779998779296875,32.5,1100100
2017-05-03,29.492382049560547,32.47999954223633,32.65999984741211,32.25,2750700
2017-05-04,29.592071533203125,32.709999084472656,32.720001220703125,32.279998779296875,1366700
2017-05-05,29.945537567138672,32.849998474121094,33.040000915527344,32.63999938964844,1258800
2017-05-08,29.95460700988769,33.08000183105469,33.130001068115234,32.83000183105469,1425200
2017-05-09,29.88210105895996,33.18000030517578,33.25,32.77000045776367,1749800
2017-05-10,30.00898742675781,32.91999816894531,33.11000061035156,32.81999969482422,699300
2017-05-11,29.845842361450195,32.90999984741211,32.97999954223633,32.400001525878906,1253200
2017-05-12,29.69176483154297,32.779998779296875,32.83000183105469,32.599998474121094,723000
2017-05-15,30.10867691040039,32.91999816894531,33.31999969482422,32.90999984741211,1409300
2017-05-16,30.05430221557617,33.40999984741211,33.41999816894531,32.9900016784668,1256900
2017-05-17,28.495397567749023,32.33000183105469,32.56999969482422,31.3799991607666,3034600
2017-05-18,28.78542709350586,31.32999992370605,32.16999816894531,31.26000022888184,2075500
2017-05-19,29.32923126220703,32.0099983215332,32.689998626708984,31.979999542236328,1548900
2017-05-22,29.79146385192871,32.61000061035156,32.95000076293945,32.59000015258789,1140900
2017-05-23,29.98179244995117,33.040000915527344,33.16999816894531,32.880001068115234,1872200
2017-05-24,30.181188583374023,33.209999084472656,33.369998931884766,33.060001373291016,943600
2017-05-25,30.607179641723636,33.59000015258789,33.939998626708984,33.470001220703125,1614300
2017-05-26,30.63436317443848,33.7400016784668,33.84000015258789,33.66999816894531,885800
2017-05-30,30.543724060058597,33.630001068115234,33.79999923706055,33.540000915527344,559000
2017-05-31,30.49840545654297,33.849998474121094,33.849998474121094,33.31999969482422,1158800
2017-06-01,31.20535469055176,33.86000061035156,34.439998626708984,33.7400016784668,1564700
2017-06-02,31.486328125,34.4900016784668,34.849998474121094,34.33000183105469,1792800
2017-06-05,31.413818359375,34.70000076293945,34.83000183105469,34.619998931884766,1483000
2017-06-06,31.14190673828125,34.38999938964844,34.68000030517578,34.33000183105469,1006500
2017-06-07,31.32317924499512,34.529998779296875,34.65999984741211,34.20000076293945,1038200
2017-06-08,31.35944175720215,34.59000015258789,34.84000015258789,34.349998474121094,1572500
2017-06-09,31.223482131958008,34.7400016784668,35.119998931884766,33.81999969482422,2365200
2017-06-12,31.178171157836918,34.29999923706055,34.439998626708984,33.9900016784668,1793200
2017-06-13,31.62227439880371,34.68000030517578,34.939998626708984,34.5099983215332,1570000
2017-06-14,31.522581100463867,35.04999923706055,35.04999923706055,34.369998931884766,2799100
2017-06-15,31.332239151000977,34.099998474121094,34.630001068115234,33.97999954223633,1533600
2017-06-16,31.314115524291992,34.65999984741211,34.65999984741211,34.15999984741211,1435300
2017-06-19,32.08451461791992,34.970001220703125,35.45000076293945,34.93000030517578,1888500
2017-06-20,31.49539566040039,35.22999954223633,35.2599983215332,34.709999084472656,1043400
2017-06-21,31.450075149536133,34.86000061035156,34.95000076293945,34.47999954223633,781000
2017-06-22,31.3775577545166,34.70000076293945,34.93000030517578,34.56999969482422,501600
2017-06-23,31.522581100463867,34.68000030517578,34.90999984741211,34.47999954223633,1366800
2017-06-26,31.531648635864254,35.09000015258789,35.290000915527344,34.70000076293945,1472200
2017-06-27,30.824695587158203,34.65999984741211,34.84000015258789,33.970001220703125,3221500
2017-06-28,31.586021423339844,34.45000076293945,34.959999084472656,34.34000015258789,1764400
2017-06-29,30.77937889099121,34.939998626708984,34.970001220703125,33.369998931884766,3030800
2017-06-30,30.933460235595703,34.34000015258789,34.52000045776367,34.040000915527344,1723200
2017-07-03,31.06940460205078,34.599998474121094,34.79999923706055,34.279998779296875,1307200
2017-07-05,31.277862548828125,34.47999954223633,34.630001068115234,34.08000183105469,943700
2017-07-06,30.46214866638184,34.13999938964844,34.20000076293945,33.5,1423300
2017-07-07,30.99690818786621,33.86000061035156,34.29999923706055,33.779998779296875,1102600
2017-07-10,31.087535858154297,34.15999984741211,34.5099983215332,34.06999969482422,820900
2017-07-11,31.042213439941406,34.22999954223633,34.38999938964844,33.66999816894531,1443500
2017-07-12,31.731033325195312,34.720001220703125,35.099998474121094,34.720001220703125,1679900
2017-07-13,31.885107040405277,35.029998779296875,35.2400016784668,34.90999984741211,993200
2017-07-14,32.28390121459961,35.18000030517578,35.83000183105469,35.099998474121094,1940100
2017-07-17,32.28390121459961,35.630001068115234,35.810001373291016,35.56999969482422,754000
2017-07-18,32.338287353515625,35.45000076293945,35.720001220703125,35.27000045776367,1209900
2017-07-19,32.86396408081055,35.84000015258789,36.27000045776367,35.84000015258789,1065800
2017-07-20,32.89115905761719,36.41999816894531,36.459999084472656,36.02999877929688,987400
2017-07-21,32.82770919799805,36.040000915527344,36.220001220703125,35.900001525878906,1022200
2017-07-24,32.78238677978516,36.18999862670898,36.25,35.95000076293945,846500
2017-07-25,33.027103424072266,36.560001373291016,36.61000061035156,36.33000183105469,1273400
2017-07-26,33.027103424072266,36.59999847412109,36.61000061035156,36.310001373291016,1375800
2017-07-27,32.936466217041016,36.66999816894531,36.68000030517578,35.68000030517578,1551200
2017-07-28,32.80052185058594,36.06999969482422,36.2599983215332,35.849998474121094,1001900
2017-07-31,32.74614334106445,36.400001525878906,36.43999862670898,36.02999877929688,1037600
2017-08-01,32.94552993774414,36.45000076293945,36.45000076293945,36.15999984741211,887400
2017-08-02,32.99085235595703,36.43999862670898,36.47999954223633,35.95000076293945,1110300
2017-08-03,32.82770919799805,36.380001068115234,36.380001068115234,36.06999969482422,743500
2017-08-04,32.981788635253906,36.43000030517578,36.540000915527344,36.18999862670898,991100
2017-08-07,33.126808166503906,36.40999984741211,36.58000183105469,36.34999847412109,558400
2017-08-08,32.92741775512695,36.41999816894531,37.040000915527344,36.11000061035156,1060500
2017-08-09,32.8820915222168,35.959999084472656,36.31999969482422,35.77000045776367,1500700
2017-08-10,31.522581100463867,35.869998931884766,35.939998626708984,34.7400016784668,3793900
2017-08-11,31.62227439880371,34.88999938964844,35.20000076293945,34.75,2538200
2017-08-14,32.54673767089844,35.54999923706055,36.04999923706055,35.529998779296875,2081100
2017-08-15,32.54673767089844,36.09999847412109,36.130001068115234,35.77000045776367,948700
2017-08-16,32.70988082885742,36.15999984741211,36.369998931884766,35.88999938964844,1277800
2017-08-17,31.178171157836918,35.77000045776367,35.939998626708984,34.400001525878906,3538900
2017-08-18,31.024089813232425,34.33000183105469,34.849998474121094,34.0099983215332,2157700
2017-08-21,31.114727020263672,34.209999084472656,34.43000030517578,33.86000061035156,1750600
2017-08-22,32.030128479003906,34.59000015258789,35.45000076293945,34.58000183105469,1859500
2017-08-23,31.71290397644043,34.88999938964844,35.20000076293945,34.81999969482422,1340600
2017-08-24,31.477251052856445,35.18000030517578,35.25,34.630001068115234,3856300
2017-08-25,31.667591094970703,35.119998931884766,35.40999984741211,34.88999938964844,1189000
2017-08-28,31.71290397644043,35.209999084472656,35.22999954223633,34.77000045776367,913100
2017-08-29,31.776344299316406,34.31999969482422,35.20000076293945,34.27000045776367,1381500
2017-08-30,32.26578140258789,35.06999969482422,35.709999084472656,34.97999954223633,1707200
2017-08-31,32.8095817565918,35.900001525878906,36.34000015258789,35.84000015258789,2357000
2017-09-01,32.981788635253906,36.400001525878906,36.56999969482422,36.27000045776367,2154200
2017-09-05,32.26578140258789,36.09999847412109,36.20000076293945,35.06999969482422,2677300
2017-09-06,32.55580520629883,35.90999984741211,36.09000015258789,35.630001068115234,2617900
2017-09-07,32.56486892700195,36.09000015258789,36.09999847412109,35.709999084472656,2012400
2017-09-08,32.4107780456543,35.7400016784668,35.9900016784668,35.650001525878906,1071500
2017-09-11,33.42589569091797,36.38999938964844,36.93999862670898,36.38999938964844,1122100
2017-09-12,33.77936553955078,37.08000183105469,37.290000915527344,36.97999954223633,1108100
2017-09-13,33.842803955078125,37.11000061035156,37.34999847412109,37.08000183105469,654000
2017-09-14,33.80655670166016,37.150001525878906,37.380001068115234,37.060001373291016,630400
2017-09-15,33.915313720703125,37.209999084472656,37.459999084472656,37.150001525878906,721700
2017-09-18,34.114723205566406,37.61000061035156,37.83000183105469,37.45000076293945,835100
2017-09-19,34.214412689208984,37.77000045776367,37.810001373291016,37.59000015258789,386600
2017-09-20,34.286922454833984,37.810001373291016,37.86000061035156,37.27000045776367,933900
2017-09-21,33.99689102172852,37.72999954223633,37.75,37.40999984741211,767900
2017-09-22,33.99689102172852,37.31999969482422,37.59000015258789,37.310001373291016,591400
2017-09-25,33.80655670166016,37.34999847412109,37.54999923706055,36.88999938964844,1759700
2017-09-26,33.85187149047852,37.47999954223633,37.61000061035156,37.220001220703125,1117100
2017-09-27,34.205352783203125,37.68999862670898,37.959999084472656,37.25,1751700
2017-09-28,34.33224868774414,37.61000061035156,37.91999816894531,37.58000183105469,931100
2017-09-29,34.649452209472656,37.84999847412109,38.29999923706055,37.790000915527344,987400
2017-10-02,35.12981033325195,38.38999938964844,38.7599983215332,38.34999847412109,1159800
2017-10-03,35.365474700927734,38.84000015258789,39.02000045776367,38.72999954223633,616500
2017-10-04,35.46515655517578,38.95000076293945,39.27999877929688,38.88999938964844,1407400
2017-10-05,36.09053802490234,39.31999969482422,39.84000015258789,39.2599983215332,1349100
2017-10-06,35.97272109985352,39.59999847412109,39.72999954223633,39.459999084472656,1158900
2017-10-09,35.81864547729492,39.79999923706055,39.84999847412109,39.36000061035156,961100
2017-10-10,36.07241821289063,39.790000915527344,40.0099983215332,39.52000045776367,1020000
2017-10-11,36.244606018066406,39.75,40.0,39.68000030517578,1247900
2017-10-12,36.07241821289063,39.810001373291016,40.0,39.66999816894531,1105900
2017-10-13,36.19023132324219,40.02000045776367,40.09000015258789,39.84000015258789,1724200
2017-10-16,36.32619857788086,40.060001373291016,40.18999862670898,39.880001068115234,1329900
2017-10-17,36.39868927001953,40.060001373291016,40.18999862670898,39.95000076293945,999900
2017-10-18,36.48933410644531,40.369998931884766,40.38999938964844,40.18000030517578,894700
2017-10-19,36.54370880126953,39.869998931884766,40.31999969482422,39.630001068115234,1729700
2017-10-20,37.051265716552734,40.72999954223633,40.90999984741211,40.59000015258789,1932000
2017-10-23,36.67058563232422,41.06999969482422,41.06999969482422,40.38999938964844,1741100
2017-10-24,36.84281539916992,40.65999984741211,40.77000045776367,40.459999084472656,1370500
2017-10-25,36.3171272277832,40.470001220703125,40.52000045776367,39.41999816894531,3105300
2017-10-26,36.43494415283203,40.36000061035156,40.52000045776367,40.15999984741211,1953000
2017-10-27,37.29597091674805,40.61000061035156,41.2400016784668,40.43999862670898,1782700
2017-10-30,36.91530990600586,40.61000061035156,41.09999847412109,40.540000915527344,1209800
2017-10-31,37.04220581054688,40.91999816894531,41.02000045776367,40.72999954223633,1028600
2017-11-01,37.22346878051758,41.31999969482422,41.5,40.84999847412109,1333500
2017-11-02,37.25066757202149,41.02000045776367,41.150001525878906,40.41999816894531,1400900
2017-11-03,37.576934814453125,41.18000030517578,41.5,40.93000030517578,1464600
2017-11-06,37.73100662231445,41.400001525878906,41.72999954223633,41.36000061035156,1080100
2017-11-07,37.70382690429688,41.7400016784668,41.900001525878906,41.29999923706055,1336700
2017-11-08,37.89415740966797,41.45000076293945,41.83000183105469,41.34000015258789,942900
2017-11-09,37.46818542480469,41.13999938964844,41.43000030517578,40.45000076293945,2350100
2017-11-10,37.39566802978516,41.11000061035156,41.31999969482422,40.91999816894531,1739200
2017-11-13,37.49537658691406,40.880001068115234,41.5,40.869998931884766,1050900
2017-11-14,37.25066757202149,40.93000030517578,41.150001525878906,40.5,1422400
2017-11-15,36.67058563232422,40.54999923706055,40.81999969482422,40.08000183105469,1777700
2017-11-16,37.576934814453125,40.970001220703125,41.68000030517578,40.95000076293945,2046300
2017-11-17,37.27785110473633,41.27999877929688,41.38999938964844,41.06999969482422,1323700
2017-11-20,37.41380310058594,41.220001220703125,41.40999984741211,41.09999847412109,910200
2017-11-21,38.15699768066406,41.7400016784668,42.209999084472656,41.68999862670898,1278100
2017-11-22,38.07542419433594,42.13999938964844,42.18999862670898,41.90999984741211,847600
2017-11-24,38.29294967651367,42.27000045776367,42.33000183105469,42.18000030517578,607400
2017-11-27,38.25669479370117,42.27000045776367,42.459999084472656,42.09000015258789,1201000
2017-11-28,39.39869689941406,42.459999084472656,43.5,42.41999816894531,1407300
2017-11-29,39.32617568969727,43.58000183105469,43.86000061035156,43.150001525878906,2649400
2017-11-30,40.314090728759766,43.91999816894531,45.040000915527344,43.880001068115234,3116000
2017-12-01,40.10563659667969,44.43000030517578,44.66999816894531,42.40999984741211,4092700
2017-12-04,39.96061325073242,45.18999862670898,45.43000030517578,44.08000183105469,2755000
2017-12-05,39.516510009765625,44.18999862670898,44.59000015258789,43.52000045776367,2137500
2017-12-06,39.5074462890625,43.400001525878906,43.86000061035156,43.36000061035156,1445600
2017-12-07,39.88810348510742,43.540000915527344,44.20000076293945,43.47999954223633,1269700
2017-12-08,40.54067611694336,44.5,44.75,44.34000015258789,1424900
2017-12-11,40.91228866577149,44.7599983215332,45.16999816894531,44.72999954223633,1095200
2017-12-12,41.13887023925781,45.29999923706055,45.650001525878906,45.150001525878906,1530100
2017-12-13,41.09565353393555,43.91999816894531,44.150001525878906,43.70000076293945,6500900
2017-12-14,40.59768295288086,43.93000030517578,43.959999084472656,43.15999984741211,1298200
2017-12-15,41.5936164855957,43.7599983215332,44.52000045776367,43.720001220703125,2130200
2017-12-18,42.411014556884766,45.04999923706055,45.29999923706055,44.9900016784668,1631000
2017-12-19,41.93531799316406,45.16999816894531,45.16999816894531,44.459999084472656,3155000
2017-12-20,41.84113311767578,45.0,45.04999923706055,44.2400016784668,1792000
2017-12-21,42.05777740478516,44.720001220703125,45.060001373291016,44.52000045776367,2038400
2017-12-22,42.01066970825195,44.650001525878906,44.65999984741211,44.29999923706055,1343600
2017-12-26,41.85995864868164,44.40999984741211,44.540000915527344,44.29999923706055,805800
2017-12-27,41.93531799316406,44.52999877929688,44.709999084472656,44.36000061035156,1119500
2017-12-28,42.14255142211914,44.7400016784668,44.790000915527344,44.54999923706055,2214100
2017-12-29,41.7563591003418,45.040000915527344,45.040000915527344,44.119998931884766,2493300
2018-01-02,42.56642532348633,44.72999954223633,45.18999862670898,44.5,1826300
2018-01-03,43.31997299194336,45.27000045776367,46.09000015258789,45.25,2150800
2018-01-04,43.866310119628906,46.380001068115234,46.869998931884766,46.31999969482422,2632000
2018-01-05,44.69521713256836,47.02999877929688,47.560001373291016,46.7400016784668,1928900
2018-01-08,44.968379974365234,47.41999816894531,47.81999969482422,47.25,1992500
2018-01-09,45.27922058105469,48.0,48.41999816894531,47.83000183105469,1604800
2018-01-10,45.01548385620117,47.61000061035156,47.97999954223633,47.209999084472656,2428300
2018-01-11,46.03277587890625,48.16999816894531,48.869998931884766,48.060001373291016,1926400
2018-01-12,46.92762756347656,49.040000915527344,49.91999816894531,48.95000076293945,2582100
2018-01-16,46.42839431762695,50.59000015258789,50.9900016784668,48.84999847412109,5166500
2018-01-17,47.71886444091797,49.84000015258789,50.90999984741211,49.400001525878906,2519300
2018-01-18,47.53046417236328,50.59999847412109,50.880001068115234,50.130001068115234,2063900
2018-01-19,48.12389755249024,50.77999877929688,51.09000015258789,50.41999816894531,2115700
2018-01-22,49.31074142456055,50.93000030517578,52.34999847412109,50.93000030517578,2418800
2018-01-23,49.64042663574219,52.400001525878906,52.880001068115234,52.20000076293945,2437700
2018-01-24,49.56507110595703,53.09999847412109,53.47999954223633,51.88999938964844,3648000
2018-01-25,49.631004333496094,53.18999862670898,53.2400016784668,52.220001220703125,3116800
2018-01-26,51.31707763671875,53.18999862670898,54.4900016784668,53.040000915527344,2219800
2018-01-29,50.30919647216797,54.13999938964844,54.400001525878906,53.29999923706055,3100200
2018-01-30,48.7078971862793,52.16999816894531,52.59999847412109,51.40999984741211,5671000
2018-01-31,48.830352783203125,52.310001373291016,52.59999847412109,51.13999938964844,4027500
2018-02-01,48.63254928588867,51.290000915527344,52.459999084472656,51.15999984741211,4293000
2018-02-02,45.46761322021485,50.75,50.86000061035156,48.220001220703125,7028200
2018-02-05,39.88188934326172,47.09999847412109,48.400001525878906,41.81999969482422,13353200
2018-02-06,42.09545516967773,40.2599983215332,44.95000076293945,39.75,13332300
2018-02-07,41.37016677856445,44.369998931884766,46.25,43.90999984741211,9536600
2018-02-08,36.77347946166992,44.06999969482422,44.16999816894531,38.970001220703125,13277100
2018-02-09,38.45956039428711,40.459999084472656,41.68000030517578,36.81999969482422,15481900
2018-02-12,39.96665573120117,41.79999923706055,43.25,40.880001068115234,9384500
2018-02-13,40.32461166381836,41.790000915527344,43.09999847412109,41.52000045776367,6607500
2018-02-14,41.93531799316406,42.02999877929688,44.70000076293945,42.0,7033200
2018-02-15,43.50836563110352,45.4900016784668,46.18999862670898,44.09999847412109,7578600
2018-02-16,43.51779174804688,45.83000183105469,47.380001068115234,45.81999969482422,7867600
2018-02-20,42.73597717285156,45.68999862670898,46.5,44.90999984741211,6606200
2018-02-21,42.029518127441406,45.59999847412109,47.02000045776367,44.619998931884766,8045400
2018-02-22,42.23674392700195,45.220001220703125,46.13999938964844,44.470001220703125,7927800
2018-02-23,44.25250625610352,45.56999969482422,46.97999954223633,45.27000045776367,5206600
2018-02-26,45.79729461669922,47.59999847412109,48.68999862670898,47.29999923706055,5547900
2018-02-27,44.06411743164063,48.720001220703125,49.16999816894531,46.77999877929688,6994400
2018-02-28,42.60410690307617,47.45000076293945,47.720001220703125,45.209999084472656,7746500
2018-03-01,40.86149597167969,45.27999877929688,46.11000061035156,42.52000045776367,10796400
2018-03-02,41.50203704833984,42.43000030517578,44.33000183105469,41.93999862670898,8644000
2018-03-05,42.88668441772461,43.36000061035156,45.86000061035156,43.290000915527344,8260300
2018-03-06,43.22578048706055,46.09999847412109,46.11000061035156,45.040000915527344,5180900
2018-03-07,43.19752502441406,44.630001068115234,46.04999923706055,44.52999877929688,7490100
2018-03-08,43.80978775024414,46.220001220703125,46.56999969482422,45.650001525878906,4788600
2018-03-09,46.05162048339844,47.310001373291016,48.91999816894531,47.11000061035156,5875100
2018-03-12,45.8914909362793,49.09999847412109,49.459999084472656,48.5,4652600
2018-03-13,44.97780227661133,49.40999984741211,49.720001220703125,47.400001525878906,7375300
2018-03-14,44.29019165039063,48.31999969482422,48.41999816894531,46.68999862670898,4263700
2018-03-15,44.13005447387695,47.34000015258789,47.70000076293945,46.56999969482422,4193700
2018-03-16,44.233665466308594,47.11000061035156,47.59999847412109,46.959999084472656,4315400
2018-03-19,42.43455505371094,46.5,46.52999877929688,44.09999847412109,6423900
2018-03-20,42.64179229736328,45.25,45.630001068115234,44.900001525878906,3142600
2018-03-21,42.425140380859375,45.25,46.43999862670898,44.88999938964844,4552800
2018-03-22,39.269622802734375,43.72999954223633,44.25,41.4900016784668,10022300
2018-03-23,36.66986846923828,41.91999816894531,42.04999923706055,38.86000061035156,10342200
2018-03-26,39.74059295654297,40.83000183105469,42.31999969482422,39.58000183105469,9041700
2018-03-27,37.602386474609375,42.65999984741211,42.93999862670898,39.150001525878906,7820200
2018-03-28,37.33863830566406,40.060001373291016,40.91999816894531,39.02000045776367,9961400
2018-03-29,38.89284896850586,40.22999954223633,42.09000015258789,39.81999969482422,7663100
2018-04-02,36.1894760131836,40.84999847412109,41.119998931884766,37.119998931884766,12107000
2018-04-03,37.61180114746094,39.09999847412109,40.15999984741211,38.11000061035156,9172500
2018-04-04,38.82691955566406,38.06999969482422,41.52000045776367,37.9900016784668,10015100
2018-04-05,39.65581512451172,42.08000183105469,42.59000015258789,41.4900016784668,6809900
2018-04-06,37.05606460571289,41.060001373291016,41.84999847412109,38.5,10687400
2018-04-09,37.47993087768555,40.09999847412109,41.61000061035156,39.63999938964844,6741700
2018-04-10,39.36381912231445,41.380001068115234,42.18999862670898,40.790000915527344,7414000
2018-04-11,38.68562698364258,40.9900016784668,42.02000045776367,40.93999862670898,6605700
2018-04-12,39.66523742675781,41.79999923706055,42.59999847412109,41.70000076293945,6027000
2018-04-13,39.30730438232422,42.77999877929688,42.869998931884766,41.15999984741211,6007900
2018-04-16,40.24924087524414,42.58000183105469,43.150001525878906,42.13999938964844,3747100
2018-04-17,41.53029251098633,43.68999862670898,44.40999984741211,43.380001068115234,4018900
2018-04-18,41.60564041137695,44.38999938964844,44.63999938964844,43.93999862670898,3330000
2018-04-19,40.92744445800781,43.79999923706055,43.93999862670898,42.88999938964844,4214600
2018-04-20,39.863037109375,43.43000030517578,43.52000045776367,41.84999847412109,5689900
2018-04-23,39.83479690551758,42.630001068115234,42.93999862670898,41.720001220703125,3243300
2018-04-24,38.28057861328125,42.86000061035156,42.970001220703125,39.77999877929688,8778800
2018-04-25,38.49722671508789,40.59000015258789,41.13999938964844,39.61000061035156,4856000
2018-04-26,39.65581512451172,41.43999862670898,42.540000915527344,41.20000076293945,5523000
2018-04-27,39.7500114440918,42.41999816894531,42.59999847412109,41.720001220703125,4741100
2018-04-30,38.82691955566406,42.52000045776367,42.84999847412109,41.209999084472656,5237100
2018-05-01,39.03413009643555,40.9900016784668,41.5,40.130001068115234,5157500
2018-05-02,38.20521926879883,41.34000015258789,41.77000045776367,40.38999938964844,5284600
2018-05-03,37.96031951904297,40.11000061035156,40.65999984741211,38.70000076293945,9825200
2018-05-04,39.42033004760742,39.79999923706055,42.209999084472656,39.63999938964844,5889100
2018-05-07,39.7971076965332,42.290000915527344,42.79999923706055,41.90999984741211,4272200
2018-05-08,39.80653381347656,42.09999847412109,42.47999954223633,41.459999084472656,3465300
2018-05-09,40.94628143310547,42.650001525878906,43.65999984741211,42.34999847412109,4047700
2018-05-10,42.12371444702149,43.90999984741211,44.88999938964844,43.84000015258789,4701900
2018-05-11,42.35920715332031,44.75,45.2599983215332,44.47999954223633,2738500
2018-05-14,42.49106979370117,45.34999847412109,45.709999084472656,44.869998931884766,2527400
2018-05-15,41.6433219909668,44.470001220703125,44.47999954223633,43.7400016784668,6682400
2018-05-16,42.18965148925781,44.22999954223633,45.02000045776367,44.22999954223633,5268900
2018-05-17,42.05777740478516,44.630001068115234,45.25,44.209999084472656,4154800
2018-05-18,41.73752212524414,44.45000076293945,44.630001068115234,44.09999847412109,1706400
2018-05-21,42.65119552612305,45.119998931884766,45.59999847412109,44.93000030517578,3499200
2018-05-22,42.29326248168945,45.59999847412109,45.7400016784668,44.72999954223633,2422200
2018-05-23,42.65119552612305,44.18999862670898,45.310001373291016,44.09999847412109,3009600
2018-05-24,42.40629196166992,45.060001373291016,45.20000076293945,44.0,3219500
2018-05-25,42.05777740478516,44.68000030517578,45.0099983215332,44.369998931884766,1971600
2018-05-29,40.64485931396485,43.7599983215332,44.18000030517578,42.4900016784668,5521900
2018-05-30,42.21790313720703,43.81999969482422,45.040000915527344,43.7599983215332,3855100
2018-05-31,41.35131454467773,44.59999847412109,44.7599983215332,43.650001525878906,4017000
2018-06-01,42.64179229736328,44.720001220703125,45.40999984741211,44.650001525878906,4400200
2018-06-04,43.24463272094727,45.709999084472656,46.02999877929688,45.58000183105469,2689200
2018-06-05,43.33882141113281,45.93999862670898,46.18999862670898,45.52000045776367,2540000
2018-06-06,44.43146896362305,46.33000183105469,47.16999816894531,45.970001220703125,3249400
2018-06-07,44.35611343383789,47.43000030517578,47.58000183105469,46.58000183105469,2745700
2018-06-08,44.73289108276367,46.83000183105469,47.52999877929688,46.72999954223633,2116100
2018-06-11,44.93070983886719,47.619998931884766,48.11000061035156,47.560001373291016,2045600
2018-06-12,45.14735412597656,47.93999862670898,48.08000183105469,47.5,2306600
2018-06-13,44.6292839050293,48.02999877929688,48.15999984741211,47.310001373291016,2617100
2018-06-14,44.97780227661133,47.90999984741211,48.060001373291016,47.41999816894531,2214800
2018-06-15,44.79883193969727,47.33000183105469,47.7400016784668,46.63999938964844,2351900
2018-06-18,44.48799514770508,46.70000076293945,47.31999969482422,46.41999816894531,2556700
2018-06-19,43.992374420166016,45.93999862670898,46.81999969482422,45.68999862670898,3410900
2018-06-20,44.24678039550781,47.060001373291016,47.29999923706055,46.7400016784668,2782900
2018-06-21,43.38935089111328,46.93000030517578,46.93000030517578,45.7599983215332,3239100
2018-06-22,43.57780838012695,46.7400016784668,46.77999877929688,46.150001525878906,1835900
2018-06-25,41.83469009399414,45.59999847412109,45.68000030517578,43.43000030517578,7442900
2018-06-26,42.07024765014648,44.68999862670898,45.130001068115234,44.2599983215332,2959600
2018-06-27,41.00553512573242,44.959999084472656,45.7599983215332,43.470001220703125,4772500
2018-06-28,41.77815246582031,43.470001220703125,44.70000076293945,43.11000061035156,3977500
2018-06-29,41.96659469604492,44.880001068115234,45.61000061035156,44.400001525878906,3857900
2018-07-02,42.08907699584961,43.58000183105469,44.79999923706055,43.45000076293945,4088400
2018-07-03,41.617977142333984,45.209999084472656,45.25,44.0,1803400
2018-07-05,42.64501190185547,44.84999847412109,45.34000015258789,44.25,2870400
2018-07-06,43.69086456298828,45.29999923706055,46.619998931884766,45.06999969482422,4119900
2018-07-09,44.92517852783203,47.0,47.68999862670898,46.97999954223633,3152200
2018-07-10,45.35860443115234,47.93000030517578,48.2400016784668,47.7599983215332,2952400
2018-07-11,44.44464492797852,47.25,47.72999954223633,46.93000030517578,3519500
2018-07-12,45.56589126586914,47.83000183105469,48.41999816894531,47.5,3730300
2018-07-13,45.65069580078125,48.290000915527344,48.66999816894531,48.0099983215332,2323400
2018-07-16,45.55647277832031,48.52000045776367,48.58000183105469,48.09000015258789,1436200
2018-07-17,46.10296249389648,47.900001525878906,49.15999984741211,47.880001068115234,3225300
2018-07-18,46.37621307373047,48.97999954223633,49.290000915527344,48.709999084472656,2005400
2018-07-19,45.829715728759766,48.810001373291016,49.040000915527344,48.380001068115234,2648300
2018-07-20,45.70722579956055,48.540000915527344,48.88999938964844,48.38999938964844,2139000
2018-07-23,45.95220184326172,48.34999847412109,48.86000061035156,48.15999984741211,1643600
2018-07-24,46.55522537231445,49.52000045776367,49.959999084472656,48.95000076293945,3432200
2018-07-25,47.846073150634766,49.33000183105469,50.90999984741211,49.31999969482422,3646000
2018-07-26,47.42207717895508,50.29999923706055,50.77999877929688,50.220001220703125,2383900
2018-07-27,46.47985458374024,50.58000183105469,50.58000183105469,48.7599983215332,3060200
2018-07-30,45.6789665222168,49.34999847412109,49.43999862670898,48.209999084472656,2313900
2018-07-31,46.34794235229492,49.02000045776367,49.59999847412109,48.7400016784668,2551100
2018-08-01,46.19718933105469,49.310001373291016,49.650001525878906,48.630001068115234,2450800
2018-08-02,46.85674285888672,48.209999084472656,49.869998931884766,48.06999969482422,2931700
2018-08-03,47.49745178222656,49.869998931884766,50.41999816894531,49.7400016784668,1928300
2018-08-06,48.01567459106445,50.369998931884766,51.130001068115234,50.18999862670898,2344700
2018-08-07,48.46793746948242,51.34999847412109,51.66999816894531,51.2599983215332,2416900
2018-08-08,48.41141128540039,51.34000015258789,51.619998931884766,51.09999847412109,1851800
2018-08-09,48.20411682128906,51.41999816894531,51.63999938964844,51.06999969482422,1871400
2018-08-10,47.205360412597656,50.25,50.58000183105469,49.68000030517578,2915300
2018-08-13,46.658878326416016,50.2400016784668,50.630001068115234,49.34999847412109,3362100
2018-08-14,47.53514099121094,49.97999954223633,50.61000061035156,49.7400016784668,2305700
2018-08-15,46.50811767578125,49.66999816894531,49.720001220703125,48.47999954223633,4301800
2018-08-16,47.5916748046875,50.15999984741211,51.02999877929688,50.15999984741211,3019000
2018-08-17,48.0533561706543,50.33000183105469,51.29999923706055,50.13999938964844,3372100
2018-08-20,48.373722076416016,51.29999923706055,51.5099983215332,51.040000915527344,2516800
2018-08-21,48.67522811889648,51.68000030517578,52.22999954223633,51.59000015258789,2456300
2018-08-22,48.628116607666016,51.43999862670898,51.90999984741211,51.290000915527344,2035400
2018-08-23,48.40199279785156,51.5,52.0,51.18999862670898,2146900
2018-08-24,49.23114776611328,51.7400016784668,52.369998931884766,51.68999862670898,2470200
2018-08-27,50.39006805419922,53.0,53.59000015258789,52.93999862670898,3019000
2018-08-28,50.53141021728516,53.84000015258789,53.880001068115234,53.31999969482422,2224800
2018-08-29,51.30402755737305,53.72999954223633,54.61000061035156,53.58000183105469,2130000
2018-08-30,50.64447021484375,54.13999938964844,54.380001068115234,53.41999816894531,2677900
2018-08-31,50.64447021484375,53.5099983215332,54.04999923706055,53.18999862670898,2799300
2018-09-04,50.408912658691406,53.5099983215332,53.68999862670898,52.84999847412109,2390200
2018-09-05,50.02260971069336,53.25,53.36000061035156,52.400001525878906,2584500
2018-09-06,49.560916900634766,53.09999847412109,53.27000045776367,51.90999984741211,2514500
2018-09-07,49.17461013793945,51.86000061035156,52.810001373291016,51.72999954223633,2650600
2018-09-10,49.45727157592773,52.83000183105469,52.9900016784668,52.369998931884766,1730500
2018-09-11,49.98492050170898,52.09000015258789,53.27999877929688,51.86000061035156,1957000
2018-09-12,50.00376892089844,52.9900016784668,53.400001525878906,52.560001373291016,2661100
2018-09-13,50.823509216308594,53.68999862670898,54.08000183105469,53.52000045776367,1817700
2018-09-14,50.84234237670898,54.09999847412109,54.18999862670898,53.4900016784668,1873600
2018-09-17,50.02260971069336,53.900001525878906,53.95000076293945,52.91999816894531,1709500
2018-09-18,50.80465316772461,53.209999084472656,54.290000915527344,53.20000076293945,1700500
2018-09-19,50.99309921264648,53.970001220703125,54.369998931884766,53.880001068115234,1218800
2018-09-20,52.1802978515625,54.900001525878906,55.61000061035156,54.84000015258789,2039700
2018-09-21,52.057804107666016,55.88999938964844,55.95000076293945,55.130001068115234,2134900
2018-09-24,51.567848205566406,54.86000061035156,54.959999084472656,54.31999969482422,2156000
2018-09-25,51.37335205078125,54.86000061035156,54.91999816894531,54.27000045776367,1670000
2018-09-26,50.89181137084961,54.5,55.2400016784668,53.66999816894531,1894500
2018-09-27,51.30725860595703,54.209999084472656,55.040000915527344,54.040000915527344,1622200
2018-09-28,51.28837966918945,53.959999084472656,54.65999984741211,53.93000030517578,1493000
2018-10-01,51.82656097412109,55.15999984741211,55.59000015258789,54.5,1943400
2018-10-02,51.741580963134766,54.79999923706055,55.27000045776367,54.58000183105469,1228300
2018-10-03,51.85488510131836,55.459999084472656,55.75,54.68000030517578,1638500
2018-10-04,50.61800003051758,54.58000183105469,54.61000061035156,52.61000061035156,4263400
2018-10-05,49.84376525878906,53.72999954223633,54.02999877929688,51.79999923706055,4200900
2018-10-08,49.72101974487305,52.29999923706055,52.900001525878906,51.400001525878906,3714700
2018-10-09,49.53218078613281,52.45000076293945,53.22999954223633,52.09999847412109,3446900
2018-10-10,44.83955764770508,52.09000015258789,52.11000061035156,47.22999954223633,9485400
2018-10-11,41.79927444458008,46.869998931884766,47.7400016784668,43.38999938964844,14318800
2018-10-12,43.59323501586914,46.61000061035156,46.70000076293945,44.369998931884766,8069400
2018-10-15,42.81899642944336,45.869998931884766,46.650001525878906,45.290000915527344,4841800
2018-10-16,45.52880859375,46.38999938964844,48.540000915527344,46.16999816894531,5154900
2018-10-17,45.5854606628418,48.31999969482422,48.65999984741211,46.81999969482422,5035100
2018-10-18,43.66876220703125,47.77999877929688,48.11000061035156,45.459999084472656,6828500
2018-10-19,43.48937225341797,46.59999847412109,47.63999938964844,45.709999084472656,6193400
2018-10-22,42.9795036315918,46.5099983215332,46.65999984741211,45.16999816894531,4825900
2018-10-23,42.24303436279297,43.41999816894531,45.38999938964844,42.29999923706055,7697800
2018-10-24,38.4190673828125,44.650001525878906,44.84999847412109,40.41999816894531,9348200
2018-10-25,40.52461242675781,41.59999847412109,43.68000030517578,41.09999847412109,6732000
2018-10-26,38.29632186889648,40.869998931884766,42.22999954223633,39.13999938964844,10652300
2018-10-29,37.64484405517578,42.15999984741211,42.810001373291016,38.06999969482422,8851100
2018-10-30,39.3915901184082,39.84000015258789,41.83000183105469,39.58000183105469,6286900
2018-10-31,40.60958862304688,43.0099983215332,44.18999862670898,42.7599983215332,6174000
2018-11-01,41.91256713867188,43.459999084472656,44.459999084472656,42.869998931884766,4317600
2018-11-02,41.0533561706543,44.93000030517578,45.16999816894531,42.41999816894531,6079700
2018-11-05,41.77095031738281,43.77999877929688,44.52999877929688,43.27999877929688,2801900
2018-11-06,42.56406021118164,44.209999084472656,45.16999816894531,44.16999816894531,2298000
2018-11-07,45.21723556518555,46.29999923706055,48.0,46.060001373291016,4159300
2018-11-08,45.00007629394531,47.540000915527344,48.06999969482422,47.02999877929688,2813900
2018-11-09,43.74430465698242,46.95000076293945,47.040000915527344,45.47999954223633,4498600
2018-11-12,41.20442962646485,45.9900016784668,46.11000061035156,43.38999938964844,5285200
2018-11-13,40.977821350097656,43.900001525878906,44.97999954223633,43.0099983215332,4814300
2018-11-14,40.14693832397461,44.43000030517578,44.619998931884766,41.68999862670898,5201200
2018-11-15,41.42158889770508,41.86000061035156,44.09999847412109,41.02000045776367,6201800
2018-11-16,41.65765380859375,43.25,44.650001525878906,42.93999862670898,4776100
2018-11-19,39.73149490356445,43.83000183105469,43.959999084472656,41.43000030517578,5329900
2018-11-20,37.41823196411133,40.16999816894531,40.93000030517578,39.13999938964844,7919500
2018-11-21,37.77702331542969,40.380001068115234,40.90999984741211,39.97999954223633,3872800
2018-11-23,37.0122299194336,39.09999847412109,39.86000061035156,39.06999969482422,1819200
2018-11-26,38.71176528930664,40.29999923706055,41.040000915527344,40.060001373291016,3589000
2018-11-27,39.089447021484375,40.52000045776367,41.40999984741211,40.18999862670898,3522500
2018-11-28,41.79927444458008,41.97999954223633,44.27000045776367,41.47999954223633,5697300
2018-11-29,41.51601028442383,43.869998931884766,44.7599983215332,43.2599983215332,4628200
2018-11-30,42.35634231567383,43.88999938964844,45.09000015258789,43.72999954223633,4103300
2018-12-03,43.90481185913086,47.04999923706055,47.11000061035156,45.68000030517578,6058500
2018-12-04,39.75037384033203,46.06999969482422,46.310001373291016,41.83000183105469,7951500
2018-12-06,39.52376556396485,40.0,41.869998931884766,38.36000061035156,9950000
2018-12-07,36.71952438354492,41.619998931884766,42.45000076293945,38.43999862670898,9520200
2018-12-10,36.898921966552734,38.790000915527344,39.560001373291016,36.66999816894531,8545900
2018-12-11,36.90835952758789,40.65999984741211,40.7599983215332,38.369998931884766,7198200
2018-12-12,37.47488021850586,40.54999923706055,41.22999954223633,39.63999938964844,6801600
2018-12-13,37.39934539794922,40.13999938964844,40.59000015258789,39.09000015258789,5364800
2018-12-14,35.35045623779297,38.5099983215332,39.0,37.150001525878906,6949600
2018-12-17,33.30156707763672,36.93999862670898,37.47999954223633,34.43000030517578,9401900
2018-12-18,33.141048431396484,35.97999954223633,36.27000045776367,34.36000061035156,7564200
2018-12-19,31.507598876953125,35.130001068115234,36.79999923706055,32.689998626708984,11983300
2018-12-20,30.100757598876957,32.93000030517578,33.599998474121094,30.84000015258789,13724900
2018-12-21,28.24070930480957,32.16999816894531,33.36000061035156,29.600000381469727,12712400
2018-12-24,26.00298118591309,29.229999542236328,29.709999084472656,27.479999542236328,7749400
2018-12-26,29.77029609680176,28.07999992370605,31.59000015258789,27.270000457763672,13894400
2018-12-27,30.604799270629883,30.07999992370605,32.209999084472656,28.65999984741211,14909600
2018-12-28,30.42420768737793,32.7400016784668,33.43000030517578,31.5,13116100
2018-12-31,31.27011489868164,32.66999816894531,32.91999816894531,31.8799991607666,9072100
2019-01-02,31.298629760742188,31.31999969482422,33.31999969482422,31.26000022888184,10629200
2019-01-03,28.97951316833496,32.16999816894531,32.27000045776367,30.34000015258789,10652700
2019-01-04,31.906925201416016,31.799999237060547,33.86000061035156,31.63999938964844,13208800
2019-01-07,32.67679977416992,33.75,35.02000045776367,33.31999969482422,7787400
2019-01-08,33.56072998046875,35.38999938964844,35.58000183105469,34.2400016784668,7245700
2019-01-09,34.054962158203125,35.68000030517578,36.2400016784668,35.13999938964844,7309500
2019-01-10,34.43514633178711,35.150001525878906,36.33000183105469,34.83000183105469,5935800
2019-01-11,34.444664001464844,35.70000076293945,36.2400016784668,35.43000030517578,5612300
2019-01-14,33.81734848022461,35.369998931884766,35.970001220703125,35.16999816894531,3991500
2019-01-15,34.98642349243164,35.77000045776367,36.95000076293945,35.77000045776367,6128400
2019-01-16,35.186012268066406,37.0099983215332,37.47999954223633,36.900001525878906,5783700
2019-01-17,36.03191757202149,36.63999938964844,38.310001373291016,36.630001068115234,5419400
2019-01-18,37.40058135986328,38.77999877929688,39.61000061035156,38.369998931884766,7009700
2019-01-22,35.93687057495117,38.63999938964844,38.72999954223633,37.0,7651500
2019-01-23,36.07944488525391,38.29999923706055,38.59999847412109,36.83000183105469,7529400
2019-01-24,36.17448806762695,37.93000030517578,38.34000015258789,37.43000030517578,6140600
2019-01-25,37.16297149658203,38.90999984741211,39.400001525878906,38.72999954223633,6643200
2019-01-28,36.25053405761719,37.970001220703125,38.13999938964844,37.2599983215332,5606700
2019-01-29,36.060428619384766,38.18000030517578,38.43999862670898,37.560001373291016,4434800
2019-01-30,37.77125930786133,38.66999816894531,40.150001525878906,38.31999969482422,7311100
2019-01-31,38.778751373291016,39.720001220703125,41.0099983215332,39.59999847412109,8228200
2019-02-01,38.80726623535156,40.869998931884766,41.34999847412109,40.43999862670898,5232200
2019-02-04,39.62466049194336,40.880001068115234,41.720001220703125,40.52000045776367,3941400
2019-02-05,40.11889266967773,41.93000030517578,42.36000061035156,41.650001525878906,5332000
2019-02-06,39.966827392578125,42.06999969482422,42.29999923706055,41.650001525878906,3422300
2019-02-07,38.797760009765625,41.20000076293945,41.459999084472656,39.97999954223633,7435000
2019-02-08,38.91181182861328,40.15999984741211,40.9900016784668,39.75,4921000
2019-02-11,38.997352600097656,41.27999877929688,41.40999984741211,40.75,4301800
2019-02-12,40.49908828735352,41.83000183105469,42.77999877929688,41.77999877929688,4793900
2019-02-13,40.85075378417969,43.02000045776367,43.45000076293945,42.810001373291016,5265700
2019-02-14,40.57511901855469,42.41999816894531,43.29999923706055,42.0,6092300
2019-02-15,41.88676071166992,43.59999847412109,44.08000183105469,43.4900016784668,5479200
2019-02-19,42.10536193847656,43.65999984741211,44.63999938964844,43.63999938964844,3781800
2019-02-20,42.352481842041016,44.27999877929688,44.77999877929688,44.0099983215332,4334600
2019-02-21,41.88676071166992,44.22999954223633,44.400001525878906,43.54999923706055,4584300
2019-02-22,42.68513870239258,44.40999984741211,44.97999954223633,44.2599983215332,6849300
2019-02-25,42.846710205078125,45.630001068115234,45.90999984741211,45.0,5170800
2019-02-26,42.7421760559082,44.84000015258789,45.41999816894531,44.75,3184700
2019-02-27,42.647117614746094,44.56999969482422,45.06999969482422,44.060001373291016,3532500
2019-02-28,42.37147903442383,44.75,44.97999954223633,44.45000076293945,3285400
2019-03-01,43.19838333129883,45.45000076293945,45.65999984741211,44.68999862670898,4277000
2019-03-04,42.66613006591797,46.0,46.119998931884766,43.68999862670898,7861700
2019-03-05,42.5235595703125,44.9900016784668,45.09999847412109,44.43999862670898,3892000
2019-03-06,41.70616912841797,44.79999923706055,44.79999923706055,43.7599983215332,4328000
2019-03-07,40.69867706298828,43.650001525878906,43.720001220703125,42.36000061035156,6250700
2019-03-08,40.42304229736328,41.790000915527344,42.59999847412109,41.560001373291016,6224800
2019-03-11,42.20040130615234,42.880001068115234,44.45000076293945,42.869998931884766,3862500
2019-03-12,42.647117614746094,44.650001525878906,45.13999938964844,44.56999969482422,3725800
2019-03-13,43.4930305480957,45.34999847412109,46.25,45.2599983215332,4906400
2019-03-14,43.38848876953125,45.77000045776367,45.97999954223633,45.40999984741211,4317000
2019-03-15,44.0347900390625,45.95000076293945,46.75,45.84999847412109,5508800
2019-03-18,44.46249008178711,46.45000076293945,46.970001220703125,46.31999969482422,4443100
2019-03-19,44.53853225708008,47.400001525878906,47.810001373291016,46.34000015258789,5591700
2019-03-20,44.09182357788086,46.720001220703125,47.380001068115234,45.79999923706055,7504000
2019-03-21,45.5460090637207,45.93000030517578,48.16999816894531,45.90999984741211,7996700
2019-03-22,42.94176483154297,47.15999984741211,47.470001220703125,45.15999984741211,10391500
2019-03-25,42.78968811035156,45.0,45.619998931884766,44.380001068115234,8812400
2019-03-26,43.749656677246094,46.0099983215332,46.58000183105469,45.31999969482422,7547000
2019-03-27,43.09382629394531,46.08000183105469,46.369998931884766,44.5,7767600
2019-03-28,43.59757232666016,45.65999984741211,46.09000015258789,45.040000915527344,5779200
2019-03-29,44.44348907470703,46.66999816894531,46.86000061035156,46.04999923706055,6036900
2019-04-01,45.9642219543457,47.790000915527344,48.4900016784668,47.63999938964844,4310000
2019-04-02,46.0117416381836,48.45000076293945,48.52000045776367,47.93999862670898,2783500
2019-04-03,46.23986053466797,49.09000015258789,49.29999923706055,48.27999877929688,4911200
2019-04-04,46.582008361816406,48.79999923706055,49.13999938964844,48.400001525878906,4480600
2019-04-05,47.19981002807617,49.38999938964844,49.709999084472656,49.209999084472656,3994800
2019-04-08,47.34239196777344,49.43000030517578,49.84999847412109,49.04999923706055,3444100
2019-04-09,46.582008361816406,49.22999954223633,49.41999816894531,48.709999084472656,5590900
2019-04-10,47.0572509765625,49.2599983215332,49.560001373291016,49.0099983215332,3316400
2019-04-11,47.01923370361328,49.790000915527344,49.790000915527344,49.150001525878906,3253000
2019-04-12,47.950679779052734,50.369998931884766,50.59999847412109,49.97999954223633,3344100
2019-04-15,47.85563659667969,50.4900016784668,50.52999877929688,49.880001068115234,2784500
2019-04-16,47.931678771972656,50.84999847412109,50.869998931884766,50.09999847412109,2918000
2019-04-17,47.551490783691406,51.08000183105469,51.08000183105469,49.81999969482422,3806100
2019-04-18,47.80812072753906,50.369998931884766,50.45000076293945,49.59000015258789,3242500
2019-04-22,47.89365768432617,49.880001068115234,50.5099983215332,49.810001373291016,1769000
2019-04-23,49.186283111572266,50.63999938964844,51.900001525878906,50.5099983215332,3681500
2019-04-24,48.92966079711914,51.720001220703125,51.91999816894531,51.34999847412109,2358500
2019-04-25,48.79658889770508,51.369998931884766,51.68999862670898,50.630001068115234,2976200
2019-04-26,49.44289779663086,51.34999847412109,52.040000915527344,50.869998931884766,3122800
2019-04-29,49.61398315429688,52.060001373291016,52.560001373291016,52.0099983215332,2178500
2019-04-30,49.70903396606445,52.02999877929688,52.470001220703125,51.20000076293945,3347400
2019-05-01,48.61600875854492,52.709999084472656,52.810001373291016,51.13999938964844,5549000
2019-05-02,48.2833366394043,51.02999877929688,51.59999847412109,49.93000030517578,6457000
2019-05-03,49.66150665283203,51.61000061035156,52.40999984741211,51.5,3004400
2019-05-06,49.081729888916016,49.709999084472656,51.86000061035156,49.540000915527344,4728700
2019-05-07,46.62955093383789,50.209999084472656,50.54999923706055,47.90999984741211,8582200
2019-05-08,46.410945892333984,48.79999923706055,49.77999877929688,48.470001220703125,6251000
2019-05-09,46.04975891113281,47.619998931884766,48.68000030517578,46.63999938964844,7327200
2019-05-10,46.54400253295898,47.84999847412109,49.470001220703125,46.119998931884766,7709500
2019-05-13,43.11283493041992,46.13999938964844,46.68000030517578,44.88999938964844,11209900
2019-05-14,44.20587158203125,45.90999984741211,47.400001525878906,45.81999969482422,5962100
2019-05-15,44.98524856567383,45.68999862670898,47.720001220703125,45.54999923706055,5612500
2019-05-16,46.21134185791016,47.7400016784668,49.43000030517578,47.72999954223633,4826100
2019-05-17,45.36544418334961,47.38999938964844,49.11000061035156,47.369998931884766,6038200
2019-05-20,44.42448425292969,46.81999969482422,47.4900016784668,46.34999847412109,4861700
2019-05-21,45.61255645751953,47.70000076293945,48.22999954223633,47.54999923706055,2976300
2019-05-22,45.21335220336914,47.470001220703125,48.09000015258789,47.33000183105469,3591700
2019-05-23,43.61658477783203,46.34999847412109,46.36000061035156,45.040000915527344,7805400
2019-05-24,43.778167724609375,46.59000015258789,46.790000915527344,45.75,3730800
2019-05-28,42.5805892944336,46.25,46.75,44.79999923706055,3667800
2019-05-29,41.70616912841797,44.18999862670898,44.40999984741211,43.150001525878906,6781400
2019-05-30,42.057838439941406,44.27999877929688,44.720001220703125,43.65999984741211,4629500
2019-05-31,40.41354370117188,42.880001068115234,43.310001373291016,42.43000030517578,5222400
2019-06-03,40.01434326171875,42.45000076293945,43.02999877929688,41.41999816894531,7024900
2019-06-04,42.609107971191406,43.27999877929688,44.90999984741211,43.04999923706055,5976800
2019-06-05,43.71162796020508,45.720001220703125,46.02999877929688,44.72999954223633,4596300
2019-06-06,44.567039489746094,46.18000030517578,47.2599983215332,45.810001373291016,4726000
2019-06-07,45.869178771972656,47.43999862670898,48.880001068115234,47.34999847412109,5322800
2019-06-10,46.48697280883789,49.150001525878906,49.880001068115234,48.880001068115234,5061300
2019-06-11,46.458457946777344,49.959999084472656,50.18000030517578,48.52000045776367,3699300
2019-06-12,46.220848083496094,48.75,49.06999969482422,48.34999847412109,3016000
2019-06-13,46.80063247680664,49.150001525878906,49.41999816894531,48.75,3005200
2019-06-14,46.582008361816406,49.02999877929688,49.36000061035156,48.59999847412109,2055700
2019-06-17,46.67707061767578,49.15999984741211,49.5,48.97999954223633,1840300
2019-06-18,48.03622817993164,50.11000061035156,51.209999084472656,49.900001525878906,4199100
2019-06-19,48.46393203735352,50.70000076293945,51.27000045776367,50.130001068115234,3775100
2019-06-20,49.81359100341797,52.52999877929688,52.630001068115234,51.2599983215332,4128600
2019-06-21,49.57596969604492,52.18000030517578,52.95000076293945,52.02000045776367,3595200
2019-06-24,49.38588333129883,52.25,52.45000076293945,51.880001068115234,2137900
2019-06-25,47.89762496948242,51.68000030517578,51.70000076293945,50.04999923706055,3304200
2019-06-26,47.79248046875,50.650001525878906,50.93000030517578,49.90999984741211,3243800
2019-06-27,48.24172592163086,50.400001525878906,50.77000045776367,50.20000076293945,2230400
2019-06-28,49.08287048339844,51.040000915527344,51.540000915527344,50.75,2845800
2019-07-01,50.23945236206055,53.18999862670898,53.310001373291016,51.95000076293945,4302600
2019-07-02,50.6982650756836,52.59999847412109,53.060001373291016,52.09999847412109,2114100
2019-07-03,51.83572006225586,53.41999816894531,54.27000045776367,53.34000015258789,1488400
2019-07-05,51.6063232421875,53.52999877929688,54.15999984741211,52.75,3417500
2019-07-08,50.87986755371094,53.27000045776367,53.470001220703125,52.84999847412109,2254400
2019-07-09,51.02324295043945,52.47999954223633,53.540000915527344,52.45000076293945,2006500
2019-07-10,51.75926208496094,54.0099983215332,54.68999862670898,53.68999862670898,4260700
2019-07-11,52.06512069702149,54.52999877929688,54.65999984741211,53.900001525878906,3822300
2019-07-12,52.72466278076172,54.77000045776367,55.220001220703125,54.58000183105469,2427200
2019-07-15,52.79157257080078,55.459999084472656,55.459999084472656,54.95000076293945,1810500
2019-07-16,52.22761917114258,55.18999862670898,55.290000915527344,54.5099983215332,2263300
2019-07-17,51.24309921264648,54.70000076293945,54.77000045776367,53.58000183105469,2837000
2019-07-18,51.77836227416992,53.2599983215332,54.36000061035156,52.9900016784668,2714000
2019-07-19,50.83207702636719,54.79999923706055,54.79999923706055,53.09999847412109,2998600
2019-07-22,51.21442413330078,53.43999862670898,53.900001525878906,53.130001068115234,2538200
2019-07-23,52.31364822387695,54.25,54.72999954223633,53.77000045776367,2622700
2019-07-24,53.04966354370117,54.27999877929688,55.5,54.22999954223633,2461600
2019-07-25,52.24673461914063,55.25,55.25,54.20000076293945,3708900
2019-07-26,53.27906036376953,55.09000015258789,55.869998931884766,55.02000045776367,1860800
2019-07-29,53.011417388916016,55.68000030517578,55.70000076293945,55.11000061035156,1802800
2019-07-30,52.66730499267578,54.61000061035156,55.27999877929688,54.369998931884766,2480100
2019-07-31,50.84164047241211,55.20000076293945,55.290000915527344,51.970001220703125,5429500
2019-08-01,49.53212738037109,53.31999969482422,55.060001373291016,51.36000061035156,8602200
2019-08-02,48.43289566040039,51.290000915527344,51.38999938964844,49.72999954223633,6836200
2019-08-05,44.09333038330078,48.27999877929688,48.33000183105469,45.0,9030500
2019-08-06,45.88078308105469,47.09999847412109,48.09999847412109,46.27999877929688,5088700
2019-08-07,45.96680450439453,46.27999877929688,48.47999954223633,45.11000061035156,8132300
2019-08-08,48.59538269042969,48.88999938964844,50.84000015258789,48.560001373291016,5007300
2019-08-09,47.53439331054688,50.29999923706055,50.63999938964844,48.790000915527344,6514200
2019-08-12,45.84254455566406,48.90999984741211,49.22999954223633,47.43000030517578,4710700
2019-08-13,47.993202209472656,47.77999877929688,50.97999954223633,47.59000015258789,6105100
2019-08-14,43.71099853515625,47.880001068115234,48.2400016784668,45.68999862670898,10357600
2019-08-15,44.06465148925781,46.220001220703125,46.56999969482422,45.0099983215332,7187300
2019-08-16,45.95724868774414,46.97999954223633,48.34000015258789,46.93999862670898,4071900
2019-08-19,47.610870361328125,49.79999923706055,50.220001220703125,49.400001525878906,4107600
2019-08-20,46.53075408935547,49.58000183105469,49.84999847412109,48.630001068115234,3963100
2019-08-21,47.67777633666992,49.88999938964844,50.09999847412109,49.5099983215332,3273600
2019-08-22,47.57262420654297,50.27000045776367,50.63999938964844,48.810001373291016,3734400
2019-08-23,43.94995880126953,49.06999969482422,50.0,45.27999877929688,7886000
2019-08-26,45.37417602539063,47.13999938964844,47.470001220703125,46.31999969482422,4513000
2019-08-27,44.82934188842773,48.2400016784668,48.41999816894531,46.5,3888400
2019-08-28,45.77563095092773,46.52000045776367,47.97999954223633,46.119998931884766,2704800
2019-08-29,47.486602783203125,49.33000183105469,49.9900016784668,48.7400016784668,3399200
2019-08-30,47.44837188720703,50.5099983215332,50.52999877929688,49.09999847412109,2942400
2019-09-03,46.62633514404297,48.65999984741211,49.18000030517578,47.9900016784668,2787100
2019-09-04,48.13656997680664,49.959999084472656,50.40999984741211,49.52999877929688,2422600
2019-09-05,50.010040283203125,51.79999923706055,52.86000061035156,51.7400016784668,3338800
2019-09-06,50.12475204467773,52.52999877929688,52.810001373291016,52.119998931884766,2455200
2019-09-09,50.14386749267578,53.02999877929688,53.04999923706055,51.959999084472656,2289300
2019-09-10,50.20121383666992,52.08000183105469,52.52000045776367,51.369998931884766,2827900
2019-09-11,51.25264739990234,52.650001525878906,53.630001068115234,52.27999877929688,2772900
2019-09-12,51.711456298828125,54.09999847412109,54.75,53.68000030517578,3661300
2019-09-13,51.57764434814453,54.369998931884766,54.56999969482422,53.7599983215332,2551400
2019-09-16,51.1379508972168,53.290000915527344,53.7400016784668,53.09000015258789,2274700
2019-09-17,51.47249984741211,53.34000015258789,53.93000030517578,53.2599983215332,2205800
2019-09-18,51.58720397949219,53.650001525878906,54.040000915527344,52.43999862670898,4182300
2019-09-19,51.56808853149414,54.18999862670898,54.77999877929688,53.7599983215332,3345100
2019-09-20,50.717376708984375,54.27999877929688,54.43999862670898,52.7400016784668,3989100
2019-09-23,50.79383850097656,52.75,53.52000045776367,52.619998931884766,2208800
2019-09-24,49.54168319702149,53.7599983215332,53.97999954223633,51.27999877929688,5967700
2019-09-25,50.44974136352539,51.900001525878906,53.02999877929688,51.04999923706055,3930900
2019-09-26,50.08652114868164,52.7599983215332,52.880001068115234,51.61000061035156,3742100
2019-09-27,49.2453727722168,52.84999847412109,52.88999938964844,50.66999816894531,4937100
2019-09-30,50.00049591064453,51.84000015258789,52.66999816894531,51.81999969482422,3086200
2019-10-01,48.16525650024414,52.77000045776367,53.15999984741211,50.27999877929688,6224400
2019-10-02,45.67048645019531,49.47999954223633,49.5,47.0099983215332,8157500
2019-10-03,46.70280456542969,47.59999847412109,48.869998931884766,46.119998931884766,7194000
2019-10-04,48.576271057128906,49.27000045776367,50.959999084472656,49.209999084472656,5317500
2019-10-07,47.92628860473633,50.40999984741211,51.29999923706055,50.0099983215332,4386700
2019-10-08,45.76607894897461,49.119998931884766,49.52999877929688,47.83000183105469,6422500
2019-10-09,46.96088790893555,48.95000076293945,49.70000076293945,48.59999847412109,4471100
2019-10-10,47.993202209472656,49.119998931884766,50.650001525878906,49.02999877929688,4924000
2019-10-11,49.44609832763672,51.70000076293945,52.959999084472656,51.63999938964844,6739500
2019-10-14,49.31227111816406,51.5099983215332,51.900001525878906,51.34000015258789,2638300
2019-10-15,50.746055603027344,52.11000061035156,53.4900016784668,52.060001373291016,3128800
2019-10-16,50.47841644287109,52.79999923706055,53.18999862670898,52.52999877929688,2972300
2019-10-17,50.84164047241211,53.45000076293945,53.7400016784668,52.84000015258789,3360000
2019-10-18,50.18209838867188,52.93000030517578,53.27000045776367,51.97999954223633,2717600
2019-10-21,51.27177047729492,53.31999969482422,53.68000030517578,53.02999877929688,2479500
2019-10-22,50.68869018554688,53.93000030517578,54.040000915527344,52.97999954223633,3491900
2019-10-23,51.166622161865234,52.90999984741211,53.540000915527344,52.77000045776367,2880100
2019-10-24,51.357791900634766,54.02999877929688,54.130001068115234,53.27000045776367,3816300
2019-10-25,52.05556869506836,53.380001068115234,54.70000076293945,53.380001068115234,3881000
2019-10-28,52.88715744018555,55.09999847412109,55.59000015258789,55.09999847412109,3545200
2019-10-29,52.8011360168457,55.150001525878906,55.77999877929688,55.060001373291016,3364000
2019-10-30,53.27906036376953,55.380001068115234,55.95000076293945,54.56999969482422,3092500
2019-10-31,52.8011360168457,55.72999954223633,55.72999954223633,54.41999816894531,3960700
2019-11-01,54.29225540161133,56.130001068115234,56.79999923706055,56.02000045776367,3668700
2019-11-04,54.91355514526367,57.77000045776367,57.83000183105469,57.25,2765400
2019-11-05,54.73194885253906,57.650001525878906,57.77999877929688,57.09999847412109,2370800
2019-11-06,54.7988510131836,57.290000915527344,57.5,56.75,2527600
2019-11-07,55.391483306884766,58.150001525878906,58.630001068115234,57.61000061035156,3925400
2019-11-08,55.71648025512695,57.70000076293945,58.31999969482422,57.25,1814800
2019-11-11,55.40103912353516,57.459999084472656,58.09000015258789,57.36000061035156,1823700
2019-11-12,55.71648025512695,58.20000076293945,58.900001525878906,57.86000061035156,2829400
2019-11-13,55.79293441772461,57.68999862670898,58.63999938964844,57.56999969482422,3553300
2019-11-14,56.05102157592773,58.22999954223633,58.68999862670898,57.810001373291016,2674500
2019-11-15,57.25539016723633,59.43999862670898,59.900001525878906,59.02999877929688,2334300
2019-11-18,57.30318832397461,59.709999084472656,60.15999984741211,59.43000030517578,2396900
2019-11-19,57.25539016723633,60.380001068115234,60.380001068115234,59.52999877929688,2652800
2019-11-20,56.6532096862793,59.58000183105469,59.869998931884766,58.27000045776367,4098200
2019-11-21,56.38556671142578,59.290000915527344,59.400001525878906,58.459999084472656,2751400
2019-11-22,56.71055221557617,59.400001525878906,59.4900016784668,58.68999862670898,2318100
2019-11-25,58.01050567626953,59.900001525878906,60.709999084472656,59.900001525878906,2161900
2019-11-26,58.39284896850586,60.7599983215332,61.2400016784668,60.54999923706055,1739900
2019-11-27,59.14795684814453,61.4900016784668,61.900001525878906,61.27999877929688,1718800
2019-11-29,58.51710510253906,61.560001373291016,61.709999084472656,61.08000183105469,1221600
2019-12-02,56.97819900512695,61.380001068115234,61.40999984741211,59.380001068115234,4023600
2019-12-03,55.80249786376953,57.880001068115234,58.4900016784668,57.04999923706055,5039100
2019-12-04,56.83481597900391,59.060001373291016,59.86000061035156,58.880001068115234,3084000
2019-12-05,57.2171516418457,59.95000076293945,59.95000076293945,58.9900016784668,2618500
2019-12-06,58.69872283935547,61.0,61.68999862670898,61.0,3133500
2019-12-09,58.19212341308594,61.18000030517578,61.619998931884766,60.810001373291016,2375200
2019-12-10,57.98183441162109,60.83000183105469,61.2400016784668,60.22999954223633,2694900
2019-12-11,58.46930694580078,60.91999816894531,61.33000183105469,60.68000030517578,2403800
2019-12-12,59.97000503540039,61.150001525878906,63.2400016784668,61.0,6205900
2019-12-13,60.02735137939453,62.5099983215332,63.61000061035156,62.04999923706055,4764600
2019-12-16,61.27951431274414,63.93999862670898,64.5,63.93000030517578,2623000
2019-12-17,61.29862976074219,64.33999633789062,64.55000305175781,64.11000061035156,1778500
2019-12-18,61.29862976074219,64.38999938964844,64.54000091552734,64.12999725341797,1701300
2019-12-19,62.07286834716797,64.23999786376953,64.95999908447266,64.22000122070312,2176900
2019-12-20,62.98093795776367,65.58999633789062,66.16999816894531,65.55000305175781,2960200
2019-12-23,63.10761260986328,65.98999786376953,66.02999877929688,65.68000030517578,1909300
2019-12-24,63.12678909301758,65.91000366210938,65.93000030517578,65.55000305175781,941900
2019-12-26,64.08647155761719,66.0199966430664,66.81999969482422,66.0,2129800
2019-12-27,64.04806518554688,67.30000305175781,67.30999755859375,66.37000274658203,2225900
2019-12-30,62.925270080566406,66.76000213623047,66.83999633789062,65.26000213623047,3645400
2019-12-31,63.4146842956543,65.22000122070312,66.22000122070312,64.98999786376953,2683000
2020-01-02,65.17090606689453,67.0999984741211,67.91000366210938,66.45999908447266,3682700
2020-01-03,63.60662460327149,65.56999969482422,67.12000274658203,65.51000213623047,4668100
2020-01-06,64.3455810546875,65.11000061035156,67.11000061035156,65.06999969482422,2946000
2020-01-07,63.856143951416016,66.75,67.0199966430664,66.20999908447266,2767300
2020-01-08,64.83499908447266,66.66999816894531,68.37999725341797,66.48999786376953,3876200
2020-01-09,66.14974212646484,68.6500015258789,68.9800033569336,68.23999786376953,2889400
2020-01-10,65.52595520019531,69.37000274658203,69.41000366210938,68.0,3883300
2020-01-13,66.9462661743164,68.73999786376953,69.76000213623047,68.44999694824219,2859000
2020-01-14,66.58158874511719,69.41999816894531,70.13999938964844,69.01000213623047,3751400
2020-01-15,67.0518569946289,69.33000183105469,70.37999725341797,69.26000213623047,3346900
2020-01-16,68.62566375732422,70.80000305175781,71.54000091552734,70.6500015258789,3158100
2020-01-17,69.3358383178711,72.08000183105469,72.33999633789062,71.61000061035156,3368900
2020-01-21,68.83680725097656,71.48999786376953,72.30999755859375,71.44999694824219,3736300
2020-01-22,68.9423599243164,72.37999725341797,72.81999969482422,71.69000244140625,2433100
2020-01-23,69.12470245361328,71.30000305175781,72.12000274658203,70.5,3439700
2020-01-24,67.22457122802734,72.5,72.5,69.16000366210938,6223400
2020-01-27,64.00968933105469,66.38999938964844,67.70999908447266,66.1500015258789,5682800
2020-01-28,65.96739959716797,67.62999725341797,69.3499984741211,67.31999969482422,3635700
2020-01-29,65.85225677490234,69.72000122070312,69.8499984741211,68.45999908447266,3443600
2020-01-30,66.46643829345703,67.16999816894531,69.38999938964844,66.63999938964844,4689600
2020-01-31,62.85808181762695,68.80999755859375,68.91000366210938,64.86000061035156,8799300
2020-02-03,64.19202423095703,66.41999816894531,68.1500015258789,66.37999725341797,4527700
2020-02-04,67.18618774414062,69.3499984741211,70.55000305175781,69.12999725341797,4015400
2020-02-05,69.43180084228516,72.0199966430664,72.5199966430664,71.0,4014200
2020-02-06,70.18033599853516,73.04000091552734,73.2300033569336,72.33000183105469,3119200
2020-02-07,69.0095443725586,72.30999755859375,72.8499984741211,71.55000305175781,3236700
2020-02-10,70.50662231445312,71.26000213623047,73.52999877929688,71.25,2504100
2020-02-11,70.93846130371094,74.48999786376953,75.05000305175781,73.52999877929688,3879500
2020-02-12,72.26282501220703,74.93000030517578,75.4800033569336,74.66999816894531,2869600
2020-02-13,72.04207611083984,74.27999877929688,75.7699966430664,74.04000091552734,4065400
2020-02-14,72.3395767211914,75.30000305175781,75.44000244140625,74.44000244140625,2484100
2020-02-18,71.68701934814453,74.66999816894531,75.05000305175781,73.76000213623047,3819000
2020-02-19,72.77143859863281,75.44999694824219,76.33000183105469,75.2699966430664,2099700
2020-02-20,71.90772247314453,75.44000244140625,76.04000091552734,72.70999908447266,5317200
2020-02-21,69.5853500366211,73.91000366210938,74.0999984741211,71.95999908447266,4788400
2020-02-24,62.67576599121094,65.79000091552734,67.51000213623047,64.55999755859375,8863300
2020-02-25,57.01373291015625,66.30999755859375,66.63999938964844,58.77999877929688,11042800
2020-02-26,56.3035774230957,60.20000076293945,62.470001220703125,58.2400016784668,11818100
2020-02-27,48.79897689819336,55.220001220703125,57.61000061035156,50.84000015258789,16237200
2020-02-28,48.23278427124024,46.27000045776367,50.2599983215332,44.61000061035156,20096800
2020-03-02,54.24029159545898,51.09999847412109,56.54999923706055,49.15999984741211,14869400
2020-03-03,49.62430191040039,56.77999877929688,59.11000061035156,50.16999816894531,15354400
2020-03-04,55.81414413452149,54.7400016784668,58.27999877929688,53.27000045776367,10415800
2020-03-05,50.20011138916016,53.77000045776367,55.720001220703125,51.0,13031000
2020-03-06,47.69537734985352,47.5,50.400001525878906,45.95000076293945,13626900
2020-03-09,36.62083435058594,39.84999847412109,43.04999923706055,37.709999084472656,18924200
2020-03-10,42.22528076171875,42.38999938964844,44.0,37.75,21643600
2020-03-11,36.073822021484375,40.47999954223633,40.9900016784668,36.0,20910500
2020-03-12,25.72863006591797,29.5,34.38999938964844,26.76000022888184,33980800
2020-03-13,32.66701126098633,31.709999084472656,34.15999984741211,27.200000762939453,31641100
2020-03-16,21.60207176208496,23.100000381469727,28.82999992370605,22.0,42234500
2020-03-17,25.13364028930664,23.71999931335449,26.739999771118164,21.479999542236328,41179900
2020-03-18,21.34296226501465,21.440000534057617,23.690000534057617,18.3799991607666,54281500
2020-03-19,21.131834030151367,21.61000061035156,23.799999237060547,19.899999618530277,50720300
2020-03-20,18.348806381225582,23.0,23.43000030517578,19.01000022888184,39904400
2020-03-23,16.842130661010742,19.0,19.299999237060547,16.510000228881836,58496200
2020-03-24,21.525291442871094,20.479999542236328,22.59000015258789,20.18000030517578,51313500
2020-03-25,22.331417083740234,22.809999465942383,25.96999931335449,21.40999984741211,56013000
2020-03-26,26.30443000793457,24.1299991607666,27.850000381469727,23.979999542236328,48482500
2020-03-27,23.89566802978516,24.90999984741211,27.280000686645508,24.18000030517578,42155000
2020-03-30,26.18927001953125,25.56999969482422,27.559999465942383,24.96999931335449,32979600
2020-03-31,24.99928855895996,27.0,27.899999618530277,25.65999984741211,43213400
2020-04-01,21.678844451904297,23.149999618530277,24.200000762939453,21.90999984741211,38189600
2020-04-02,23.147130966186523,22.36000061035156,24.399999618530277,22.170000076293945,41577900
2020-04-03,22.17786979675293,23.82999992370605,24.56999969482422,22.270000457763672,40390100
2020-04-06,26.66910743713379,25.809999465942383,28.809999465942383,25.489999771118164,39068200
2020-04-07,26.65950965881348,30.709999084472656,31.01000022888184,27.75,47873300
2020-04-08,29.3753604888916,28.700000762939453,31.049999237060547,27.979999542236328,38576100
2020-04-09,30.69010734558105,31.82999992370605,33.0099983215332,31.100000381469727,44859400
2020-04-13,29.83600425720215,31.68000030517578,31.770000457763672,29.670000076293945,35165200
2020-04-14,32.51347351074219,32.95000076293945,34.189998626708984,32.56999969482422,30687900
2020-04-15,30.421396255493164,31.670000076293945,32.369998931884766,30.88999938964844,27931700
2020-04-16,30.88204002380371,32.18000030517578,32.470001220703125,31.030000686645508,34532500
2020-04-17,33.35797119140625,34.36000061035156,34.97999954223633,33.310001373291016,31562100
2020-04-20,31.61137008666992,33.290000915527344,34.630001068115234,32.83000183105469,28604900
2020-04-21,28.732385635375977,31.200000762939453,31.68000030517578,29.57999992370605,33679400
2020-04-22,30.622926712036133,31.649999618530277,32.5099983215332,31.18000030517578,18343000
2020-04-23,30.56534767150879,32.369998931884766,33.560001373291016,31.780000686645508,30495300
2020-04-24,31.8992862701416,32.45000076293945,33.470001220703125,31.68000030517578,23981300
2020-04-27,33.26201248168945,33.97999954223633,35.06999969482422,33.79999923706055,21158100
2020-04-28,32.820560455322266,36.11000061035156,36.22999954223633,34.04999923706055,31452400
2020-04-29,35.35408020019531,36.25,37.45000076293945,35.849998474121094,26079300
2020-04-30,34.30804443359375,36.22999954223633,36.4900016784668,35.11000061035156,25563200
2020-05-01,31.659364700317383,33.86000061035156,34.15999984741211,32.5,26388900
2020-05-04,31.88008689880371,32.20000076293945,33.349998474121094,31.690000534057617,18849000
2020-05-05,32.753387451171875,34.310001373291016,35.220001220703125,33.97999954223633,18649400
2020-05-06,32.110408782958984,34.810001373291016,34.959999084472656,33.400001525878906,18055100
2020-05-07,33.27159881591797,34.689998626708984,35.38999938964844,34.470001220703125,15240800
2020-05-08,34.92222213745117,35.900001525878906,36.5,35.439998626708984,12851900
2020-05-11,34.91263198852539,35.56999969482422,36.959999084472656,35.400001525878906,14214100
2020-05-12,32.85894775390625,36.880001068115234,37.040000915527344,34.150001525878906,17276100
2020-05-13,31.141143798828125,33.970001220703125,34.38999938964844,31.440000534057617,24326900
2020-05-14,32.19678497314453,31.459999084472656,33.59000015258789,30.57999992370605,32202500
2020-05-15,32.59023666381836,32.650001525878906,33.9900016784668,32.2599983215332,22057500
2020-05-18,35.593994140625,36.43000030517578,37.720001220703125,36.27999877929688,18280500
2020-05-19,34.52877426147461,36.900001525878906,37.54999923706055,35.939998626708984,18037400
2020-05-20,36.30414962768555,37.38999938964844,38.13999938964844,37.27999877929688,17601100
2020-05-21,35.45004653930664,37.72999954223633,38.06999969482422,36.540000915527344,17467900
2020-05-22,35.6899528503418,36.880001068115234,37.27000045776367,36.380001068115234,12755600
2020-05-26,37.08147811889648,39.709999084472656,39.7599983215332,38.43999862670898,13527700
2020-05-27,38.63613128662109,39.7599983215332,40.29999923706055,37.720001220703125,17961000
2020-05-28,38.48258590698242,40.7599983215332,41.630001068115234,39.790000915527344,16599200
2020-05-29,38.89523696899414,39.880001068115234,40.84999847412109,38.720001220703125,21869300
2020-06-01,39.4422492980957,40.31999969482422,41.36000061035156,40.09999847412109,11573400
2020-06-02,40.40191268920898,41.5,42.130001068115234,40.93000030517578,12075500
2020-06-03,42.033348083496094,43.02000045776367,44.22999954223633,42.900001525878906,13047800
2020-06-04,41.67827606201172,43.34000015258789,44.150001525878906,42.5,14517800
2020-06-05,44.88356018066406,45.93999862670898,47.61000061035156,45.900001525878906,19893800
2020-06-08,46.52458190917969,47.20000076293945,48.56999969482422,46.93000030517578,11919400
2020-06-09,45.50733947753906,47.15999984741211,48.130001068115234,46.77000045776367,16122200
2020-06-10,44.76839828491211,47.70000076293945,48.119998931884766,46.27999877929688,19500600
2020-06-11,37.00470352172852,43.27000045776367,43.56999969482422,38.27000045776367,33437300
2020-06-12,38.271461486816406,41.43999862670898,41.77000045776367,37.720001220703125,29234100
2020-06-15,39.34629440307617,37.43000030517578,41.47999954223633,36.93000030517578,26172300
2020-06-16,41.61110305786133,44.38999938964844,44.45000076293945,41.2599983215332,24862500
2020-06-17,41.044898986816406,43.84000015258789,43.970001220703125,42.52000045776367,14325400
2020-06-18,41.13127136230469,42.150001525878906,43.09000015258789,41.93999862670898,11666500
2020-06-19,40.43070983886719,44.41999816894531,44.5,41.54999923706055,18463300
2020-06-22,41.20803451538086,41.84999847412109,43.119998931884766,41.36000061035156,10016400
2020-06-23,41.76139831542969,44.09999847412109,44.5099983215332,43.31999969482422,10428500
2020-06-24,38.59110641479492,42.560001373291016,42.84000015258789,39.34000015258789,21619800
2020-06-25,39.82080459594727,39.90999984741211,41.56999969482422,39.04999923706055,15448400
2020-06-26,37.02516555786133,40.970001220703125,41.060001373291016,38.25,21054100
2020-06-29,38.53346633911133,39.0,40.220001220703125,38.060001373291016,14988500
2020-06-30,40.16664505004883,40.0,42.45000076293945,39.93000030517578,15209500
2020-07-01,40.91598892211914,42.20000076293945,43.13999938964844,42.0,14461100
2020-07-02,41.55004501342773,44.119998931884766,44.709999084472656,42.970001220703125,14654400
2020-07-06,43.46183776855469,45.02999877929688,45.43999862670898,44.65999984741211,10834800
2020-07-07,42.13607406616211,44.560001373291016,45.470001220703125,43.720001220703125,11186600
2020-07-08,43.06794357299805,44.2400016784668,44.91999816894531,43.41999816894531,9959600
2020-07-09,42.36663818359375,45.15999984741211,45.2599983215332,42.540000915527344,15521500
2020-07-10,43.66357803344727,44.08000183105469,45.58000183105469,43.41999816894531,11063700
2020-07-13,42.54916763305664,46.52000045776367,47.650001525878906,43.970001220703125,15115300
2020-07-14,44.20155334472656,43.619998931884766,46.13999938964844,43.06999969482422,16153900
2020-07-15,45.38321685791016,47.52999877929688,47.77999877929688,46.150001525878906,17449000
2020-07-16,44.93169784545898,46.34000015258789,47.0,46.040000915527344,10726900
2020-07-17,45.27754211425781,47.2400016784668,47.54999923706055,46.33000183105469,8613000
2020-07-20,46.41115951538086,47.08000183105469,48.68000030517578,46.720001220703125,7721300
2020-07-21,46.70897674560547,49.27999877929688,49.5,48.18000030517578,10400800
2020-07-22,47.48714065551758,48.47999954223633,49.61000061035156,48.41999816894531,8224500
2020-07-23,45.85396194458008,49.27000045776367,49.63999938964844,47.02000045776367,14700400
2020-07-24,44.902870178222656,46.790000915527344,47.2599983215332,46.04999923706055,12917900
2020-07-27,45.873172760009766,47.09000015258789,47.869998931884766,46.720001220703125,7674800
2020-07-28,45.07579040527344,47.43999862670898,47.97999954223633,46.7400016784668,9458700
2020-07-29,46.66094207763672,47.310001373291016,48.880001068115234,47.27000045776367,8089100
2020-07-30,46.16138458251953,47.15999984741211,48.27999877929688,46.150001525878906,12924300
2020-07-31,47.27578353881836,48.95000076293945,49.25,46.90999984741211,12533800
2020-08-03,48.236473083496094,50.040000915527344,50.59999847412109,49.75,6819100
2020-08-04,48.78407287597656,49.79999923706055,50.810001373291016,49.790000915527344,7112100
2020-08-05,49.67752456665039,51.459999084472656,51.88999938964844,51.34000015258789,7009200
2020-08-06,50.69585800170898,51.47999954223633,52.84999847412109,51.31999969482422,7614400
2020-08-07,50.79192352294922,52.31999969482422,52.97999954223633,51.83000183105469,10639200
2020-08-10,51.281883239746094,53.13999938964844,53.470001220703125,52.150001525878906,8010400
2020-08-11,50.03297424316406,54.0,54.29999923706055,51.66999816894531,11505800
2020-08-12,52.040828704833984,53.29999923706055,54.61000061035156,53.290000915527344,8178000
2020-08-13,51.83908081054688,53.83000183105469,54.61000061035156,53.45000076293945,8707900
2020-08-14,51.791046142578125,53.709999084472656,54.220001220703125,53.380001068115234,7373100
2020-08-17,52.26179122924805,54.45000076293945,54.650001525878906,54.2400016784668,4216900
2020-08-18,52.58842849731445,54.650001525878906,55.0099983215332,53.81999969482422,5337200
2020-08-19,51.944766998291016,55.0099983215332,55.2599983215332,53.810001373291016,7030800
2020-08-20,52.42510986328125,53.18999862670898,54.83000183105469,53.130001068115234,5167800
2020-08-21,52.96310043334961,54.41999816894531,55.2599983215332,54.25,5034200
2020-08-24,54.60589599609375,56.5,56.880001068115234,55.93999862670898,5616700
2020-08-25,55.172698974609375,57.18999862670898,57.47999954223633,56.52999877929688,5438400
2020-08-26,56.8250846862793,57.77000045776367,59.31999969482422,57.470001220703125,5616200
2020-08-27,57.19977569580078,59.65999984741211,60.36000061035156,58.63999938964844,8807600
2020-08-28,58.32377243041992,60.130001068115234,60.77000045776367,59.47999954223633,5447600
2020-08-31,57.64167785644531,60.58000183105469,61.08000183105469,59.93999862670898,6578200
2020-09-01,59.30368423461914,60.5099983215332,61.790000915527344,60.02000045776367,4946300
2020-09-02,61.88795852661133,62.86000061035156,64.95999908447266,62.20000076293945,8019200
2020-09-03,55.51854705810547,63.43999862670898,63.709999084472656,56.25,17626100
2020-09-04,54.13513946533203,58.08000183105469,58.97999954223633,52.459999084472656,15625400
2020-09-08,49.6486930847168,53.369998931884766,54.09999847412109,51.540000915527344,14560300
2020-09-09,52.58842849731445,53.7400016784668,56.0099983215332,53.27999877929688,9799900
2020-09-10,49.87926483154297,55.72999954223633,56.08000183105469,51.400001525878906,13450600
2020-09-11,49.89848327636719,52.77000045776367,53.31999969482422,50.540000915527344,12786100
2020-09-14,51.90633392333984,53.54999923706055,54.900001525878906,53.310001373291016,6927400
2020-09-15,52.64606857299805,55.310001373291016,55.7400016784668,54.290000915527344,6438100
2020-09-16,52.06003952026367,55.5,56.2400016784668,54.040000915527344,7319800
2020-09-17,50.70545959472656,51.65999984741211,53.630001068115234,51.380001068115234,10835800
2020-09-18,48.966609954833984,53.16999816894531,53.20000076293945,49.650001525878906,9865600
2020-09-21,47.27578353881836,48.65999984741211,49.27000045776367,46.790000915527344,12802200
2020-09-22,48.74565124511719,49.93999862670898,50.9900016784668,48.72999954223633,8509100
2020-09-23,45.34479141235352,51.0,51.119998931884766,46.95000076293945,8842600
2020-09-24,45.681034088134766,46.540000915527344,48.9900016784668,45.93000030517578,9661000
2020-09-25,47.89063262939453,47.13999938964844,50.220001220703125,46.720001220703125,6858500
2020-09-28,50.30197525024414,51.88999938964844,52.68000030517578,51.40999984741211,6069400
2020-09-29,49.43734359741211,52.2400016784668,52.59999847412109,51.130001068115234,6052300
2020-09-30,50.59018325805664,51.83000183105469,54.22999954223633,51.68999862670898,8486600
2020-10-01,51.5124397277832,53.95000076293945,54.43999862670898,52.70000076293945,6991300
2020-10-02,50.1290397644043,51.11000061035156,53.11000061035156,50.84999847412109,10064900
2020-10-05,52.69409942626953,53.15999984741211,54.970001220703125,53.15999984741211,4891600
2020-10-06,50.494117736816406,54.97999954223633,56.040000915527344,52.27999877929688,10028800
2020-10-07,53.059173583984375,54.040000915527344,55.68999862670898,54.02999877929688,5798700
2020-10-08,54.46178436279297,56.290000915527344,56.7599983215332,55.83000183105469,5091900
2020-10-09,55.93164443969727,57.63999938964844,58.5,57.290000915527344,5502300
2020-10-12,58.69844055175781,59.650001525878906,61.86000061035156,59.380001068115234,6378500
2020-10-13,57.50718307495117,60.97999954223633,61.02000045776367,59.31999969482422,5169000
2020-10-14,56.47924041748047,60.15999984741211,60.790000915527344,58.34000015258789,5897400
2020-10-15,56.2486686706543,56.59999847412109,58.79999923706055,56.310001373291016,7109000
2020-10-16,56.11418151855469,59.27000045776367,60.16999816894531,58.33000183105469,6134400
2020-10-19,53.58755111694336,59.08000183105469,59.41999816894531,55.27000045776367,9448100
2020-10-20,54.14474868774414,56.43999862670898,58.09999847412109,56.040000915527344,9544600
2020-10-21,53.81811141967773,56.36000061035156,57.5099983215332,55.91999816894531,7263400
2020-10-22,54.74039077758789,56.16999816894531,57.290000915527344,55.060001373291016,7287500
2020-10-23,55.25915145874024,57.66999816894531,57.68000030517578,56.2599983215332,5553100
2020-10-26,52.271392822265625,55.7599983215332,56.18000030517578,52.5099983215332,11198300
2020-10-27,51.68537521362305,54.54999923706055,54.720001220703125,53.68999862670898,7055700
2020-10-28,46.41115951538086,50.900001525878906,51.22999954223633,48.04999923706055,15880400
2020-10-29,47.76573944091797,48.400001525878906,51.22999954223633,47.58000183105469,9193000
2020-10-30,46.24783706665039,48.93999862670898,49.58000183105469,46.380001068115234,13455500
2020-11-02,47.842586517333984,49.79999923706055,50.7400016784668,48.470001220703125,10792600
2020-11-03,50.33079528808594,51.34999847412109,53.41999816894531,51.13999938964844,10203400
2020-11-04,53.69322967529297,54.66999816894531,57.9900016784668,54.09999847412109,14289200
2020-11-05,56.84430313110352,58.709999084472656,60.150001525878906,58.52999877929688,9589200
2020-11-06,56.81548309326172,59.06999969482422,59.83000183105469,57.880001068115234,7842400
2020-11-09,58.98665618896485,66.26000213623047,66.3499984741211,61.11000061035156,15828600
2020-11-10,58.70805740356445,60.83000183105469,61.70000076293945,59.31999969482422,10254000
2020-11-11,59.95695114135742,62.34999847412109,62.93999862670898,61.65999984741211,6479100
2020-11-12,58.26613235473633,61.900001525878906,62.33000183105469,59.630001068115234,8259300
2020-11-13,60.63905334472656,61.709999084472656,63.560001373291016,61.40999984741211,6005800
2020-11-16,62.92549514770508,64.70999908447266,65.54000091552734,63.959999084472656,6675900
2020-11-17,61.916770935058594,64.12999725341797,65.19000244140625,63.2400016784668,5704100
2020-11-18,59.71678161621094,64.62999725341797,64.94999694824219,62.119998931884766,6593600
2020-11-19,60.418087005615234,61.75,63.13999938964844,61.02000045776367,6654200
2020-11-20,59.19801330566406,62.7599983215332,62.880001068115234,61.58000183105469,5352700
2020-11-23,60.29319381713867,62.63999938964844,63.400001525878906,61.369998931884766,7247900
2020-11-24,63.117637634277344,64.18000030517578,66.05999755859375,63.68999862670898,6838000
2020-11-25,62.84864044189453,65.69999694824219,65.70999908447266,64.80999755859375,4655800
2020-11-27,63.38663101196289,66.08000183105469,66.26000213623047,65.4000015258789,2806700
2020-11-30,62.531620025634766,65.52999877929688,65.66999816894531,63.540000915527344,6640300
2020-12-01,64.54906463623047,66.9800033569336,68.12000274658203,66.55000305175781,6031700
2020-12-02,64.94297790527344,66.56999969482422,67.75,66.25,4510900
2020-12-03,64.89493560791016,67.61000061035156,68.43000030517578,66.95999908447266,5734200
2020-12-04,66.63379669189453,67.94000244140625,69.36000061035156,67.9000015258789,3693900
2020-12-07,66.20148468017578,68.87999725341797,69.22000122070312,68.16999816894531,5499000
2020-12-08,66.72984313964844,68.1500015258789,69.8499984741211,68.11000061035156,4139500
2020-12-09,64.99098205566406,69.95999908447266,70.01000213623047,67.12000274658203,7367600
2020-12-10,64.87570190429688,66.79000091552734,68.16999816894531,66.30000305175781,6084100
2020-12-11,64.63553619384766,66.55999755859375,67.47000122070312,65.63999938964844,6074500
2020-12-14,63.78049850463867,68.63999938964844,69.25,66.2699966430664,6322200
2020-12-15,66.3455581665039,67.94999694824219,69.0999984741211,67.08999633789062,5789800
2020-12-16,66.67220306396484,69.25,69.9800033569336,68.69000244140625,4884700
2020-12-17,67.83467102050781,70.41999816894531,70.72000122070312,69.93000030517578,4843000
2020-12-18,66.97001647949219,70.77999877929688,70.86000061035156,68.51000213623047,8421500
2020-12-21,66.29753875732422,67.37000274658203,69.5199966430664,65.70999908447266,8951500
2020-12-22,65.9366683959961,69.08000183105469,69.1500015258789,67.8499984741211,4767900
2020-12-23,66.0521469116211,69.04000091552734,69.83999633789062,68.61000061035156,4395400
2020-12-24,66.8797378540039,68.9800033569336,69.5,68.6500015258789,2141500
2020-12-28,68.5733642578125,71.05000305175781,71.5,70.66000366210938,3672000
2020-12-29,68.20770263671875,72.20999908447266,72.31999969482422,70.51000213623047,4877600
2020-12-30,68.43867492675781,71.37999725341797,71.80000305175781,70.91000366210938,3954000
2020-12-31,69.52605438232422,71.05000305175781,72.66999816894531,70.72000122070312,4344600
2021-01-04,66.6487808227539,73.05000305175781,73.12999725341797,66.97000122070312,10399100
2021-01-05,67.99600219726562,68.88999938964844,71.36000061035156,68.88999938964844,5779400
2021-01-06,69.24698638916016,69.77999877929688,73.91999816894531,69.44000244140625,10308400
2021-01-07,72.26859283447266,73.47000122070312,75.62999725341797,73.31999969482422,6081900
2021-01-08,73.50032806396484,76.08000183105469,76.55000305175781,73.97000122070312,8231200
2021-01-11,72.12425231933594,74.41999816894531,76.01000213623047,74.29000091552734,5204200
2021-01-12,72.09538269042969,75.02999877929688,75.58000183105469,73.5199966430664,5294700
2021-01-13,72.66313171386719,74.91000366210938,76.16000366210938,74.37999725341797,4337700
2021-01-14,71.8355712890625,76.0199966430664,76.31999969482422,74.5199966430664,4815300
2021-01-15,70.26702117919922,73.69000244140625,74.19999694824219,71.91000366210938,7941200
2021-01-19,71.95104217529297,74.62000274658203,75.12000274658203,73.69999694824219,4525700
2021-01-20,74.92454528808594,76.23999786376953,78.43000030517578,76.0199966430664,4339500
2021-01-21,75.11699676513672,78.2699966430664,78.52999877929688,77.47000122070312,3733800
2021-01-22,74.31829833984375,76.87999725341797,77.97000122070312,76.62000274658203,4572900
2021-01-25,75.20359802246094,77.7699966430664,78.38999938964844,74.58000183105469,6982100
2021-01-26,74.83792877197266,78.76000213623047,79.0199966430664,77.66999816894531,4137300
2021-01-27,69.37208557128906,75.63999938964844,75.66000366210938,70.63999938964844,9762600
2021-01-28,71.036865234375,73.20999908447266,76.4000015258789,72.98999786376953,6690500
2021-01-29,66.90858459472656,72.73999786376953,73.36000061035156,68.44000244140625,11141400
2021-02-01,70.16117858886719,71.55000305175781,73.58000183105469,70.26000213623047,6123600
2021-02-02,73.15391540527344,74.94000244140625,77.01000213623047,74.91000366210938,5584900
2021-02-03,73.33674621582031,76.62999725341797,77.30999755859375,75.41000366210938,5206000
2021-02-04,75.78099822998047,76.88999938964844,78.80000305175781,76.77999877929688,3503600
2021-02-05,76.68556213378906,80.04000091552734,80.16000366210938,78.9800033569336,4033400
2021-02-08,78.3791732788086,80.70999908447266,81.47000122070312,80.12000274658203,4063700
2021-02-09,78.18673706054688,80.87000274658203,81.66999816894531,80.62000274658203,4079200
2021-02-10,78.09051513671875,82.52999877929688,82.55999755859375,79.5999984741211,6039900
2021-02-11,78.47541046142578,81.91000366210938,82.16999816894531,79.94999694824219,5392100
2021-02-12,79.65904998779297,81.0199966430664,82.91999816894531,80.98999786376953,3949200
2021-02-16,79.46660614013672,83.63999938964844,83.73999786376953,82.08999633789062,6154500
2021-02-17,79.48584747314453,81.37999725341797,82.76000213623047,80.69000244140625,4777300
2021-02-18,78.446533203125,80.83999633789062,82.05000305175781,79.68000030517578,5171700
2021-02-19,78.01351165771484,82.45999908447266,82.58000183105469,80.80999755859375,5124000
2021-02-22,76.25251007080078,79.29000091552734,80.8499984741211,79.06999969482422,4351800
2021-02-23,76.47384643554688,77.80999755859375,80.4000015258789,75.02999877929688,6583100
2021-02-24,78.98544311523438,78.80000305175781,82.43000030517578,78.13999938964844,6382600
2021-02-25,73.30786895751953,81.29000091552734,82.20999908447266,75.20999908447266,13883600
2021-02-26,72.1820068359375,77.45999908447266,78.12000274658203,73.72000122070312,12274600
2021-03-01,77.38802337646484,78.04000091552734,81.2300033569336,78.04000091552734,6432600
2021-03-02,75.63663482666016,80.66000366210938,80.76000213623047,78.43000030517578,8959700
2021-03-03,72.5861587524414,78.11000061035156,78.76000213623047,75.37999725341797,11587200
2021-03-04,69.91095733642578,75.31999969482422,76.95999908447266,69.7699966430664,13825200
2021-03-05,73.69280242919922,74.7699966430664,77.29000091552734,70.2699966430664,11367200
2021-03-08,72.65352630615234,77.2699966430664,79.05000305175781,75.27999877929688,11133000
2021-03-09,75.67513275146484,77.94000244140625,80.33000183105469,77.5999984741211,7307700
2021-03-10,77.10895538330078,80.23999786376953,81.27999877929688,79.30999755859375,10854700
2021-03-11,79.44734191894531,81.80999755859375,83.91999816894531,81.51000213623047,6294700
2021-03-12,79.8322525024414,81.69999694824219,83.04000091552734,81.12999725341797,4387100
2021-03-15,81.28533935546875,83.11000061035156,84.58999633789062,81.63999938964844,4397700
2021-03-16,80.9677734375,84.8499984741211,85.31999969482422,83.55999755859375,5613900
2021-03-17,81.6510009765625,83.18000030517578,85.48999786376953,82.41999816894531,6306200
2021-03-18,78.16748809814453,83.13999938964844,84.58999633789062,80.79000091552734,7681300
2021-03-19,77.74407196044922,81.04000091552734,82.05000305175781,79.30999755859375,5342600
2021-03-22,79.59168243408203,81.05999755859375,83.62000274658203,81.05999755859375,4675500
2021-03-23,77.6382064819336,82.27999877929688,83.2300033569336,80.18000030517578,6476200
2021-03-24,76.48346710205078,81.69000244140625,82.76000213623047,79.47000122070312,6981000
2021-03-25,77.80180358886719,78.55000305175781,81.3499984741211,77.27999877929688,9654100
2021-03-26,81.43929290771484,81.61000061035156,84.97000122070312,81.19999694824219,7596900
2021-03-29,81.39120483398438,83.72000122070312,85.19999694824219,82.69999694824219,6790300
2021-03-30,80.83303833007812,83.70999908447266,84.37000274658203,82.81999969482422,6451500
2021-03-31,81.74723815917969,84.30999755859375,85.98999786376953,84.30000305175781,5711800
2021-04-01,84.2396011352539,86.2300033569336,87.69000244140625,86.06999969482422,5257200
2021-04-05,87.99256896972656,89.54000091552734,91.80999755859376,89.48999786376953,6772500
2021-04-06,87.72311401367188,91.01000213623048,92.0,90.77999877929688,4874200
2021-04-07,88.05030059814453,91.13999938964844,91.80999755859376,90.81999969482422,4245400
2021-04-08,89.32052612304688,92.4800033569336,92.9000015258789,91.8000030517578,4374900
2021-04-09,91.23548889160156,92.8000030517578,94.98999786376952,92.6999969482422,4825000
2021-04-12,91.34134674072266,94.41000366210938,95.16000366210938,94.0,4585000
2021-04-13,92.18817901611328,94.91999816894533,96.27999877929688,94.62000274658205,4530900
2021-04-14,91.32211303710938,95.83999633789062,96.56999969482422,94.41000366210938,6974200
2021-04-15,94.20899963378906,96.41000366210938,98.08999633789062,96.4000015258789,5868800
2021-04-16,95.19055938720705,98.91000366210938,99.3000030517578,97.77999877929688,5883200
2021-04-19,93.7085952758789,98.16999816894533,98.48999786376952,96.37000274658205,6569000
2021-04-20,91.63965606689452,96.4800033569336,97.0,94.16000366210938,5531200
2021-04-21,94.21861267089844,94.79000091552734,98.08999633789062,94.68000030517578,5421100
2021-04-22,91.69739532470705,97.81999969482422,98.44000244140624,94.4499969482422,9592600
2021-04-23,94.55542755126952,95.66999816894533,99.36000061035156,95.5999984741211,6281500
2021-04-26,95.18091583251952,98.86000061035156,99.37999725341795,98.51000213623048,5203300
2021-04-27,95.07506561279295,99.16999816894533,99.30999755859376,98.02999877929688,4371200
2021-04-28,95.0077133178711,99.08000183105467,99.93000030517578,98.41999816894533,6045100
2021-04-29,96.77833557128906,100.88999938964844,101.12000274658205,98.11000061035156,6930800
2021-04-30,94.99808502197266,98.93000030517578,99.58999633789062,98.0,6643500
2021-05-03,95.49848175048828,100.16999816894533,100.47000122070312,98.94000244140624,5373300
2021-05-04,93.75672149658205,97.8000030517578,98.16999816894533,94.66000366210938,9295200
2021-05-05,93.8048324584961,98.72000122070312,98.87000274658205,96.97000122070312,5328000
2021-05-06,96.03738403320312,97.62999725341795,99.9499969482422,96.06999969482422,8629800
2021-05-07,98.1640396118164,100.4499969482422,102.54000091552734,99.93000030517578,7394300
2021-05-10,95.31564331054688,102.33999633789062,102.4800033569336,98.91000366210938,6543400
2021-05-11,92.77518463134766,95.52999877929688,97.11000061035156,93.41000366210938,11566900
2021-05-12,86.75119018554688,94.25,95.20999908447266,89.76000213623047,11115300
2021-05-13,89.8690414428711,91.3000030517578,94.83000183105467,91.27999877929688,12278900
2021-05-14,94.07427978515624,95.44000244140624,98.37000274658205,95.43000030517578,7710100
2021-05-17,93.2852020263672,96.88999938964844,97.5999984741211,95.47000122070312,6784400
2021-05-18,90.9468231201172,97.16999816894533,97.36000061035156,94.33999633789062,5095600
2021-05-19,90.23470306396484,90.98999786376952,93.81999969482422,89.91000366210938,9320300
2021-05-20,93.04464721679688,94.33999633789062,97.63999938964844,94.27999877929688,6486300
2021-05-21,92.8040542602539,97.87999725341795,98.76000213623048,96.13999938964844,6723900
2021-05-24,95.68132019042967,98.19000244140624,100.2300033569336,97.97000122070312,4733200
2021-05-25,95.08467864990234,100.25,100.54000091552734,98.3499984741211,5095800
2021-05-26,95.6139678955078,99.1999969482422,99.7300033569336,98.44000244140624,3839100
2021-05-27,95.70056915283205,100.16000366210938,100.5199966430664,99.41000366210938,4152700
2021-05-28,96.27794647216795,100.6999969482422,100.88999938964844,99.87999725341795,3759400
2021-06-01,96.0181121826172,101.81999969482422,101.94000244140624,99.44000244140624,6089700
2021-06-02,96.4319076538086,100.29000091552734,100.87000274658205,99.51000213623048,4976400
2021-06-03,95.38299560546876,98.47000122070312,99.98999786376952,97.31999969482422,5713700
2021-06-04,97.95233917236328,100.48999786376952,102.01000213623048,100.44000244140624,3660300
2021-06-07,97.7502670288086,101.83000183105467,101.9499969482422,100.81999969482422,3352300
2021-06-08,97.7502670288086,102.1999969482422,102.2300033569336,100.18000030517578,5199000
2021-06-09,97.2979736328125,102.2300033569336,102.26000213623048,100.9499969482422,4502000
2021-06-10,98.65481567382812,102.0500030517578,103.25,101.05999755859376,5926500
2021-06-11,99.14559936523438,102.95999908447266,103.08999633789062,101.94000244140624,3100400
2021-06-14,99.8095703125,103.11000061035156,103.73999786376952,102.12999725341795,3112600
2021-06-15,99.2322006225586,103.83999633789062,103.83999633789062,102.45999908447266,4107900
2021-06-16,97.53855895996094,103.20999908447266,103.37000274658205,99.76000213623048,6908000
2021-06-17,97.50006866455078,101.0199966430664,102.0199966430664,99.37999725341795,6386400
2021-06-18,93.54501342773438,98.80999755859376,99.25,97.02999877929688,8814300
2021-06-21,97.5770263671875,98.48999786376952,101.5,97.87999725341795,6806300
2021-06-22,99.05091094970705,101.33000183105467,103.5500030517578,100.73999786376952,4563700
2021-06-23,98.75250244140624,102.97000122070312,103.5999984741211,102.47000122070312,4695100
2021-06-24,100.49494934082033,104.22000122070312,104.69000244140624,104.0199966430664,4456500
2021-06-25,101.49614715576172,104.95999908447266,105.77999877929688,104.66999816894533,4216000
2021-06-28,102.1700210571289,105.86000061035156,106.19000244140624,104.91000366210938,5005200
2021-06-29,102.21817779541016,106.38999938964844,106.87999725341795,105.83000183105467,3014800
2021-06-30,102.60324096679688,105.88999938964844,107.0500030517578,105.87000274658205,3709200
2021-07-01,104.24942779541016,107.12999725341795,108.41999816894533,107.08999633789062,3204300
2021-07-02,106.64651489257812,109.1999969482422,111.0199966430664,108.94000244140624,3785400
2021-07-06,105.97265625,110.79000091552734,110.95999908447266,107.88999938964844,6158700
2021-07-07,107.13750457763672,110.66000366210938,111.51000213623048,109.02999877929688,5539000
2021-07-08,104.46124267578124,106.94000244140624,109.19000244140624,105.97000122070312,7673200
2021-07-09,107.7824935913086,109.79000091552734,112.22000122070312,109.58999633789062,4569100
2021-07-12,109.04361724853516,111.97000122070312,113.44000244140624,111.61000061035156,4352100
2021-07-13,107.9172821044922,112.5999984741211,113.83000183105467,111.8499984741211,6289500
2021-07-14,108.24459838867188,113.4800033569336,113.8499984741211,111.54000091552734,5660500
2021-07-15,107.26266479492188,111.44000244140624,112.0,109.81999969482422,7281300
2021-07-16,104.69227600097656,112.30999755859376,112.37999725341795,108.43000030517578,6291800
2021-07-19,100.15801239013672,104.83999633789062,105.2300033569336,101.66999816894533,13982800
2021-07-20,104.40345764160156,104.44000244140624,109.36000061035156,103.83000183105467,8119200
2021-07-21,106.88719940185548,109.36000061035156,111.12999725341795,109.1999969482422,4571300
2021-07-22,107.57070922851562,111.1500015258789,111.9000015258789,110.33999633789062,3831300
2021-07-23,110.8245849609375,113.27999877929688,115.37999725341795,112.73999786376952,5189100
2021-07-26,111.62360382080078,114.62000274658205,115.9499969482422,114.58999633789062,3245500
2021-07-27,110.03518676757812,115.08999633789062,115.0999984741211,111.98999786376952,6186400
2021-07-28,109.96780395507812,114.87000274658205,115.37999725341795,113.04000091552734,5684900
2021-07-29,111.37332916259766,115.0,116.5500030517578,115.0,4976100
2021-07-30,109.630859375,113.5,115.19000244140624,113.38999938964844,4179900
2021-08-02,109.04361724853516,115.37000274658205,115.81999969482422,113.01000213623048,4638900
2021-08-03,111.65250396728516,113.83999633789062,116.04000091552734,112.05999755859376,5010800
2021-08-04,110.03518676757812,114.87999725341795,115.38999938964844,114.06999969482422,4198000
2021-08-05,111.99906158447266,115.22000122070312,116.4800033569336,114.9499969482422,3082300
2021-08-06,112.6633071899414,116.66000366210938,117.33000183105467,116.44000244140624,3275200
2021-08-09,112.35525512695312,116.94000244140624,117.20999908447266,116.02999877929688,3102900
2021-08-10,112.74034881591795,117.01000213623048,117.7300033569336,116.4800033569336,4221500
2021-08-11,113.56825256347656,118.01000213623048,118.08000183105467,117.06999969482422,3684400
2021-08-12,114.52132415771484,117.87000274658205,119.16000366210938,117.0999984741211,4313200
2021-08-13,115.2048110961914,119.43000030517578,119.69000244140624,119.0199966430664,2980300
2021-08-16,116.07122802734376,118.5500030517578,120.5999984741211,117.20999908447266,5006900
2021-08-17,113.72228240966795,118.3000030517578,118.9000015258789,115.56999969482422,7677600
2021-08-18,109.95818328857422,117.2699966430664,118.61000061035156,114.04000091552734,8226600
2021-08-19,110.53579711914062,111.95999908447266,115.77999877929688,111.83999633789062,12093900
2021-08-20,113.19281768798828,115.0500030517578,117.77999877929688,114.6500015258789,7774600
2021-08-23,116.04237365722656,118.91000366210938,121.38999938964844,118.91000366210938,5414700
2021-08-24,116.677734375,121.20999908447266,121.62000274658205,120.73999786376952,3534900
2021-08-25,117.39012145996094,121.3499984741211,122.37000274658205,121.02999877929688,3057100
2021-08-26,115.29147338867188,121.69000244140624,121.93000030517578,119.68000030517578,6338500
2021-08-27,118.34319305419922,120.41999816894533,123.27999877929688,120.38999938964844,6340700
2021-08-30,119.94123840332033,123.5199966430664,125.29000091552734,123.3499984741211,3879400
2021-08-31,119.45027160644533,124.5,124.8000030517578,123.5,4874800
2021-09-01,119.75833129882812,124.87000274658205,125.3000030517578,124.0199966430664,5289100
2021-09-02,120.74026489257812,125.4499969482422,126.08999633789062,124.30999755859376,4795300
2021-09-03,120.59586334228516,124.33999633789062,125.6999969482422,123.9800033569336,3796200
2021-09-07,119.35400390625,124.93000030517578,125.02999877929688,123.30999755859376,4966900
2021-09-08,118.85340881347656,123.37000274658205,124.05999755859376,121.7699966430664,7544500
2021-09-09,117.21683502197266,123.2300033569336,124.8000030517578,121.62999725341795,6556100
2021-09-10,114.5790786743164,123.5,123.87000274658205,118.8499984741211,6188700
2021-09-13,115.36846160888672,121.52999877929688,121.72000122070312,117.87999725341795,6312000
2021-09-14,113.53936767578124,121.05999755859376,121.25,117.1500015258789,6883700
2021-09-15,116.35040283203124,118.26000213623048,121.8000030517578,117.3000030517578,6201100
2021-09-16,115.73429107666016,120.37000274658205,121.22000122070312,117.7300033569336,5749400
2021-09-17,112.4900360107422,119.58999633789062,119.9499969482422,116.41999816894533,8439300
2021-09-20,106.74279022216795,111.58999633789062,112.9000015258789,106.8000030517578,16118700
2021-09-21,106.531005859375,112.7699966430664,113.83000183105467,110.13999938964844,10362500
2021-09-22,109.5442123413086,112.45999908447266,115.47000122070312,111.6500015258789,9034900
2021-09-23,113.56825256347656,115.3499984741211,119.26000213623048,115.16000366210938,6627900
2021-09-24,114.10734558105467,116.55999755859376,119.0999984741211,116.3499984741211,5312400
2021-09-27,113.13504028320312,117.62000274658205,118.61000061035156,116.88999938964844,5406300
2021-09-28,106.22295379638672,115.12999725341795,115.41000366210938,109.77999877929688,12695700
2021-09-29,106.74279022216795,111.48999786376952,112.9000015258789,110.47000122070312,10159700
2021-09-30,102.98831939697266,112.12000274658205,112.68000030517578,106.70999908447266,12615700
2021-10-01,106.55988311767578,108.1999969482422,111.9800033569336,105.44000244140624,11396700
2021-10-04,102.48770141601562,109.6999969482422,110.41999816894533,104.62000274658205,10960100
2021-10-05,105.55870819091795,107.5500030517578,111.44000244140624,106.91000366210938,8072900
2021-10-06,106.93534088134766,106.76000213623048,111.19000244140624,105.43000030517578,12328000
2021-10-07,109.65013122558594,113.7300033569336,116.1999969482422,113.54000091552734,7771500
2021-10-08,109.05323028564452,114.51000213623048,114.83000183105467,112.72000122070312,7450200
2021-10-11,106.68502807617188,112.72000122070312,115.12000274658205,110.7300033569336,5798200
2021-10-12,105.92449188232422,111.5500030517578,111.86000061035156,109.33999633789062,7474400
2021-10-13,106.93534088134766,110.8000030517578,111.80999755859376,108.38999938964844,6322200
2021-10-14,112.38414764404295,114.13999938964844,116.86000061035156,113.7699966430664,5996300
2021-10-15,114.93526458740234,118.55999755859376,119.70999908447266,117.97000122070312,4842900
2021-10-18,115.99423217773438,117.87000274658205,120.75,117.30999755859376,4172800
2021-10-19,118.61273193359376,121.88999938964844,123.3000030517578,121.3499984741211,4177200
2021-10-20,120.0760269165039,123.63999938964844,124.97000122070312,123.54000091552734,4475300
2021-10-21,121.0579605102539,124.13999938964844,125.83999633789062,123.76000213623048,3938600
2021-10-22,120.52847290039062,125.27999877929688,126.5199966430664,123.5199966430664,6502900
2021-10-25,122.3768310546875,126.1999969482422,127.54000091552734,124.62999725341795,4164100
2021-10-26,122.84855651855467,128.66000366210938,129.7100067138672,127.27999877929688,5058400
2021-10-27,121.1831283569336,128.0,128.60000610351562,125.8499984741211,4377700
2021-10-28,124.66804504394533,127.16999816894533,129.5800018310547,127.12999725341795,4920500
2021-10-29,125.37078094482422,127.41000366210938,130.55999755859375,127.1999969482422,5797800
2021-11-01,126.05430603027344,131.19000244140625,131.5500030517578,129.4199981689453,5712200
2021-11-02,127.53683471679688,131.11000061035156,132.8300018310547,131.0,4322600
2021-11-03,129.87615966796875,132.0399932861328,135.32000732421875,131.6300048828125,4903400
2021-11-04,131.64752197265625,135.52000427246094,136.97999572753906,135.22999572753906,4972700
2021-11-05,133.05303955078125,139.02999877929688,140.74000549316406,136.8699951171875,6861400
2021-11-08,133.52476501464844,139.33999633789062,139.77999877929688,137.97999572753906,4918100
2021-11-09,132.177001953125,138.99000549316406,139.1999969482422,135.89999389648438,6974900
2021-11-10,129.0001220703125,135.64999389648438,137.25999450683594,132.52999877929688,8314100
2021-11-11,129.01937866210938,135.27999877929688,135.36000061035156,134.02000427246094,2755500
2021-11-12,131.9652099609375,135.25,137.60000610351562,134.33999633789062,4817000
2021-11-15,132.05184936523438,138.32000732421875,138.39999389648438,136.1699981689453,4204000
2021-11-16,133.63067626953125,136.9600067138672,139.91000366210938,136.91000366210938,4453600
2021-11-17,132.65835571289062,138.55999755859375,138.77000427246094,137.25,4660400
2021-11-18,134.0349884033203,138.77999877929688,139.47999572753906,136.22999572753906,5128500
2021-11-19,133.30335998535156,139.14999389648438,140.27000427246094,138.1300048828125,5414800
2021-11-22,132.18661499023438,140.13999938964844,142.60000610351562,137.0800018310547,7615400
2021-11-23,132.80274963378906,136.9600067138672,138.6199951171875,134.52999877929688,8749300
2021-11-24,133.68838500976562,135.97999572753906,139.02000427246094,135.14999389648438,6555500
2021-11-26,124.68729400634766,132.66000366210938,133.94000244140625,128.57000732421875,10118200
2021-11-29,129.43331909179688,133.86000061035156,135.99000549316406,131.92999267578125,7920300
2021-11-30,122.0398941040039,132.1199951171875,133.80999755859375,126.26000213623048,13180400
2021-12-01,117.77518463134766,131.55999755859375,134.10000610351562,122.0500030517578,13099200
2021-12-02,123.01221466064452,122.44000244140624,129.2100067138672,122.0999984741211,10999300
2021-12-03,119.7005615234375,129.35000610351562,130.30999755859375,120.76000213623048,15928700
2021-12-06,124.11929321289062,126.68000030517578,130.57000732421875,124.58000183105467,9729200
2021-12-07,131.84007263183594,133.67999267578125,137.4499969482422,133.61000061035156,12174400
2021-12-08,132.83163452148438,137.3000030517578,138.4600067138672,135.69000244140625,8039100
2021-12-09,130.22274780273438,136.82000732421875,137.64999389648438,135.0800018310547,7510300
2021-12-10,133.90985107421875,137.7100067138672,139.16000366210938,135.33999633789062,9002500
2021-12-13,130.3671417236328,138.47000122070312,138.80999755859375,135.0800018310547,6281100
2021-12-14,127.62346649169922,132.25999450683594,134.58999633789062,129.80999755859375,10135400
2021-12-15,133.57289123535156,132.55999755859375,138.9600067138672,130.2899932861328,10319900
2021-12-16,130.00132751464844,140.5,140.72000122070312,133.55999755859375,10628200
2021-12-17,125.9098663330078,132.1199951171875,134.9199981689453,129.1300048828125,13202600
2021-12-20,121.72220611572266,126.06999969482422,126.88999938964844,123.26000213623048,11011900
2021-12-21,128.27926635742188,129.41000366210938,133.25,127.51000213623048,7575000
2021-12-22,132.1913604736328,132.8800048828125,137.22999572753906,132.72000122070312,8470500
2021-12-23,134.58096313476562,138.00999450683594,141.0399932861328,137.9199981689453,7106300
2021-12-27,140.28526306152344,140.8800048828125,145.6199951171875,140.8000030517578,5790000
2021-12-28,139.97695922851562,146.0,146.97999572753906,144.47000122070312,5386400
2021-12-29,140.46835327148438,145.2899932861328,146.72999572753906,144.32000732421875,4199000
2021-12-30,139.3024444580078,146.1300048828125,147.13999938964844,144.10000610351562,4315000
2021-12-31,138.1846923828125,143.97999572753906,145.16000366210938,143.16000366210938,3783500
2022-01-03,140.63214111328125,144.67999267578125,146.00999450683594,142.39999389648438,5746300
2022-01-04,140.46835327148438,147.22999572753906,147.97999572753906,143.94000244140625,7599500
2022-01-05,132.30697631835938,145.44000244140625,146.1199951171875,137.25999450683594,8885300
2022-01-06,131.95042419433594,136.92999267578125,139.4499969482422,134.75,8199400
2022-01-07,130.43763732910156,136.8800048828125,138.0399932861328,134.0399932861328,8150700
2022-01-10,129.9269256591797,132.30999755859375,135.00999450683594,127.01000213623048,13552100
2022-01-11,133.42469787597656,134.50999450683594,138.5500030517578,131.77999877929688,8969600
2022-01-12,134.51351928710938,140.0800018310547,141.5,137.74000549316406,7799700
2022-01-13,129.00192260742188,140.60000610351562,141.2100067138672,132.86000061035156,9608300
2022-01-14,129.05975341796875,130.8699951171875,134.24000549316406,129.75999450683594,11210100
2022-01-18,122.26660919189452,129.58999633789062,129.7899932861328,125.83000183105467,13441300
2022-01-19,118.4123764038086,128.05999755859375,129.38999938964844,122.58999633789062,9600500
2022-01-20,114.51956176757812,124.45999908447266,128.5500030517578,118.36000061035156,10253500
2022-01-21,107.70716857910156,117.86000061035156,119.79000091552734,111.75,16252100
2022-01-24,109.17180633544922,107.22000122070312,113.5999984741211,98.55999755859376,20937700
2022-01-25,104.83575439453124,107.94000244140624,113.06999969482422,103.37999725341795,14093600
2022-01-26,104.43104553222656,113.73999786376952,116.19000244140624,104.80999755859376,15475500
2022-01-27,102.66773986816406,111.81999969482422,114.31999969482422,105.22000122070312,10835100
2022-01-28,110.40515899658205,107.66999816894533,114.58000183105467,104.0199966430664,12638100
2022-01-31,116.350341796875,113.97000122070312,120.97000122070312,112.87000274658205,8764000
2022-02-01,118.7978057861328,121.3499984741211,123.63999938964844,118.29000091552734,7107200
2022-02-02,122.141357421875,125.16999816894533,127.33999633789062,123.16999816894533,10222700
2022-02-03,113.39219665527344,121.37999725341795,123.05999755859376,117.0199966430664,8857900
2022-02-04,115.09772491455078,117.5199966430664,122.5999984741211,115.54000091552734,8459900
2022-02-07,113.9317855834961,120.0199966430664,121.20999908447266,117.0999984741211,7321600
2022-02-08,116.82247924804688,117.77999877929688,121.91999816894533,116.62000274658205,8664000
2022-02-09,121.7655792236328,124.55999755859376,126.66999816894533,124.41999816894533,9299400
2022-02-10,115.4542236328125,121.30999755859376,126.58999633789062,117.87999725341795,11558900
2022-02-11,108.45873260498048,119.66999816894533,121.43000030517578,111.3499984741211,12697800
2022-02-14,107.52409362792967,112.11000061035156,113.37999725341795,108.63999938964844,12200100
2022-02-15,112.48644256591795,115.0199966430664,116.91999816894533,114.56999969482422,9705600
2022-02-16,112.98751831054688,115.05999755859376,118.33000183105467,113.5199966430664,7697000
2022-02-17,105.6933135986328,114.4800033569336,114.97000122070312,109.18000030517578,8353100
2022-02-18,103.52531433105467,109.9499969482422,110.87000274658205,105.6999969482422,9125300
2022-02-22,100.39371490478516,105.77999877929688,108.4499969482422,101.29000091552734,11755300
2022-02-23,94.73760223388672,106.26000213623048,106.79000091552734,98.0500030517578,15104000
2022-02-24,99.16999053955078,90.75,103.23999786376952,90.54000091552734,18091400
2022-02-25,105.62586212158205,103.9000015258789,109.79000091552734,102.61000061035156,11338200
2022-02-28,104.81648254394533,105.62999725341795,110.0999984741211,104.41999816894533,10903600
2022-03-01,100.2106475830078,107.87999725341795,109.29000091552734,101.81999969482422,10814000
2022-03-02,105.70294952392578,105.66000366210938,110.86000061035156,105.04000091552734,12709200
2022-03-03,103.96854400634766,111.54000091552734,112.02999877929688,106.58999633789062,11707600
2022-03-04,101.43438720703124,105.01000213623048,106.22000122070312,102.12000274658205,11242700
2022-03-07,92.5599365234375,104.87999725341795,105.05999755859376,95.95999908447266,13056900
2022-03-08,90.34375,96.08000183105467,101.31999969482422,93.01000213623048,16802400
2022-03-09,97.54158020019533,99.86000061035156,102.75,98.25,8842800
2022-03-10,96.3852996826172,97.86000061035156,100.62000274658205,96.4000015258789,8077600
2022-03-11,92.66594696044922,101.86000061035156,102.26000213623048,95.75,9597500
2022-03-14,90.64244079589844,96.7699966430664,99.1999969482422,93.16999816894533,7248000
2022-03-15,96.46239471435548,95.86000061035156,100.66999816894533,94.97000122070312,7708600
2022-03-16,103.10134887695312,102.91000366210938,107.0,99.2699966430664,10438100
2022-03-17,106.81105041503906,105.37999725341795,110.9499969482422,105.11000061035156,7506100
2022-03-18,110.22207641601562,109.68000030517578,114.79000091552734,109.0500030517578,6148100
2022-03-21,110.29916381835938,114.58999633789062,116.04000091552734,111.58000183105467,7506800
2022-03-22,114.05705261230467,115.62000274658205,119.1999969482422,115.5999984741211,6513700
2022-03-23,109.74993133544922,116.37000274658205,117.58000183105467,113.83000183105467,5069600
2022-03-24,114.66410064697266,115.43000030517578,119.0,114.61000061035156,4491300
2022-03-25,116.23471069335938,119.5,120.97000122070312,117.37000274658205,5748900
2022-03-28,118.75923919677734,120.19000244140624,123.30999755859376,118.6500015258789,7393200
2022-03-29,123.16272735595705,126.6500015258789,128.3000030517578,124.36000061035156,7236100
2022-03-30,120.9658203125,126.8499984741211,127.55999755859376,123.63999938964844,5336000
2022-03-31,115.43496704101562,124.86000061035156,125.54000091552734,119.62999725341795,6692700
2022-04-01,116.18653869628906,121.01000213623048,121.08999633789062,117.6999969482422,6850500
2022-04-04,119.02904510498048,120.83000183105467,123.88999938964844,120.1500015258789,4653600
2022-04-05,114.88572692871094,122.5199966430664,124.61000061035156,118.1500015258789,6092400
2022-04-06,111.4072723388672,115.83000183105467,117.43000030517578,113.06999969482422,9206700
2022-04-07,112.98751831054688,114.76000213623048,118.73999786376952,113.18000030517578,7267200
2022-04-08,112.16847229003906,116.61000061035156,118.66000366210938,115.0500030517578,6495300
2022-04-11,106.30037689208984,113.58000183105467,114.27999877929688,109.91000366210938,6388400
2022-04-12,105.15371704101562,112.69000244140624,114.66999816894533,107.8499984741211,9118900
2022-04-13,108.69002532958984,108.83000183105467,113.37000274658205,108.73999786376952,7047500
2022-04-14,104.69123077392578,112.98999786376952,113.87000274658205,108.4800033569336,6975100
2022-04-18,104.7490234375,107.86000061035156,110.02999877929688,106.94000244140624,6748300
2022-04-19,109.75957489013672,108.5999984741211,114.5199966430664,108.4800033569336,7687700
2022-04-20,109.5475845336914,115.37000274658205,115.9000015258789,112.73999786376952,8736500
2022-04-21,104.6526870727539,116.62999725341795,117.7699966430664,107.86000061035156,8543600
2022-04-22,96.05770111083984,107.62000274658205,107.94000244140624,99.1999969482422,10642300
2022-04-25,97.6090316772461,97.93000030517578,101.47000122070312,94.55999755859376,12037500
2022-04-26,89.15857696533203,99.51000213623048,99.5500030517578,92.5,11509700
2022-04-27,89.95832824707031,93.2699966430664,97.06999969482422,91.80999755859376,10594900
2022-04-28,96.72252655029295,96.77999877929688,101.5999984741211,93.54000091552734,10951100
2022-04-29,86.08477783203125,97.4499969482422,99.0,88.70999908447266,12550600
2022-05-02,87.50123596191406,89.26000213623047,91.7699966430664,84.70999908447266,13005500
2022-05-03,88.73458862304688,91.16000366210938,93.75,90.08999633789062,11027900
2022-05-04,96.77073669433594,92.55999755859376,100.87999725341795,90.3000030517578,15271500
2022-05-05,86.4605941772461,97.27999877929688,97.37000274658205,86.7300033569336,17335800
2022-05-06,85.01524353027344,88.01000213623047,90.4000015258789,84.5,13026500
2022-05-09,76.81532287597656,84.13999938964844,84.94000244140625,78.62999725341797,12736100
2022-05-10,77.22002410888672,83.5,84.38999938964844,77.6500015258789,13279600
2022-05-11,73.61627960205078,79.56999969482422,83.18000030517578,75.88999938964844,14137800
2022-05-12,73.31756591796875,74.38999938964844,78.11000061035156,71.93000030517578,15103600
2022-05-13,78.49191284179688,78.63999938964844,82.41000366210938,78.0,12191800
2022-05-16,77.65361785888672,80.5199966430664,82.93000030517578,79.04000091552734,9002900
2022-05-17,82.30763244628906,84.44000244140625,85.6500015258789,82.06999969482422,9367400
2022-05-18,72.48892211914062,82.48999786376953,82.66000366210938,74.37000274658203,11188000
2022-05-19,71.02429962158203,73.19000244140625,76.44999694824219,72.43000030517578,12067600
2022-05-20,71.1592025756836,75.93000030517578,76.23999786376953,68.68000030517578,14309600
2022-05-23,75.12907409667969,75.69000244140625,78.44000244140625,74.2699966430664,8728100
2022-05-24,73.4332046508789,75.4000015258789,76.94000244140625,72.11000061035156,10000200
2022-05-25,75.42777252197266,75.25,79.41999816894531,75.04000091552734,9618600
2022-05-26,79.82162475585938,78.98999786376953,83.91999816894531,78.87999725341797,10289900
2022-05-27,85.76683044433594,84.48999786376953,89.05999755859375,84.36000061035156,9095800
2022-05-31,84.263671875,87.81999969482422,89.7300033569336,85.5999984741211,9368100
2022-06-01,82.25945281982422,88.87999725341797,89.55999755859375,83.63999938964844,12219200
2022-06-02,86.85565948486328,85.25,90.22000122070312,83.72000122070312,9263400
2022-06-03,82.6256103515625,86.94999694824219,88.0,85.06999969482422,8448800
2022-06-06,83.29047393798828,88.4000015258789,89.54000091552734,85.7300033569336,7023000
2022-06-07,85.70899200439453,84.18000030517578,89.27999877929688,83.8499984741211,6904400
2022-06-08,82.94358825683594,87.80000305175781,89.0199966430664,85.52999877929688,6714400
2022-06-09,77.02729797363281,84.8499984741211,86.36000061035156,79.87000274658203,9555400
2022-06-10,70.30162048339844,75.9800033569336,76.5,72.87000274658203,10201800
2022-06-13,62.28477096557617,67.31999969482422,68.4000015258789,63.61000061035156,13407400
2022-06-14,61.696998596191406,65.52999877929688,66.1500015258789,62.27999877929688,12747500
2022-06-15,64.22152709960938,65.79000091552734,69.12000274658203,63.06999969482422,13417500
2022-06-16,58.04509735107422,62.11000061035156,62.310001373291016,58.70000076293945,12441700
2022-06-17,58.2667121887207,60.27000045776367,62.150001525878906,58.59000015258789,12106700
2022-06-21,62.5545654296875,63.40999984741211,65.70999908447266,63.369998931884766,8899100
2022-06-22,62.243919372558594,62.58000183105469,66.79000091552734,62.33000183105469,10063100
2022-06-23,64.04796600341797,65.72000122070312,66.83000183105469,63.7599983215332,11448000
2022-06-24,70.12572479248047,68.22000122070312,72.7300033569336,68.1500015258789,9278000
2022-06-27,69.40217590332031,73.29000091552734,73.44999694824219,71.26000213623047,8297900
2022-06-28,65.20562744140625,72.77999877929688,74.44000244140625,67.43000030517578,14727700
2022-06-29,65.0030288696289,67.83999633789062,68.3499984741211,66.30000305175781,9291700
2022-06-30,63.27617645263672,65.18000030517578,67.45999908447266,63.150001525878906,12643500
2022-07-01,65.28280639648438,65.25,67.94999694824219,63.84000015258789,10493100
2022-07-05,65.65904998779297,64.83000183105469,68.11000061035156,63.2599983215332,11532800
2022-07-06,66.36331176757812,68.1500015258789,70.16999816894531,66.83000183105469,10819900
2022-07-07,69.28639221191406,69.77999877929688,72.29000091552734,69.77999877929688,8082100
2022-07-08,69.10308837890625,70.86000061035156,72.7300033569336,69.9800033569336,10610000
2022-07-11,66.77812957763672,70.08999633789062,70.62999725341797,68.77999877929688,6940000
2022-07-12,65.0126724243164,68.87000274658203,70.20999908447266,66.33999633789062,8034000
2022-07-13,63.90325164794922,64.29000091552734,67.88999938964844,64.02999877929688,11907800
2022-07-14,63.43053817749024,63.56999969482422,66.0999984741211,62.15999984741211,12825300
2022-07-15,67.08684539794922,68.19999694824219,69.56999969482422,67.08999633789062,9905500
2022-07-18,65.43716430664062,71.19999694824219,71.62999725341797,67.06999969482422,8195000
2022-07-19,70.64667510986328,69.94000244140625,73.56999969482422,69.5999984741211,10098500
2022-07-20,71.98763275146484,73.33000183105469,75.48999786376953,72.56999969482422,12396000
2022-07-21,74.15827178955078,74.2699966430664,76.93000030517578,72.86000061035156,8852800
2022-07-22,72.1612777709961,76.95999908447266,77.69000244140625,73.4000015258789,8868100
2022-07-25,72.33494567871094,75.11000061035156,75.52999877929688,73.66999816894531,9424100
2022-07-26,69.78805541992188,74.04000091552734,74.1500015258789,71.80999755859375,11276600
2022-07-27,75.21943664550781,74.2699966430664,78.9800033569336,74.08999633789062,9784300
2022-07-28,77.97856903076172,78.44000244140625,81.30000305175781,76.26000213623047,12277200
2022-07-29,81.49014282226562,81.76000213623047,85.01000213623047,81.27999877929688,9893900
2022-08-01,80.70870971679688,82.62999725341797,85.25,82.18000030517578,9870600
2022-08-02,79.1072769165039,82.61000061035156,84.98999786376953,81.19000244140625,7797400
2022-08-03,82.7925033569336,83.27999877929688,86.55999755859375,83.12999725341797,7349200
2022-08-04,82.5610122680664,85.75,86.19000244140625,84.55000305175781,6793800
2022-08-05,82.059326171875,82.80000305175781,85.55999755859375,82.73999786376953,7612200
2022-08-08,81.87604522705078,86.20999908447266,87.69999694824219,84.11000061035156,6500600
2022-08-09,80.84379577636719,84.33999633789062,84.66000366210938,83.0999984741211,5581100
2022-08-10,85.88928985595703,88.29000091552734,89.18000030517578,87.08999633789062,8169300
2022-08-11,85.91822814941406,90.9499969482422,92.20999908447266,88.55999755859375,7822500
2022-08-12,90.17266845703124,90.3000030517578,93.58000183105467,89.66999816894531,6495100
2022-08-15,91.3206787109375,91.9800033569336,95.01000213623048,91.93000030517578,7073500
2022-08-16,91.85128021240234,93.91999816894533,96.5500030517578,93.33999633789062,8066800
2022-08-17,89.94110870361328,92.6999969482422,95.08000183105467,91.7699966430664,8655700
2022-08-18,90.6164321899414,93.2300033569336,94.43000030517578,92.4000015258789,5583200
2022-08-19,86.9022445678711,92.0199966430664,92.18000030517578,89.52999877929688,8116000
2022-08-22,81.50943756103516,86.9000015258789,86.94999694824219,83.87000274658203,8334300
2022-08-23,80.89202880859375,84.16000366210938,85.72000122070312,83.48999786376953,5783000
2022-08-24,81.60591888427734,83.69000244140625,85.51000213623047,83.2300033569336,6041800
2022-08-25,85.04033660888672,85.55000305175781,88.22000122070312,84.87999725341797,6901900
2022-08-26,76.42535400390625,88.12000274658203,88.44000244140625,79.18000030517578,11030500
2022-08-29,74.88179779052734,77.37000274658203,79.4800033569336,76.75,8057100
2022-08-30,72.3638687133789,78.33000183105469,78.43000030517578,73.75,10544800
2022-08-31,70.63700866699219,75.98999786376953,76.7300033569336,73.22000122070312,9523800
2022-09-01,71.36055755615234,71.97000122070312,74.1500015258789,70.4000015258789,11599800
2022-09-02,68.9969711303711,76.12000274658203,76.87000274658203,70.5,12264000
2022-09-06,68.2155532836914,72.05000305175781,72.5999984741211,69.47000122070312,11998900
2022-09-07,71.89115142822266,70.54000091552734,74.98999786376953,70.44999694824219,10334600
2022-09-08,73.31896209716797,73.12999725341797,76.26000213623047,72.45999908447266,11296900
2022-09-09,76.68582916259766,77.36000061035156,80.0199966430664,77.1500015258789,8487900
2022-09-12,79.13622283935547,80.77999877929688,82.5199966430664,80.5999984741211,7788200
2022-09-13,68.90050506591797,76.55000305175781,77.31999969482422,70.62999725341797,11152800
2022-09-14,69.61441802978516,72.05000305175781,72.98999786376953,70.25,7029500
2022-09-15,67.2219009399414,71.19000244140625,72.8499984741211,68.9000015258789,12230600
2022-09-16,65.57221984863281,67.20999908447266,68.37999725341797,66.16000366210938,12083900
2022-09-19,67.09649658203125,66.2300033569336,69.58999633789062,66.22000122070312,8042900
2022-09-20,64.83903503417969,67.69000244140625,68.25,65.63999938964844,10868000
2022-09-21,61.42390441894531,68.25,69.91000366210938,63.650001525878906,15241600
2022-09-22,59.83211898803711,63.209999084472656,63.7599983215332,61.630001068115234,13544300
2022-09-23,56.812530517578125,60.20000076293945,60.20000076293945,56.560001373291016,17195900
2022-09-26,55.10498046875,58.09999847412109,59.93000030517578,56.4900016784668,17961500
2022-09-27,54.69014358520508,58.93000030517578,59.959999084472656,55.47999954223633,20382900
2022-09-28,57.835147857666016,57.09000015258789,60.79999923706055,56.27000045776367,19484000
2022-09-29,54.18848419189453,58.16999816894531,58.29999923706055,54.70000076293945,19694400
2022-09-30,51.68985366821289,55.75,57.59999847412109,53.52000045776367,19868600
2022-10-03,55.72239303588867,55.369998931884766,58.66999816894531,54.459999084472656,16506800
2022-10-04,60.85472106933594,60.47999954223633,63.16999816894531,60.470001220703125,16016000
2022-10-05,60.44954299926758,60.83000183105469,63.880001068115234,59.619998931884766,20527700
2022-10-06,58.568321228027344,61.95000076293945,63.4900016784668,60.43999862670898,15517900
2022-10-07,53.66754531860352,58.61000061035156,58.790000915527344,54.709999084472656,16948000
2022-10-10,52.50022506713867,56.13999938964844,56.25,53.2400016784668,15983000
2022-10-11,51.40043640136719,53.52000045776367,55.66999816894531,52.34999847412109,18223100
2022-10-12,50.90844345092773,53.470001220703125,54.18999862670898,52.630001068115234,12665200
2022-10-13,54.844505310058594,49.4900016784668,57.56999969482422,48.970001220703125,25478900
2022-10-14,51.11102294921875,58.060001373291016,58.86000061035156,52.68000030517578,18814600
2022-10-17,54.98920440673828,55.81999969482422,57.54999923706055,55.77999877929688,13425000
2022-10-18,56.90900802612305,60.91999816894531,61.040000915527344,57.36000061035156,25395900
2022-10-19,55.7899284362793,57.97999954223633,59.369998931884766,56.36000061035156,16483800
2022-10-20,54.333194732666016,57.52000045776367,59.70000076293945,55.900001525878906,15314200
2022-10-21,58.21138000488281,56.15999984741211,60.61000061035156,55.40999984741211,19980700
2022-10-24,60.36272048950195,61.130001068115234,63.15999984741211,59.77000045776367,19565700
2022-10-25,63.26653289794922,62.52999877929688,65.7300033569336,62.5,18654000
2022-10-26,61.819454193115234,63.880001068115234,66.91999816894531,63.720001220703125,19561100
2022-10-27,60.78718566894531,64.58000183105469,65.55000305175781,62.68999862670898,14103700
2022-10-28,65.0802230834961,62.91999816894531,67.72000122070312,62.84000015258789,16617300
2022-10-31,63.67170715332031,66.0999984741211,67.13999938964844,65.48999786376953,13927900
2022-11-01,62.8420524597168,67.98999786376953,68.11000061035156,64.5,13013100
2022-11-02,58.09561538696289,64.77999877929688,67.20999908447266,60.150001525878906,20956900
2022-11-03,56.22405242919922,58.54999923706055,59.84000015258789,57.22999954223633,15490300
2022-11-04,58.62621307373047,61.09999847412109,61.9900016784668,57.790000915527344,20630700
2022-11-07,60.314483642578125,61.43000030517578,62.81999969482422,60.38999938964844,10806700
2022-11-08,61.29850006103516,63.06999969482422,65.05999755859375,61.40999984741211,17112900
2022-11-09,57.49748992919922,62.43999862670898,63.06999969482422,59.310001373291016,14645000
2022-11-10,66.89388275146484,66.19999694824219,69.54000091552734,65.05999755859375,18469400
2022-11-11,68.87157440185547,69.8499984741211,71.81999969482422,68.7699966430664,16787600
2022-11-14,67.08684539794922,70.3499984741211,72.25,69.37999725341797,11720600
2022-11-15,68.78475189208984,72.66000366210938,73.30000305175781,69.18000030517578,18633600
2022-11-16,67.24119567871094,70.4000015258789,70.87999725341797,69.29000091552734,13779600
2022-11-17,66.52730560302734,66.97000122070312,69.33999633789062,66.80000305175781,13413600
2022-11-18,67.45342254638672,70.77999877929688,70.80999755859375,68.29000091552734,12012100
2022-11-21,66.65270233154297,69.13999938964844,69.7300033569336,68.04000091552734,8489200
2022-11-22,69.34427642822266,70.05999755859375,71.95999908447266,69.3499984741211,11029400
2022-11-23,70.55018615722656,71.6500015258789,73.44999694824219,71.51000213623047,12872500
2022-11-25,70.50194549560547,72.83000183105469,73.41000366210938,72.66999816894531,3990700
2022-11-28,67.14472198486328,71.30000305175781,72.23999786376953,69.12999725341797,9502300
2022-11-29,66.76847839355469,69.62000274658203,70.27999877929688,68.18000030517578,10442100
2022-11-30,72.92340087890625,69.30999755859375,75.66999816894531,68.26000213623047,15591700
2022-12-01,72.88481903076172,76.37000274658203,77.0199966430664,74.05999755859375,13780700
2022-12-02,72.53752899169922,72.58999633789062,75.73999786376953,72.55999755859375,13710900
2022-12-05,68.64005279541016,73.5999984741211,74.12000274658203,70.3499984741211,12565200
2022-12-06,65.668701171875,71.01000213623047,71.33000183105469,66.86000061035156,14167700
2022-12-07,65.24420928955078,67.5199966430664,68.94999694824219,67.05000305175781,16501500
2022-12-08,66.78777313232422,68.6500015258789,69.80000305175781,67.79000091552734,16590200
2022-12-09,65.27315521240234,68.5,69.9000015258789,67.58000183105469,10681100
2022-12-12,68.01296997070312,68.02999877929688,70.54000091552734,67.68000030517578,8340400
2022-12-13,69.54688262939453,76.56999969482422,76.62999725341797,70.5999984741211,22673500
2022-12-14,68.24449920654297,71.9000015258789,74.11000061035156,69.05000305175781,17011800
2022-12-15,63.17970275878906,67.98999786376953,68.47000122070312,64.55999755859375,17687900
2022-12-16,60.8740234375,64.11000061035156,64.79000091552734,62.0,16196200
2022-12-19,59.34976196289063,63.2400016784668,63.369998931884766,60.63999938964844,12163300
2022-12-20,59.5566291809082,60.970001220703125,62.41999816894531,60.31999969482422,14691000
2022-12-21,62.21497344970703,62.91999816894531,64.93000030517578,62.619998931884766,15715800
2022-12-22,59.54695510864258,62.720001220703125,62.88999938964844,58.61000061035156,22328200
2022-12-23,60.44596481323242,61.02000045776367,62.630001068115234,60.20000076293945,12906400
2022-12-27,59.75962448120117,62.5,62.66999816894531,60.95000076293945,9214400
2022-12-28,57.54594421386719,61.77000045776367,62.7599983215332,59.41999816894531,14031200
2022-12-29,60.52330017089844,60.869998931884766,63.09999847412109,60.619998931884766,12007000
2022-12-30,60.03995895385742,61.22999954223633,62.150001525878906,60.15999984741211,11174400
2023-01-03,59.31496810913086,63.02999877929688,64.04000091552734,59.880001068115234,18048500
2023-01-04,60.619964599609375,62.43999862670898,63.75,60.900001525878906,17139400
2023-01-05,58.51261901855469,61.68999862670898,61.7400016784668,60.25,15680900
2023-01-06,62.48563766479492,62.04999923706055,65.22000122070312,60.52999877929688,18489900
2023-01-09,62.40830993652344,65.80000305175781,67.44999694824219,64.44000244140625,11824200
2023-01-10,63.68430709838867,64.20999908447266,65.91999816894531,63.720001220703125,11130700
2023-01-11,66.10098266601562,66.70999908447266,68.41999816894531,66.27999877929688,12485900
2023-01-12,66.75833129882812,68.91000366210938,69.86000061035156,66.7300033569336,18862000
2023-01-13,67.45433044433594,67.26000213623047,70.11000061035156,67.12000274658203,11262000
2023-01-17,67.10633087158203,69.80000305175781,70.69000244140625,69.02999877929688,9122800
2023-01-18,63.916316986083984,70.04000091552734,70.62999725341797,66.0199966430664,16848500
2023-01-19,62.5146484375,64.95999908447266,65.8499984741211,63.93000030517578,14128500
2023-01-20,65.85932922363281,65.33000183105469,68.2699966430664,64.44000244140625,9568900
2023-01-23,68.23733520507812,68.58000183105469,71.66000366210938,68.08000183105469,11032800
2023-01-24,68.02466583251953,69.70999908447266,70.87999725341797,69.0199966430664,9483300
2023-01-25,68.12133026123047,68.0999984741211,70.62999725341797,66.86000061035156,16059100
2023-01-26,70.22869110107422,71.86000061035156,72.79000091552734,70.23999786376953,13947200
2023-01-27,70.70233917236328,72.08999633789062,74.51000213623047,71.97000122070312,13196400
2023-01-30,68.072998046875,71.58999633789062,72.86000061035156,70.23999786376953,11013700
2023-01-31,71.00200653076172,70.66000366210938,73.48999786376953,70.45999908447266,10904800
2023-02-01,73.29302215576172,72.80000305175781,77.38999938964844,71.2300033569336,17770400
2023-02-02,76.39604187011719,77.98999786376953,79.91999816894531,76.91999816894531,16604600
2023-02-03,73.97936248779297,76.12999725341797,79.16999816894531,75.80000305175781,13377300
2023-02-06,72.64535522460938,75.04000091552734,75.9000015258789,74.12000274658203,9206900
2023-02-07,75.4003677368164,74.54000091552734,78.7300033569336,73.83000183105469,15933100
2023-02-08,72.98368072509766,76.8499984741211,77.62999725341797,75.05000305175781,14326300
2023-02-09,71.01167297363281,77.48999786376953,77.55999755859375,72.70999908447266,13055200
2023-02-10,71.39835357666016,72.72000122070312,74.11000061035156,72.26000213623047,10542400
2023-02-13,73.90203094482422,74.26000213623047,76.54000091552734,73.97000122070312,10826700
2023-02-14,73.79569244384766,75.55999755859375,77.69000244140625,74.04000091552734,18702000
2023-02-15,74.49169921875,75.06999969482422,77.12999725341797,74.58000183105469,14441800
2023-02-16,71.3886947631836,74.12999725341797,76.41999816894531,73.75,16007700
2023-02-17,70.76033782958984,72.62000274658203,73.33999633789062,71.45999908447266,11919400
2023-02-21,66.48766326904297,70.91999816894531,71.5,68.62999725341797,15302900
2023-02-22,66.21699523925781,68.9800033569336,69.81999969482422,67.72000122070312,22711300
2023-02-23,67.17400360107422,69.98999786376953,70.31999969482422,67.25,15793700
2023-02-24,64.98932647705078,66.7300033569336,67.70999908447266,65.81999969482422,19089700
2023-02-27,65.60800170898438,69.0199966430664,69.72000122070312,67.41999816894531,12635100
2023-02-28,64.89265441894531,67.6500015258789,68.66999816894531,67.08000183105469,13500300
2023-03-01,64.206298828125,66.68000030517578,67.3499984741211,65.6500015258789,19913800
2023-03-02,65.55964660644531,65.2699966430664,68.29000091552734,65.0999984741211,16244500
2023-03-03,68.6433334350586,68.80000305175781,71.20999908447266,68.41000366210938,16509000
2023-03-06,68.84634399414062,71.5199966430664,72.77999877929688,70.98999786376953,12063200
2023-03-07,65.65631866455078,71.12000274658203,71.30000305175781,67.56999969482422,18030500
2023-03-08,65.93666076660156,67.95999908447266,68.62999725341797,67.02999877929688,17279500
2023-03-09,62.28264617919922,68.58999633789062,69.48999786376953,63.84999847412109,19511800
2023-03-10,59.53728866577149,64.08000183105469,65.13999938964844,60.77999877929688,28624600
2023-03-13,59.247291564941406,59.61000061035156,63.70000076293945,59.060001373291016,22789800
2023-03-14,62.08930969238281,63.72999954223633,65.12000274658203,62.04999923706055,18774200
2023-03-15,61.03563690185547,61.34000015258789,63.16999816894531,60.310001373291016,31288500
2023-03-16,64.09031677246094,61.84999847412109,66.47000122070312,61.56999969482422,23814300
2023-03-17,61.87664031982422,65.6500015258789,66.18000030517578,63.2400016784668,19615100
2023-03-20,63.57798004150391,64.33000183105469,66.0,63.9900016784668,14210100
2023-03-21,66.08390045166016,67.29000091552734,68.36000061035156,66.41999816894531,10938300
2023-03-22,62.77437973022461,68.0,69.91999816894531,64.58999633789062,16604200
2023-03-23,63.11405944824219,66.02999877929688,68.11000061035156,63.70000076293945,18413100
2023-03-24,64.35635375976562,64.41999816894531,66.37999725341797,63.16999816894531,14070100
2023-03-27,64.68633270263672,67.51000213623047,67.9000015258789,66.20999908447266,11815200
2023-03-28,64.26899719238281,66.30999755859375,66.66000366210938,65.23999786376953,10817000
2023-03-29,67.07383728027344,68.37999725341797,69.2300033569336,67.76000213623047,11417500
2023-03-30,68.16085052490234,70.47000122070312,70.5999984741211,69.25,13065200
2023-03-31,71.02394104003906,70.70999908447266,73.31999969482422,70.6500015258789,10711800
2023-04-03,71.77125549316406,72.87000274658203,74.20999908447266,72.62999725341797,12177900
2023-04-04,70.6163101196289,74.3499984741211,74.5,71.95999908447266,13972700
2023-04-05,69.9854736328125,72.25,72.69999694824219,71.19999694824219,11163000
2023-04-06,70.71337127685547,71.63999938964844,73.04000091552734,71.02999877929688,10565400
2023-04-10,70.95601654052734,71.4800033569336,73.13999938964844,71.1500015258789,9575800
2023-04-11,70.93659210205078,73.4000015258789,73.9000015258789,72.70999908447266,8626100
2023-04-12,70.13105773925781,74.2699966430664,74.41999816894531,71.91000366210938,17729600
2023-04-13,72.7806167602539,72.80000305175781,75.2300033569336,72.52999877929688,10435000
2023-04-14,72.30504608154297,74.6500015258789,75.87000274658203,73.12999725341797,11725200
2023-04-17,73.03294372558594,74.37000274658203,75.29000091552734,73.68000030517578,10242600
2023-04-18,73.1300048828125,76.12000274658203,76.18000030517578,74.56999969482422,9345700
2023-04-19,73.1300048828125,74.2699966430664,75.81999969482422,74.2300033569336,11041200
2023-04-20,71.8100814819336,73.6500015258789,75.01000213623047,73.13999938964844,11843300
2023-04-21,71.93624114990234,74.08999633789062,74.38999938964844,73.04000091552734,9073600
2023-04-24,72.14006805419922,73.98999786376953,74.58999633789062,73.23999786376953,7780300
2023-04-25,68.74317169189453,73.25,73.5199966430664,70.76000213623047,11346600
2023-04-26,67.840576171875,71.13999938964844,71.68000030517578,69.58000183105469,12637700
2023-04-27,71.8100814819336,71.19000244140625,74.13999938964844,71.08000183105469,12998600
2023-04-28,73.63469696044922,73.48999786376953,75.87000274658203,73.44000244140625,9661000
2023-05-01,73.35324096679688,75.55000305175781,76.75,75.44999694824219,7783300
2023-05-02,70.91717529296875,75.16999816894531,75.18000030517578,71.37000274658203,13992500
2023-05-03,69.36432647705078,73.27999877929688,74.61000061035156,71.36000061035156,20785000
2023-05-04,67.89881896972656,70.87000274658203,71.04000091552734,69.19000244140625,15061700
2023-05-05,71.54804229736328,71.86000061035156,74.30999755859375,71.69000244140625,10082500
2023-05-08,71.62567901611328,73.87000274658203,74.05000305175781,73.0199966430664,7587800
2023-05-09,70.69393920898438,72.87999725341797,73.4000015258789,72.66000366210938,5791000
2023-05-10,71.64508819580078,74.3499984741211,74.69000244140625,71.69000244140625,16785600
2023-05-11,71.16952514648438,73.27999877929688,73.51000213623047,72.19999694824219,9695100
2023-05-12,70.85895538330078,73.98999786376953,74.08999633789062,71.66000366210938,10101000
2023-05-15,71.538330078125,73.33000183105469,73.95999908447266,72.2699966430664,8893000
2023-05-16,70.12134552001953,73.08999633789062,73.5999984741211,72.2300033569336,7032600
2023-05-17,72.63504028320312,73.33000183105469,75.19000244140625,72.44000244140625,11161200
2023-05-18,74.64404296875,74.62000274658203,77.18000030517578,74.5,11482500
2023-05-19,74.34317016601562,77.41999816894531,77.70999908447266,75.86000061035156,9511500
2023-05-22,74.40141296386719,76.55999755859375,77.51000213623047,75.86000061035156,8110000
2023-05-23,71.87800598144531,75.68000030517578,76.23999786376953,73.80000305175781,8885700
2023-05-24,70.29603576660156,73.13999938964844,73.31999969482422,71.75,16363700
2023-05-25,72.0235824584961,74.25,75.02999877929688,73.05000305175781,11940300
2023-05-26,74.79933166503906,74.52999877929688,77.44000244140625,74.47000122070312,13126000
2023-05-30,74.80903625488281,78.12999725341797,78.43000030517578,76.30999755859375,9094100
2023-05-31,73.59587860107422,75.9800033569336,76.55999755859375,74.91000366210938,12182400
2023-06-01,75.63399505615234,75.87999725341797,78.5,75.19000244140625,11584500
2023-06-02,78.8561782836914,79.37000274658203,81.69999694824219,79.04000091552734,10481200
2023-06-05,78.34180450439453,81.44000244140625,82.16999816894531,80.33000183105469,10645600
2023-06-06,78.8755874633789,80.45999908447266,81.55999755859375,80.08999633789062,7150300
2023-06-07,78.09916687011719,81.44999694824219,82.13999938964844,80.13999938964844,14289000
2023-06-08,79.32203674316406,80.37999725341797,82.04000091552734,79.93000030517578,8148100
2023-06-09,79.78789520263672,82.2300033569336,83.36000061035156,81.58000183105469,8884800
2023-06-12,81.8551254272461,82.75,84.41000366210938,82.30999755859375,6507300
2023-06-13,83.46623992919922,85.2699966430664,86.41000366210938,84.8499984741211,10559700
2023-06-14,83.88357543945312,86.22000122070312,87.44999694824219,84.19999694824219,20155900
2023-06-15,86.76605987548828,85.76000213623047,90.22000122070312,85.69999694824219,13981000
2023-06-16,85.853759765625,90.66000366210938,90.6999969482422,88.16000366210938,10017400
2023-06-20,84.57263946533203,87.22000122070312,87.7699966430664,85.7699966430664,6915800
2023-06-21,83.23710632324219,86.16999816894531,86.66999816894531,85.08000183105469,10555800
2023-06-22,83.98663330078125,84.81999969482422,86.33999633789062,84.5999984741211,9987200
2023-06-23,82.07874298095703,84.12000274658203,85.37999725341797,83.8499984741211,8737800
2023-06-26,81.01770782470703,83.94000244140625,85.08000183105469,83.0999984741211,9601100
2023-06-27,83.68489074707031,83.73999786376953,86.31999969482422,83.45999908447266,11297600
2023-06-28,83.860107421875,85.2699966430664,86.68000030517578,84.87999725341797,14974900
2023-06-29,84.72644805908203,85.7300033569336,87.11000061035156,85.5199966430664,8989900
2023-06-30,87.58831024169922,88.91999816894531,90.5999984741211,88.72000122070312,8264600
2023-07-03,87.8998031616211,89.73999786376953,90.44000244140624,89.55999755859375,3604500
2023-07-05,87.48123168945312,89.0999984741211,90.31999969482422,89.0999984741211,12400100
2023-07-06,85.28128814697266,87.5199966430664,87.94000244140625,86.08999633789062,14827000
2023-07-07,84.59989166259766,86.9800033569336,89.37999725341797,86.77999877929688,8788800
2023-07-10,85.20342254638672,86.6500015258789,87.68000030517578,86.33000183105469,6371500
2023-07-11,86.88744354248047,88.0,89.52999877929688,87.4000015258789,10022700
2023-07-12,88.90242004394531,91.56999969482422,92.2300033569336,90.68000030517578,20474600
2023-07-13,90.8784637451172,92.41000366210938,93.94000244140624,92.18000030517578,7872500
2023-07-14,90.69351196289062,93.97000122070312,94.5,92.70999908447266,7729100
2023-07-17,91.62799072265624,93.04000091552734,94.81999969482422,93.01000213623048,7687300
2023-07-18,93.6040267944336,93.91000366210938,96.62000274658205,93.62000274658205,10001400
2023-07-19,94.12966918945312,96.70999908447266,97.58999633789062,96.2699966430664,11096800
2023-07-20,92.3191146850586,96.05999755859376,96.68000030517578,94.31999969482422,10804600
2023-07-21,92.25096893310548,95.86000061035156,96.01000213623048,94.73999786376952,7187700
2023-07-24,93.40935516357422,95.47000122070312,96.51000213623048,95.08000183105467,5986500
2023-07-25,94.19781494140624,95.77999877929688,97.55999755859376,95.75,6582100
2023-07-26,94.2562255859375,96.0999984741211,97.6999969482422,95.41000366210938,15197000
2023-07-27,92.28990173339844,98.94000244140624,99.1999969482422,94.16000366210938,11782900
2023-07-28,94.8889617919922,96.83999633789062,98.0500030517578,96.3499984741211,8873600
2023-07-31,95.48271942138672,97.77999877929688,98.27999877929688,96.91999816894533,5720700
2023-08-01,94.53851318359376,97.02999877929688,97.6500015258789,96.54000091552734,5450100
2023-08-02,90.6351089477539,95.0500030517578,95.25,92.58999633789062,9704600
2023-08-03,89.78822326660156,91.7300033569336,93.41000366210938,91.29000091552734,7617400
2023-08-04,88.48384094238281,93.33000183105467,94.66000366210938,90.56999969482422,10493700
2023-08-07,90.75191497802734,92.02999877929688,93.33999633789062,91.5999984741211,6696200
2023-08-08,89.59355163574219,91.61000061035156,92.29000091552734,89.83999633789062,8697300
2023-08-09,87.792724609375,92.19000244140624,92.2300033569336,89.63999938964844,10228400
2023-08-10,87.77325439453125,91.51000213623048,93.66000366210938,89.4000015258789,15466100
2023-08-11,87.54936218261719,88.87999725341797,90.56999969482422,88.52999877929688,9366200
2023-08-14,88.92188262939453,89.29000091552734,91.38999938964844,89.12999725341797,6042800
2023-08-15,85.88481903076172,90.25,90.4499969482422,87.81999969482422,8806300
2023-08-16,83.95745086669922,87.83999633789062,88.9000015258789,86.16000366210938,9315300
2023-08-17,81.90351867675781,87.0199966430664,87.16000366210938,83.80999755859375,11069200
2023-08-18,81.91326141357422,82.33999633789062,84.83000183105469,82.19000244140625,8221100
2023-08-21,83.55833435058594,84.76000213623047,86.27999877929688,83.48999786376953,6650500
2023-08-22,82.79907989501953,86.77999877929688,86.87999725341797,84.76000213623047,7012000
2023-08-23,85.53437805175781,85.66000366210938,88.27999877929688,85.62000274658203,6090900
2023-08-24,81.98139953613281,88.81999969482422,89.13999938964844,84.13999938964844,6831200
2023-08-25,83.64595031738281,85.18000030517578,86.69000244140625,83.04000091552734,10681400
2023-08-28,85.1352767944336,87.20999908447266,87.9000015258789,86.41000366210938,5712900
2023-08-29,88.84400177001953,87.44999694824219,91.47000122070312,87.33000183105469,7596400
2023-08-30,90.01211547851562,91.52999877929688,92.8000030517578,91.0199966430664,7348800
2023-08-31,89.46701049804688,92.70999908447266,93.41000366210938,91.79000091552734,5453400
2023-09-01,89.91476440429688,93.62000274658205,93.87999725341795,91.44000244140624,5485400
2023-09-05,88.71745300292969,92.06999969482422,92.26000213623048,91.0999984741211,4136800
2023-09-06,86.91664123535156,90.5999984741211,90.66000366210938,87.80999755859375,6308600
2023-09-07,85.9821548461914,87.33999633789062,88.79000091552734,87.12000274658203,5910700
2023-09-08,86.36177825927734,88.38999938964844,89.66000366210938,88.12000274658203,5419300
2023-09-11,88.03607940673828,90.27999877929688,90.62999725341795,89.23999786376953,5197400
2023-09-12,86.5467529296875,89.48999786376953,90.4499969482422,88.55999755859375,5367300
2023-09-13,86.87769317626953,89.0,89.91999816894531,88.33999633789062,6003100
2023-09-14,88.99976348876953,90.68000030517578,91.8499984741211,89.83000183105469,5651200
2023-09-15,85.72907257080078,90.44000244140624,90.58000183105467,87.80000305175781,9077400
2023-09-18,85.89454650878906,87.8499984741211,88.9800033569336,87.55999755859375,5653800
2023-09-19,85.35213470458984,87.37999725341797,87.76000213623047,85.7699966430664,7027700
2023-09-20,82.88396453857422,88.12999725341797,88.41000366210938,84.88999938964844,10040700
2023-09-21,78.76708221435547,83.19999694824219,83.36000061035156,80.5999984741211,10337700
2023-09-22,78.12320709228516,81.25,82.16999816894531,79.87999725341797,10096700
2023-09-25,79.09876251220703,79.36000061035156,81.11000061035156,79.13999938964844,8551700
2023-09-26,75.57699584960938,79.29000091552734,79.69999694824219,77.0199966430664,13269800
2023-09-27,75.61601257324219,78.12000274658203,78.44000244140625,75.51000213623047,14746900
2023-09-28,76.9427719116211,77.25,79.77999877929688,76.83999633789062,11895200
2023-09-29,76.28913879394531,80.54000091552734,80.62000274658203,77.37000274658203,15546100
2023-10-02,76.20133972167969,77.72000122070312,78.80999755859375,76.55999755859375,13468200
2023-10-03,73.09905242919922,76.83000183105469,77.70999908447266,74.16999816894531,13343700
2023-10-04,74.74774169921875,75.16000366210938,76.97000122070312,74.36000061035156,12714500
2023-10-05,74.54288482666016,76.33000183105469,76.86000061035156,74.62000274658203,8347300
2023-10-06,77.08909606933594,75.0,79.91000366210938,74.23999786376953,12329600
2023-10-09,78.55245208740234,77.94000244140625,80.88999938964844,77.63999938964844,9563600
2023-10-10,79.79141998291016,80.91000366210938,83.27999877929688,80.6500015258789,9483900
2023-10-11,80.7767333984375,82.4000015258789,82.91999816894531,80.9800033569336,8294000
2023-10-12,79.25486755371094,83.05000305175781,83.2699966430664,79.80000305175781,11726300
2023-10-13,77.96711730957031,82.02999877929688,82.69999694824219,79.0,13110800
2023-10-16,80.4157943725586,81.18000030517578,83.02999877929688,81.02999877929688,11148700
2023-10-17,80.35723876953125,80.55999755859375,83.55999755859375,80.3499984741211,14245700
2023-10-18,77.13789367675781,81.30999755859375,81.87000274658203,78.41999816894531,14273500
2023-10-19,75.0306625366211,79.36000061035156,80.4000015258789,76.51000213623047,14782300
2023-10-20,72.21128845214844,76.62999725341797,76.9000015258789,73.93000030517578,16557500
2023-10-23,71.78203582763672,73.12000274658203,75.69000244140625,72.18000030517578,17597900
2023-10-24,73.41123962402344,74.69000244140625,75.8499984741211,73.70999908447266,13914400
2023-10-25,70.21138763427734,74.30999755859375,74.30999755859375,71.69000244140625,14034300
2023-10-26,67.6749038696289,71.3499984741211,71.77999877929688,68.81999969482422,13897800
2023-10-27,66.66032409667969,70.0999984741211,70.30000305175781,67.5999984741211,16908800
2023-10-30,69.05044555664062,69.73999786376953,71.29000091552734,69.06999969482422,13486500
2023-10-31,70.27967071533203,71.0199966430664,72.22000122070312,70.02999877929688,14616400
2023-11-01,72.5234603881836,72.54000091552734,74.77999877929688,72.26000213623047,14963500
2023-11-02,76.65010070800781,76.4000015258789,78.6500015258789,76.36000061035156,10974000
2023-11-03,78.69879150390625,79.83000183105469,81.55000305175781,79.76000213623047,13149800
2023-11-06,79.21583557128906,81.08000183105469,81.45999908447266,80.08999633789062,11053500
2023-11-07,79.86946868896484,81.16999816894531,82.2300033569336,80.5199966430664,8066300
2023-11-08,79.99629211425781,82.18000030517578,82.48999786376953,80.68000030517578,9689000
2023-11-09,78.06466674804688,82.62999725341797,82.63999938964844,79.77999877929688,13341500
2023-11-10,81.66449737548828,81.1500015258789,83.91000366210938,80.31999969482422,11454200
2023-11-13,81.37183380126953,82.93000030517578,84.12999725341797,82.47000122070312,10214800
2023-11-14,86.13258361816406,86.97000122070312,89.05999755859375,86.80000305175781,10930700
2023-11-15,86.66913604736328,89.08000183105469,89.83999633789062,88.33000183105469,8035400
2023-11-16,86.87401580810547,88.51000213623047,89.29000091552734,87.86000061035156,8829600
2023-11-17,87.34229278564453,89.05000305175781,89.76000213623047,88.51000213623047,10775100
2023-11-20,89.1666030883789,89.20999908447266,91.9499969482422,89.20999908447266,10069200
2023-11-21,88.52271270751953,90.72000122070312,91.04000091552734,90.0,12771000
2023-11-22,89.51779174804688,91.70999908447266,92.56999969482422,91.08000183105467,8061700
2023-11-24,89.60559844970703,91.6999969482422,91.95999908447266,91.5199966430664,2941200
2023-11-27,89.09829711914062,91.41000366210938,91.95999908447266,91.0999984741211,6130200
2023-11-28,89.34220123291016,91.0500030517578,92.4000015258789,90.72000122070312,6739200
2023-11-29,89.18611145019531,92.9000015258789,93.58999633789062,91.12999725341795,7805900
2023-11-30,90.13240814208984,91.83000183105467,92.58999633789062,90.52999877929688,10001900
2023-12-01,91.6250228881836,91.95999908447266,94.30999755859376,91.58999633789062,10621300
2023-12-04,90.23970794677734,91.8000030517578,92.63999938964844,91.02999877929688,11775000
2023-12-05,90.15192413330078,91.52999877929688,92.9800033569336,91.33000183105467,10406000
2023-12-06,88.97147369384766,93.68000030517578,93.70999908447266,90.95999908447266,9167000
2023-12-07,90.9421157836914,92.44000244140624,93.63999938964844,92.05999755859376,7221800
2023-12-08,92.03473663330078,92.70999908447266,94.6999969482422,92.55999755859376,9790700
2023-12-11,93.13713836669922,94.23999786376952,95.55999755859376,93.91000366210938,6082500
2023-12-12,94.3760986328125,95.20999908447266,96.79000091552734,94.56999969482422,6052000
2023-12-13,98.20032501220705,96.94000244140624,100.87999725341795,96.70999908447266,10743200
2023-12-14,99.06857299804688,101.88999938964844,102.68000030517578,99.79000091552734,10282000
2023-12-15,98.64908599853516,101.12999725341795,101.87000274658205,100.47000122070312,9053500
2023-12-18,100.2197494506836,102.12000274658205,103.37000274658205,101.9800033569336,7070200
2023-12-19,101.97573852539062,103.08000183105467,104.5999984741211,103.0,5429400
2023-12-20,97.59546661376952,103.9000015258789,105.20999908447266,99.91999816894533,11952500
2023-12-21,100.30994415283205,101.6999969482422,102.7300033569336,100.12000274658205,8639100
2023-12-22,100.9264144897461,103.27999877929688,104.26000213623048,101.87999725341795,6531300
2023-12-26,102.12022399902344,103.37999725341795,105.01000213623048,103.3000030517578,4480100
2023-12-27,102.74650573730467,104.23999786376952,105.08000183105467,103.91000366210938,7931500
2023-12-28,102.74650573730467,105.01000213623048,105.4800033569336,104.6500015258789,5232600
2023-12-29,101.75816345214844,104.6500015258789,105.11000061035156,102.6500015258789,8692600
2024-01-02,99.92830657958984,101.87999725341795,102.83999633789062,100.76000213623048,8732800
2024-01-03,97.49175262451172,100.6999969482422,101.1999969482422,99.25,11632600
2024-01-04,96.51319885253906,99.2699966430664,100.93000030517578,98.44000244140624,7422300
2024-01-05,96.8067626953125,98.6500015258789,100.5500030517578,98.0,10967400
2024-01-08,100.88727569580078,99.22000122070312,103.2300033569336,99.1500015258789,8596400
2024-01-09,100.3588638305664,101.31999969482422,103.33000183105467,100.98999786376952,11699800
2024-01-10,102.12022399902344,102.8000030517578,104.93000030517578,102.5999984741211,9823600
2024-01-11,101.8462371826172,104.87000274658205,105.22000122070312,101.37999725341795,8716900
2024-01-12,102.0125961303711,104.97000122070312,105.4800033569336,103.29000091552734,6557100
2024-01-16,100.84813690185548,103.26000213623048,104.1500015258789,101.81999969482422,13261800
2024-01-17,99.14546966552734,100.95999908447266,101.62000274658205,99.72000122070312,8442300
2024-01-18,101.67010498046876,102.27999877929688,104.22000122070312,101.2699966430664,7684400
2024-01-19,105.34941864013672,104.5999984741211,107.91000366210938,104.13999938964844,10010800
2024-01-22,106.02459716796876,108.70999908447266,109.55999755859376,107.91999816894533,12762900
2024-01-23,106.89549255371094,108.68000030517578,109.43000030517578,107.95999908447266,6720800
2024-01-24,107.1988525390625,111.18000030517578,111.87000274658205,109.3499984741211,7679600
2024-01-25,108.93084716796876,110.9499969482422,111.4800033569336,109.51000213623048,6089600
2024-01-26,108.5394287109375,110.93000030517578,111.9800033569336,110.2300033569336,10774900
2024-01-29,110.94664001464844,110.95999908447266,113.51000213623048,110.61000061035156,5696300
2024-01-30,110.71177673339844,112.87999725341795,113.61000061035156,112.56999969482422,4861300
2024-01-31,105.25154876708984,111.5,111.83000183105467,107.48999786376952,10411500
2024-02-01,109.21463012695312,108.58000183105467,111.68000030517578,108.02999877929688,15098100
2024-02-02,112.6395034790039,111.91000366210938,116.3000030517578,111.68000030517578,9528000
2024-02-05,111.377197265625,114.63999938964844,114.95999908447266,112.2300033569336,11377300
2024-02-06,112.27745056152344,114.47000122070312,115.0199966430664,113.4499969482422,6819200
2024-02-07,115.04672241210938,116.36000061035156,117.93000030517578,115.73999786376952,5542800
2024-02-08,115.18370819091795,117.52999877929688,117.94000244140624,116.91999816894533,4075700
2024-02-09,117.05271911621094,118.0,119.98999786376952,117.73999786376952,5414900
2024-02-12,116.85700225830078,119.6500015258789,121.26000213623048,118.93000030517578,5474100
2024-02-13,112.0523910522461,114.8000030517578,115.75,112.08999633789062,9210600
2024-02-14,115.03693389892578,116.33999633789062,117.93000030517578,114.66000366210938,6561800
2024-02-15,117.24842071533205,117.98999786376952,119.98999786376952,117.58999633789062,6601900
2024-02-16,115.43812561035156,119.61000061035156,120.4000015258789,117.47000122070312,6946900
2024-02-20,113.46147918701172,116.70999908447266,117.19000244140624,114.38999938964844,6589200
2024-02-21,113.75505065917967,115.0199966430664,116.38999938964844,113.7300033569336,6509200
2024-02-22,120.75160217285156,120.91000366210938,124.0999984741211,120.2699966430664,6293300
2024-02-23,120.87879943847656,124.62999725341795,125.27999877929688,123.05999755859376,6649300
2024-02-26,119.60670471191406,123.87999725341795,124.22000122070312,122.12000274658205,4292600
2024-02-27,120.17424774169922,122.69000244140624,123.0199966430664,121.27999877929688,4652400
2024-02-28,119.6262664794922,121.68000030517578,122.76000213623048,121.37999725341795,3882300
2024-02-29,120.78094482421876,123.5500030517578,124.73999786376952,121.56999969482422,6950900
2024-03-01,124.31348419189452,124.16000366210938,127.30999755859376,123.83000183105467,6119100
2024-03-04,123.77527618408205,126.37999725341795,127.94000244140624,126.31999969482422,4766400
2024-03-05,120.06661224365234,124.94000244140624,125.31999969482422,121.0,6849300
2024-03-06,121.86712646484376,125.12000274658205,126.1999969482422,123.54000091552734,6240700
2024-03-07,125.39964294433594,126.93000030517578,128.92999267578125,126.22000122070312,5795800
2024-03-08,123.0315933227539,128.57000732421875,130.60000610351562,125.29000091552734,9774600
2024-03-11,122.67931365966795,124.75,125.8000030517578,123.33000183105467,7690100
2024-03-12,126.61305236816406,126.91999816894533,129.80999755859375,125.0,6147900
2024-03-13,125.94763946533205,129.5500030517578,129.7100067138672,127.62000274658205,3708000
2024-03-14,125.0571746826172,129.3300018310547,129.4600067138672,125.48999786376952,5564600
2024-03-15,122.34660339355467,125.41000366210938,126.52999877929688,124.0500030517578,6092300
2024-03-18,124.55810546875,128.1699981689453,129.24000549316406,126.9800033569336,6188800
2024-03-19,126.69303894042967,126.33999633789062,129.2100067138672,125.58000183105467,5291800
2024-03-20,130.01080322265625,129.02000427246094,132.63999938964844,128.47999572753906,6279100
2024-03-21,131.22796630859375,134.6699981689453,135.1999969482422,133.50999450683594,4330600
2024-03-22,130.4917755126953,133.49000549316406,133.99000549316406,132.75,4111700
2024-03-25,129.45132446289062,131.75999450683594,132.67999267578125,131.64999389648438,5737500
2024-03-26,128.40101623535156,132.8699951171875,133.08999633789062,130.67999267578125,6567800
2024-03-27,131.61077880859375,133.0,134.13999938964844,131.33999633789062,4600500
2024-03-28,131.56170654296875,134.1300048828125,135.16000366210938,133.77999877929688,3843700
2024-04-01,130.8942413330078,134.5399932861328,134.9499969482422,132.3300018310547,5667000
2024-04-02,128.2733612060547,130.16000366210938,130.75,128.8300018310547,3696600
2024-04-03,128.63658142089844,129.74000549316406,132.19000244140625,129.72000122070312,4613100
2024-04-04,123.85627746582033,134.02999877929688,134.3000030517578,125.87000274658205,7072700
2024-04-05,127.5372085571289,127.0999984741211,131.47999572753906,126.73999786376952,6946100
2024-04-08,127.6746597290039,130.5,131.27000427246094,129.5500030517578,6096000
2024-04-09,128.11634826660156,131.47999572753906,131.6699981689453,126.83999633789062,5409100
2024-04-10,124.2783432006836,126.11000061035156,128.1300048828125,125.08000183105467,7529400
2024-04-11,127.01697540283205,127.61000061035156,130.42999267578125,124.9800033569336,5004700
2024-04-12,121.5593719482422,126.56999969482422,127.62999725341795,122.58999633789062,8850300
2024-04-15,117.06371307373048,127.01000213623048,127.0999984741211,118.5999984741211,8718500
2024-04-16,116.33733367919922,119.52999877929688,120.62000274658205,117.58999633789062,5997700
2024-04-17,114.20729064941406,120.26000213623048,120.36000061035156,115.36000061035156,6666500
2024-04-18,113.40239715576172,117.22000122070312,118.72000122070312,114.83999633789062,5587900
2024-04-19,110.47728729248048,115.37999725341795,116.0999984741211,111.54000091552734,11659000
2024-04-22,113.32386779785156,114.20999908447266,117.30999755859376,112.56999969482422,6315100
2024-04-23,117.30911254882812,116.87999725341795,119.87000274658205,116.5,5019700
2024-04-24,117.15206146240234,120.1500015258789,120.72000122070312,117.73999786376952,10395500
2024-04-25,115.66986083984376,114.79000091552734,118.41999816894533,113.5999984741211,6755700
2024-04-26,118.90908813476562,119.8499984741211,122.30999755859376,119.37999725341795,6060500
2024-04-29,120.10662841796876,122.41000366210938,122.88999938964844,120.38999938964844,3177100
2024-04-30,114.47232818603516,121.2699966430664,122.0,116.54000091552734,5167600
2024-05-01,113.2257080078125,116.06999969482422,120.8499984741211,115.02999877929688,6631100
2024-05-02,116.2588119506836,117.88999938964844,119.06999969482422,114.70999908447266,4396500
2024-05-03,120.597412109375,122.7699966430664,123.63999938964844,120.94000244140624,4857700
2024-05-06,124.28817749023438,124.55999755859376,126.62999725341795,124.3000030517578,3515200
2024-05-07,124.7593231201172,127.30999755859376,128.0500030517578,126.5,7257900
2024-05-08,124.6906280517578,125.58000183105467,127.37999725341795,125.47000122070312,2878500
2024-05-09,126.72248840332033,127.01000213623048,129.11000061035156,126.54000091552734,3182100
2024-05-10,127.16419219970705,130.22000122070312,130.86000061035156,128.55999755859375,3421400
2024-05-13,127.18384552001952,130.75999450683594,130.82000732421875,128.6300048828125,2517700
2024-05-14,128.79364013671875,129.60000610351562,131.6300048828125,129.2100067138672,3804900
2024-05-15,133.58377075195312,133.13999938964844,136.32000732421875,132.6300048828125,3676600
2024-05-16,132.5825653076172,136.02999877929688,137.3000030517578,134.97000122070312,10316300
2024-05-17,133.0929718017578,135.13999938964844,135.69000244140625,134.0,3344400
2024-05-20,133.60336303710938,135.69000244140625,137.22999572753906,135.38999938964844,2645700
2024-05-21,134.47702026367188,135.41000366210938,137.16000366210938,135.27999877929688,2329900
2024-05-22,133.28927612304688,136.42999267578125,136.99000549316406,134.0800018310547,4506300
2024-05-23,130.2267608642578,138.0800018310547,138.1199951171875,131.6999969482422,4623300
2024-05-24,132.73960876464844,134.0500030517578,135.8300018310547,133.27999877929688,2688100
2024-05-28,133.00465393066406,135.8300018310547,136.00999450683594,133.41000366210938,2587100
2024-05-29,130.2071075439453,132.2899932861328,133.5,132.0500030517578,6054300
2024-05-30,127.58628845214844,131.3699951171875,131.8699951171875,128.97999572753906,4307800
2024-05-31,130.8451690673828,130.52000427246094,133.49000549316406,126.61000061035156,5937800
2024-06-03,131.10037231445312,134.57000732421875,134.64999389648438,129.67999267578125,4743100
2024-06-04,131.473388671875,132.61000061035156,134.58999633789062,131.38999938964844,3825400
2024-06-05,136.13589477539062,135.72999572753906,138.75,134.24000549316406,3774200
2024-06-06,136.08682250976562,138.97999572753906,139.2899932861328,137.13999938964844,2680500
2024-06-07,135.42916870117188,137.8000030517578,140.2899932861328,136.89999389648438,3539000
2024-06-10,136.6757354736328,137.3800048828125,139.5399932861328,136.89999389648438,2695200
2024-06-11,137.57884216308594,138.02999877929688,140.2899932861328,136.39999389648438,2803400
2024-06-12,140.926025390625,143.85000610351562,145.77000427246094,142.8000030517578,4086600
2024-06-13,141.79962158203125,145.02000427246094,145.14999389648438,142.1999969482422,6772000
2024-06-14,141.9075927734375,143.10000610351562,144.6300048828125,142.25,6709800
2024-06-17,145.225341796875,144.02000427246094,149.0800018310547,143.60000610351562,2904900
2024-06-18,146.28546142578125,147.97000122070312,149.14999389648438,147.63999938964844,2066300
2024-06-20,145.06829833984375,149.7899932861328,150.33999633789062,146.3300018310547,3665200
2024-06-21,144.03761291503906,147.02000427246094,147.97000122070312,145.85000610351562,2250300
2024-06-24,142.81068420410156,146.82000732421875,148.9499969482422,145.4600067138672,8573400
2024-06-25,144.4901123046875,146.13999938964844,147.1699981689453,144.92999267578125,2334300
2024-06-26,145.0509033203125,145.89999389648438,147.9499969482422,145.33999633789062,6060000
2024-06-27,145.54283142089844,147.22999572753906,148.47999572753906,146.57000732421875,2235000
2024-06-28,143.71286010742188,148.4600067138672,151.0,145.10000610351562,3460700
2024-07-01,144.61801147460938,147.1699981689453,147.35000610351562,144.63999938964844,2699400
2024-07-02,147.35316467285156,145.5399932861328,149.82000732421875,145.47999572753906,2550600
2024-07-03,149.22250366210938,149.47000122070312,152.00999450683594,149.44000244140625,5058400
2024-07-05,151.72149658203125,151.82000732421875,154.5500030517578,151.25999450683594,2321600
2024-07-08,152.19374084472656,154.85000610351562,155.5,153.75999450683594,2247500
2024-07-09,152.56764221191406,155.4600067138672,156.22000122070312,154.80999755859375,2039400
2024-07-10,156.975341796875,156.07000732421875,159.9199981689453,155.82000732421875,2631300
2024-07-11,152.92181396484375,159.6699981689453,160.4499969482422,154.88999938964844,4128400
2024-07-12,155.60777282714844,156.24000549316406,161.3300018310547,155.9600067138672,3862600
2024-07-15,156.87693786621094,159.88999938964844,162.27000427246094,157.85000610351562,7173000
2024-07-16,159.64161682128906,160.5500030517578,162.49000549316406,159.89999389648438,2921800
2024-07-17,152.88246154785156,157.00999450683594,158.39999389648438,155.0500030517578,3420700
2024-07-18,149.28152465820312,156.60000610351562,157.42999267578125,149.8800048828125,4144000
2024-07-19,146.15284729003906,151.32000732421875,152.6999969482422,147.63999938964844,3471000
2024-07-22,150.54086303710938,151.77000427246094,153.55999755859375,150.1199951171875,2958300
2024-07-23,149.75379943847656,152.9199981689453,154.75999450683594,151.8800048828125,2358100
2024-07-24,139.6199951171875,148.14999389648438,148.39999389648438,141.0800018310547,4813500
2024-07-25,137.32757568359375,141.89999389648438,146.7100067138672,138.8300018310547,5296400
2024-07-26,141.71560668945312,142.4499969482422,146.27000427246094,141.83999633789062,3872600
2024-07-29,141.96157836914062,145.36000061035156,146.14999389648438,142.74000549316406,2990200
2024-07-30,139.77743530273438,145.5,146.3300018310547,139.32000732421875,4576900
2024-07-31,146.31027221679688,147.47999572753906,151.0800018310547,146.42999267578125,5787400
2024-08-01,140.22998046875,150.3300018310547,152.1999969482422,139.69000244140625,8116300
2024-08-02,132.33941650390625,136.69000244140625,137.67999267578125,131.0800018310547,10774900
2024-08-05,120.75933074951172,118.26000213623048,127.3499984741211,117.29000091552734,11317000
2024-08-06,123.91753387451172,123.91000366210938,131.3699951171875,122.95999908447266,5711200
2024-08-07,121.44803619384766,130.5500030517578,132.75999450683594,122.95999908447266,10799500
2024-08-08,129.6928253173828,127.06999969482422,132.3300018310547,125.5999984741211,4320700
2024-08-09,131.19813537597656,131.14999389648438,134.6199951171875,130.1699981689453,8065000
2024-08-12,131.44407653808594,134.3699951171875,135.5,131.88999938964844,3327100
2024-08-13,137.86871337890625,136.08999633789062,140.35000610351562,135.88999938964844,3235200
2024-08-14,139.2264404296875,140.82000732421875,142.39999389648438,138.6699981689453,2989300
2024-08-15,146.2709197998047,145.9199981689453,148.94000244140625,145.44000244140625,3578500
2024-08-16,147.06781005859375,147.25999450683594,150.1199951171875,147.1199951171875,2597600
2024-08-19,151.3082733154297,149.8699951171875,153.7899932861328,149.19000244140625,2768100
2024-08-20,150.5113525390625,153.41000366210938,154.77999877929688,151.8800048828125,2297900
2024-08-21,152.0166473388672,153.77000427246094,155.72000122070312,152.38999938964844,3040600
2024-08-22,148.32717895507812,156.0500030517578,156.5500030517578,149.7899932861328,3765200
2024-08-23,152.87265014648438,153.3699951171875,156.25,151.5500030517578,4743200
2024-08-26,151.80020141601562,156.27000427246094,156.86000061035156,152.83999633789062,2804300
2024-08-27,152.37083435058594,153.17999267578125,155.27000427246094,152.2100067138672,3837300
2024-08-28,149.70458984375,154.50999450683594,154.88999938964844,149.41000366210938,3511300
2024-08-29,149.70458984375,153.74000549316406,156.47000122070312,151.14999389648438,4573200
2024-08-30,153.65966796875,153.88999938964844,156.67999267578125,150.92999267578125,3453600
2024-09-03,144.23431396484375,153.50999450683594,153.80999755859375,144.38999938964844,10244100
2024-09-04,143.1323699951172,145.0,148.3699951171875,144.41000366210938,3761000
2024-09-05,142.06982421875,145.50999450683594,147.77000427246094,142.47000122070312,3801300
2024-09-06,134.9171142578125,144.60000610351562,145.91000366210938,136.25999450683594,6112800
2024-09-09,139.29531860351562,140.25,142.52999877929688,138.72000122070312,3600400
2024-09-10,141.05641174316406,143.0399932861328,143.6300048828125,139.22000122070312,3421000
2024-09-11,145.2870330810547,143.22999572753906,148.44000244140625,136.35000610351562,5710000
2024-09-12,148.9076690673828,148.11000061035156,151.6300048828125,146.32000732421875,3872100
2024-09-13,151.052490234375,151.74000549316406,154.4499969482422,151.5399932861328,3245400
2024-09-16,151.69200134277344,153.3699951171875,154.4499969482422,151.83999633789062,5514200
2024-09-17,151.8887481689453,156.0500030517578,157.25,152.47000122070312,2924900
2024-09-18,150.38345336914062,154.8800048828125,158.94000244140625,152.4499969482422,5223200
2024-09-19,158.04776000976562,160.74000549316406,162.27999877929688,158.3300018310547,3716300
2024-09-20,156.975341796875,159.3800048828125,160.6199951171875,157.1300048828125,3322900
2024-09-23,158.224853515625,160.5800018310547,161.39999389648438,159.52999877929688,2099500
2024-09-24,159.5083465576172,161.32000732421875,162.0500030517578,158.83999633789062,2788500
2024-09-25,158.3755340576172,161.7899932861328,162.42999267578125,159.9199981689453,5808500
2024-09-26,160.33578491210938,164.5500030517578,164.77000427246094,160.72000122070312,3407200
2024-09-27,159.419677734375,163.5399932861328,164.25,161.0,2367600
2024-09-30,161.4981231689453,160.9499969482422,164.30999755859375,159.02000427246094,2960000
2024-10-01,156.9373779296875,163.38999938964844,163.4600067138672,157.0500030517578,4132200
2024-10-02,157.06544494628906,158.50999450683594,160.3300018310547,156.44000244140625,2898700
2024-10-03,156.1394805908203,158.19000244140625,160.2100067138672,156.60000610351562,2641100
2024-10-04,160.20773315429688,162.1999969482422,163.0399932861328,158.6999969482422,3457000
2024-10-07,155.91294860839844,161.27000427246094,161.7899932861328,157.25999450683594,3427800
2024-10-08,160.20773315429688,160.3699951171875,163.13999938964844,159.66000366210938,2280700
2024-10-09,163.43869018554688,162.6699981689453,166.47999572753906,162.1300048828125,2653200
2024-10-10,162.58169555664062,164.8000030517578,166.33999633789062,163.6699981689453,3037400
2024-10-11,165.26101684570312,164.82000732421875,168.47999572753906,164.72000122070312,2558400
2024-10-14,169.32925415039062,169.2100067138672,172.7100067138672,168.94000244140625,2107300
2024-10-15,165.38906860351562,172.1699981689453,172.4199981689453,166.80999755859375,2916300
2024-10-16,167.4084014892578,167.8699951171875,170.5,167.14999389648438,2130800
2024-10-17,167.49705505371094,173.19000244140625,173.3300018310547,169.8800048828125,2881400
2024-10-18,169.1913299560547,171.3800048828125,172.52999877929688,170.08999633789062,1942400
2024-10-21,168.4131622314453,171.16000366210938,171.99000549316406,168.25999450683594,2997100
2024-10-22,167.98956298828125,168.60000610351562,171.58999633789062,167.97000122070312,2744700
2024-10-23,163.31060791015625,168.69000244140625,169.08999633789062,162.67999267578125,4029100
2024-10-24,164.33509826660156,167.5399932861328,167.5500030517578,164.6199951171875,2580500
2024-10-25,164.04937744140625,168.7100067138672,171.25999450683594,165.7100067138672,3395400
2024-10-28,165.55653381347656,169.58999633789062,169.58999633789062,167.7899932861328,2245000
2024-10-29,166.26576232910156,167.2100067138672,169.8000030517578,165.9499969482422,2111100
2024-10-30,164.74879455566406,168.38999938964844,170.13999938964844,166.66000366210938,2960500
2024-10-31,154.9771270751953,163.36000061035156,163.42999267578125,157.2100067138672,4449600
2024-11-01,156.79946899414062,159.41000366210938,162.99000549316406,158.83999633789062,2965300
2024-11-04,155.79473876953125,159.25,160.38999938964844,156.52000427246094,2184900
2024-11-05,161.35035705566406,158.9199981689453,163.80999755859375,158.75,2332900
2024-11-06,173.34823608398438,174.47000122070312,176.77999877929688,171.19000244140625,4871700
2024-11-07,177.3967742919922,177.75999450683594,180.97000122070312,177.6999969482422,3284300
2024-11-08,179.5047607421875,180.3800048828125,183.5,180.3600006103516,2296600
2024-11-11,179.96774291992188,183.66000366210935,183.9600067138672,181.1000061035156,2620300
2024-11-12,178.15525817871094,182.6000061035156,183.1199951171875,178.61000061035156,2664100
2024-11-13,178.4507598876953,181.25,182.97999572753903,179.10000610351562,2840800
2024-11-14,174.89474487304688,181.1499938964844,181.6199951171875,176.9600067138672,2691600
2024-11-15,167.99945068359375,174.16000366210938,174.5800018310547,168.8800048828125,4853700
2024-11-18,170.10740661621094,170.9499969482422,173.8000030517578,170.16000366210938,2639600
2024-11-19,171.87063598632812,169.5,175.0800018310547,168.91000366210938,3473700
2024-11-20,171.8903350830078,174.38999938964844,174.74000549316406,169.27999877929688,3790800
2024-11-21,174.51060485839844,177.02000427246094,178.52000427246094,171.75,4258700
2024-11-22,176.0669708251953,177.1300048828125,179.35000610351562,176.67999267578125,2961800
2024-11-25,177.73165893554688,182.32000732421875,183.5,178.42999267578125,3279800
2024-11-26,180.57847595214844,181.63999938964844,183.92999267578125,180.97000122070312,2197000
2024-11-27,178.7068634033203,183.0200042724609,183.4499969482422,180.0800018310547,2578700
2024-11-29,181.9279937744141,182.08999633789065,185.44000244140625,181.88999938964844,1492700
2024-12-02,182.90316772460935,185.0800018310547,186.3000030517578,184.6300048828125,2172200
2024-12-03,183.08045959472656,185.41000366210935,186.1100006103516,184.42999267578125,1916700
2024-12-04,186.34097290039065,187.3999938964844,189.47999572753903,186.7700042724609,2323000
2024-12-05,185.47412109375,189.17999267578125,189.97000122070312,187.9600067138672,2068900
2024-12-06,186.3902130126953,188.82000732421875,190.33999633789065,188.4199981689453,2718100
2024-12-09,183.37599182128903,189.0,189.16000366210935,185.6100006103516,2350200
2024-12-10,181.7211151123047,186.75,187.0500030517578,183.7400054931641,2396300
2024-12-11,185.81890869140625,187.1000061035156,189.5200042724609,186.7700042724609,2438600
2024-12-12,182.9130401611328,187.72000122070312,188.25,185.6499938964844,2141900
2024-12-13,182.6470642089844,187.3999938964844,188.02999877929688,184.0500030517578,2494500
2024-12-16,184.8437042236328,186.9199981689453,188.55999755859372,186.19000244140625,6451400
2024-12-17,182.38108825683597,185.1499938964844,186.07000732421875,183.97000122070312,3083100
2024-12-18,166.2066650390625,184.88999938964844,187.13999938964844,168.19000244140625,4801400
2024-12-19,165.85203552246094,172.8800048828125,174.36000061035156,168.17999267578125,4162000
2024-12-20,171.3387451171875,166.1300048828125,178.2100067138672,165.39999389648438,4783800
2024-12-23,174.7838897705078,173.63999938964844,177.57000732421875,170.77999877929688,7031100
2024-12-24,180.2412567138672,178.07000732421875,182.75,177.57000732421875,2183200
2024-12-26,180.25112915039065,181.07000732421875,183.7899932861328,179.80999755859375,2446700
2024-12-27,174.56678771972656,179.0500030517578,179.3300018310547,172.94000244140625,4005300
2024-12-30,168.49757385253906,170.42999267578125,173.8000030517578,167.3000030517578,3726900
2024-12-31,166.4843292236328,172.08999633789062,172.6699981689453,167.30999755859375,3802500
2025-01-02,165.1125946044922,171.52999877929688,173.0399932861328,163.82000732421875,5967200
2025-01-03,171.09300231933594,169.72999572753906,174.0500030517578,168.75999450683594,7668000
2025-01-06,174.15228271484375,177.24000549316406,180.2899932861328,174.91000366210938,3588000
2025-01-07,168.29029846191406,178.2100067138672,178.5500030517578,168.77999877929688,4255700
2025-01-08,168.7245330810547,170.38999938964844,172.0,167.36000061035156,4246400
2025-01-10,160.94801330566406,167.72999572753906,167.75,161.3800048828125,7967500
2025-01-13,161.6388397216797,158.97999572753906,164.0,158.63999938964844,3609100
2025-01-14,162.06320190429688,166.1999969482422,166.74000549316406,161.13999938964844,3542200
2025-01-15,170.87588500976562,171.25,174.22999572753906,170.25,2980000
2025-01-16,170.03707885742188,174.3699951171875,174.6199951171875,171.61000061035156,2327800
2025-01-17,174.7838897705078,176.6300048828125,178.72999572753906,175.4199981689453,2967800
2025-01-21,179.45176696777344,179.92999267578125,181.94000244140625,178.14999389648438,4732500
2025-01-22,182.36302185058597,184.50999450683597,186.2100067138672,184.0800018310547,2074800
2025-01-23,185.3630828857422,184.3300018310547,187.8999938964844,184.1000061035156,1996100
2025-01-24,183.5472717285156,187.8300018310547,188.72000122070312,184.9900054931641,2318400
2025-01-27,175.8595733642578,173.94000244140625,178.4199981689453,173.77000427246094,3714300
2025-01-28,180.1228485107422,179.1699981689453,183.38999938964844,176.25,2542500
2025-01-29,177.86288452148438,181.8000030517578,182.22999572753903,177.82000732421875,2515300
2025-01-30,180.62612915039065,182.0500030517578,184.4199981689453,179.14999389648438,2688300
2025-01-31,177.61618041992188,185.1999969482422,187.3800048828125,179.25999450683594,3496200
2025-02-03,173.8365020751953,171.6300048828125,178.4600067138672,169.6999969482422,4077300
2025-02-04,177.17208862304688,176.2100067138672,180.13999938964844,175.72000122070312,2073400
2025-02-05,179.43203735351562,178.6999969482422,181.9600067138672,176.8300018310547,2030500
2025-02-06,181.2577209472656,183.30999755859372,183.7400054931641,180.3600006103516,2003300
2025-02-07,176.14578247070312,183.94000244140625,185.1000061035156,177.7899932861328,3280600
2025-02-10,179.55044555664062,181.2899932861328,182.6199951171875,180.1199951171875,4471300
2025-02-11,179.9254608154297,179.8699951171875,182.88999938964844,179.77999877929688,1807900
2025-02-12,178.2872772216797,176.7899932861328,181.6499938964844,176.25,2622700
2025-02-13,183.6952972412109,181.55999755859372,186.41000366210935,180.3999938964844,2325600
2025-02-14,183.5275421142578,186.1699981689453,187.13999938964844,185.3999938964844,1542800
2025-02-18,184.94862365722656,187.00999450683597,187.47999572753903,184.6999969482422,1500000
2025-02-19,186.27102661132807,186.17999267578125,189.07000732421875,185.7100067138672,1804400
2025-02-20,183.87294006347656,187.47999572753903,187.57000732421875,183.30999755859372,2364200
2025-02-21,174.4384765625,186.0200042724609,186.0500030517578,176.25,3413500
2025-02-24,171.90225219726562,178.38999938964844,179.32000732421875,173.5500030517578,2548900
2025-02-25,169.24757385253906,174.11000061035156,174.7100067138672,167.44000244140625,3707600
2025-02-26,169.37586975097656,172.9600067138672,176.1199951171875,169.42999267578125,3217300
2025-02-27,161.4019775390625,173.66000366210938,174.67999267578125,163.10000610351562,3875300
2025-02-28,168.62583923339844,163.75999450683594,171.3699951171875,161.1199951171875,6333800
2025-03-03,159.87234497070312,172.58999633789062,173.6199951171875,158.57000732421875,4012000
2025-03-04,154.1584014892578,158.4600067138672,163.1300048828125,152.2100067138672,5799400
2025-03-05,158.39202880859375,155.85000610351562,162.50999450683594,152.9600067138672,4771000
2025-03-06,150.5365753173828,154.67999267578125,158.58999633789062,150.3000030517578,5562300
2025-03-07,152.66822814941406,150.80999755859375,155.9600067138672,146.66000366210938,6690100
2025-03-10,140.62844848632812,148.02999877929688,149.61000061035156,138.35000610351562,6907200
2025-03-11,136.97705078125,141.41000366210938,144.0500030517578,135.80999755859375,5825000
2025-03-12,139.00999450683594,143.44000244140625,144.1300048828125,137.07000732421875,5739400
2025-03-13,133.56248474121094,140.58999633789062,141.02000427246094,133.94000244140625,6311200
2025-03-14,141.51663208007812,138.5800018310547,144.24000549316406,138.16000366210938,4291700
2025-03-17,144.61538696289062,143.44000244140625,148.77000427246094,143.10000610351562,10771000
2025-03-18,140.2238311767578,144.91000366210938,145.0500030517578,140.47000122070312,4032600
2025-03-19,144.49696350097656,143.27000427246094,149.47000122070312,142.4199981689453,4179300
2025-03-20,143.49034118652344,143.5500030517578,149.1699981689453,143.0,4695700
2025-03-21,143.41140747070312,141.58999633789062,145.9199981689453,140.63999938964844,3962500
2025-03-24,150.91160583496094,150.47999572753906,153.80999755859375,150.0,3407300
2025-03-25,151.99473571777344,153.4499969482422,154.33999633789062,152.1699981689453,2468800
2025-03-26,146.68797302246094,153.33999633789062,154.14999389648438,146.92999267578125,3513500
2025-03-27,145.34149169921875,146.92999267578125,149.7899932861328,145.14999389648438,3465300
2025-03-28,136.5596160888672,145.44000244140625,146.02999877929688,137.36000061035156,7069400
2025-03-31,138.99517822265625,133.4199981689453,141.47999572753906,131.24000549316406,5325900
2025-04-01,140.30206298828125,139.0399932861328,143.16000366210938,136.19000244140625,3831700
2025-04-02,142.91583251953125,137.13999938964844,146.52000427246094,136.97999572753906,4748400
2025-04-03,122.58980560302734,129.3800048828125,131.5800018310547,123.11000061035156,7706000
2025-04-04,100.4915542602539,113.88999938964844,115.37999725341795,101.12000274658205,17536900
2025-04-07,99.74901580810548,91.45999908447266,111.93000030517578,87.08000183105469,19566300
2025-04-08,95.15512084960938,111.0999984741211,112.94000244140624,91.56999969482422,19905100
2025-04-09,121.38192749023438,94.08000183105467,124.66000366210938,93.83000183105467,22776600
2025-04-10,108.9962158203125,115.31999969482422,116.16999816894533,99.94000244140624,16152200
2025-04-11,114.590087890625,109.06999969482422,117.5199966430664,107.19000244140624,9627100
2025-04-14,117.956298828125,122.54000091552734,122.66000366210938,115.88999938964844,6601600
2025-04-15,117.11475372314452,119.62999725341795,121.9499969482422,117.7300033569336,5973800
2025-04-16,109.29324340820312,114.2699966430664,116.56999969482422,106.80999755859376,8068400
2025-04-17,109.5407485961914,111.37000274658205,113.5999984741211,109.08000183105467,6780000
2025-04-21,101.73905181884766,107.31999969482422,107.61000061035156,99.30999755859376,7740100
2025-04-22,109.33284759521484,106.4800033569336,111.91000366210938,105.8499984741211,6813100
2025-04-23,114.6890869140625,118.9800033569336,122.0199966430664,114.81999969482422,7358700
2025-04-24,121.7878646850586,116.56999969482422,123.5,115.8000030517578,4818000
2025-04-25,124.3719253540039,123.01000213623048,125.91000366210938,120.95999908447266,5054200
2025-04-28,124.56993865966795,126.11000061035156,127.56999969482422,121.7699966430664,5281800
2025-04-29,126.73817443847656,124.41000366210938,128.83999633789062,124.1999969482422,3640400
2025-04-30,126.8173828125,123.4000015258789,129.47000122070312,119.19000244140624,6637100
2025-05-01,129.50047302246094,132.22999572753906,134.77999877929688,130.47000122070312,4671300
2025-05-02,135.19332885742188,135.22000122070312,137.75,133.50999450683594,9120400
2025-05-05,132.89637756347656,133.5399932861328,136.52000427246094,132.89999389648438,7693300
2025-05-06,129.58956909179688,130.1699981689453,134.02999877929688,129.49000549316406,3660700
2025-05-07,131.18356323242188,131.74000549316406,134.2899932861328,128.82000732421875,5290900
2025-05-08,133.85675048828125,135.30999755859375,138.89999389648438,132.75999450683594,5376700
2025-05-09,133.18350219726562,136.07000732421875,136.77000427246094,133.44000244140625,3287000
2025-05-12,146.2622528076172,146.72999572753906,147.8000030517578,143.5800018310547,4961600
2025-05-13,149.15321350097656,148.14999389648438,152.4199981689453,147.6999969482422,4033000
2025-05-14,149.6977996826172,151.47000122070312,152.32000732421875,149.6300048828125,3133600
2025-05-15,151.80662536621094,149.60000610351562,153.80999755859375,149.25999450683594,3577900
2025-05-16,154.69760131835938,153.88999938964844,156.42999267578125,152.3699951171875,3894300
2025-05-19,155.1233367919922,151.3800048828125,157.19000244140625,151.30999755859375,3712200
2025-05-20,153.39071655273438,155.22999572753906,155.97000122070312,152.50999450683594,3303300
2025-05-21,145.75732421875,151.50999450683594,154.77999877929688,146.3000030517578,6423800
2025-05-22,145.68798828125,146.94000244140625,149.9199981689453,146.0399932861328,3330800
2025-05-23,142.7178192138672,141.72999572753906,146.1199951171875,141.3800048828125,5231900
2025-05-27,151.49969482421875,149.3000030517578,153.14999389648438,147.97000122070312,7967800
2025-05-28,148.68789672851562,153.3699951171875,154.27999877929688,149.7899932861328,9107900
2025-05-29,150.7076416015625,154.39999389648438,154.49000549316406,149.00999450683594,9198800
2025-05-30,149.93540954589844,151.0800018310547,152.75999450683594,146.6999969482422,4948600
2025-06-02,152.43035888671875,150.1300048828125,154.02000427246094,148.05999755859375,3406700
2025-06-03,155.05404663085938,153.64999389648438,157.3300018310547,153.25,3018300
2025-06-04,154.74710083007812,157.22000122070312,157.97000122070312,156.0500030517578,7565500
2025-06-05,152.5194549560547,157.74000549316406,158.72000122070312,152.50999450683594,3782100
2025-06-06,156.9945526123047,158.27999877929688,159.97999572753906,156.88999938964844,2813200
2025-06-09,157.410400390625,159.0800018310547,160.3000030517578,158.13999938964844,2091900
2025-06-10,160.0637664794922,159.4199981689453,162.00999450683594,158.52999877929688,2635100
2025-06-11,158.73707580566406,162.5500030517578,163.3000030517578,158.6300048828125,3205600
2025-06-12,160.420166015625,159.1999969482422,162.1300048828125,158.77999877929688,2346200
2025-06-13,155.00450134277344,157.82000732421875,160.4600067138672,155.35000610351562,4041600
2025-06-16,159.4300994873047,159.25999450683594,162.39999389648438,159.13999938964844,2247500
2025-06-17,155.27186584472656,158.99000549316406,160.2100067138672,156.22999572753906,2824600
2025-06-18,155.07383728027344,157.47000122070312,159.64999389648438,155.94000244140625,2670000
2025-06-20,153.5293426513672,158.66000366210938,159.52999877929688,154.3000030517578,3006900
2025-06-23,158.3806610107422,155.9499969482422,160.32000732421875,153.4600067138672,8424500
2025-06-24,163.4213104248047,162.66000366210938,165.49000549316406,161.99000549316406,7873600
2025-06-25,163.6995086669922,165.52000427246094,165.97999572753906,163.60000610351562,5010800
2025-06-26,167.60446166992188,166.35000610351562,169.00999450683594,165.8699951171875,2286500
2025-06-27,169.84011840820312,169.49000549316406,172.2899932861328,167.69000244140625,3089300
2025-06-30,172.4235382080078,173.0800018310547,174.57000732421875,171.16000366210938,2878100
2025-07-01,172.1254425048828,172.1300048828125,174.22999572753906,171.5,2748400
2025-07-02,174.31141662597656,172.83999633789062,175.50999450683594,172.36000061035156,2045000
2025-07-03,178.2660369873047,177.0800018310547,180.2400054931641,177.0399932861328,4986000
2025-07-07,174.2915496826172,177.7100067138672,178.30999755859375,172.97000122070312,7478400
2025-07-08,173.9537353515625,175.9499969482422,176.5800018310547,174.38999938964844,2787500
2025-07-09,176.9842529296875,177.08999633789062,178.75,175.52999877929688,2502000
2025-07-10,178.49456787109375,178.25,180.5500030517578,177.25,2247700
2025-07-11,176.40794372558594,176.86000061035156,178.63999938964844,175.85000610351562,2303400
2025-07-14,177.35191345214844,177.14999389648438,178.85000610351562,176.0,2292400
2025-07-15,175.05662536621094,180.8699951171875,181.08999633789065,176.14999389648438,2427800
2025-07-16,176.72592163085938,177.55999755859375,178.3300018310547,172.7100067138672,2619500
2025-07-17,179.8856201171875,178.11000061035156,181.4600067138672,177.8699951171875,2268000
2025-07-18,179.44847106933594,182.0500030517578,182.1300048828125,179.6300048828125,1946600
2025-07-21,180.3924102783203,181.6000061035156,184.0,181.2100067138672,2388300
2025-07-22,180.3824462890625,181.77999877929688,182.2899932861328,179.3699951171875,1938600
2025-07-23,184.95314025878903,183.91000366210935,186.17999267578125,182.3000030517578,2472000
2025-07-24,185.18165588378903,186.5,187.8000030517578,185.9600067138672,2018400
2025-07-25,187.228515625,186.77999877929688,188.91000366210935,186.5500030517578,1606600
2025-07-28,187.08941650390625,188.83999633789065,189.30999755859372,187.13999938964844,1925700
2025-07-29,185.5691680908203,189.55999755859372,189.7899932861328,185.97000122070312,2123900
2025-07-30,184.87364196777344,187.3999938964844,188.8699951171875,183.4199981689453,2895500
2025-07-31,182.6280517578125,190.3699951171875,190.72000122070312,182.7100067138672,3018700
2025-08-01,173.53639221191406,178.7100067138672,178.7100067138672,172.6300048828125,4788400
2025-08-04,181.36614990234372,178.02000427246094,182.6300048828125,177.89999389648438,2112600
2025-08-05,178.68336486816406,183.1499938964844,183.83999633789065,179.0,1928100
2025-08-06,182.5883026123047,180.7100067138672,184.41000366210935,179.9199981689453,1941900
2025-08-07,182.2603912353516,186.8600006103516,187.47999572753903,180.66000366210935,2431100
2025-08-08,186.20509338378903,184.75999450683597,187.8800048828125,184.52999877929688,1965600
2025-08-11,185.1021881103516,187.66000366210935,188.9900054931641,185.2400054931641,5326300
2025-08-12,190.9248046875,188.33999633789065,192.3800048828125,187.0500030517578,7123800
2025-08-13,192.8822479248047,194.1300048828125,195.27999877929688,192.17999267578125,2437500
2025-08-14,192.80274963378903,192.22000122070312,194.72000122070312,191.7400054931641,2379700
2025-08-15,191.3917999267578,194.88999938964844,194.9900054931641,191.77999877929688,2427700
2025-08-18,191.20301818847656,192.0399932861328,193.0,191.42999267578125,1579800
2025-08-19,188.00357055664065,192.22999572753903,193.1000061035156,188.0800018310547,3094100
2025-08-20,186.33425903320312,188.75,188.88999938964844,183.0500030517578,2976400
2025-08-21,184.05886840820312,185.91000366210935,187.3999938964844,183.7700042724609,2419600
2025-08-22,192.35562133789065,187.08999633789065,194.6999969482422,186.6999969482422,3025000
2025-08-25,189.9510498046875,192.4600067138672,193.6199951171875,191.0399932861328,1914400
2025-08-26,192.1866912841797,190.75,193.75,190.22999572753903,2166600
2025-08-27,193.41880798339844,192.7899932861328,195.3600006103516,192.7899932861328,2090000
2025-08-28,195.41598510742188,195.2100067138672,197.19000244140625,193.47999572753903,2710000
2025-08-29,191.77931213378903,195.1999969482422,195.4900054931641,191.25999450683597,2888100
2025-09-02,187.3974609375,186.13999938964844,188.75,183.8600006103516,4055100
2025-09-03,190.32864379882807,190.66000366210935,192.0,188.75,2654700
2025-09-04,194.96885681152344,192.22000122070312,196.3500061035156,191.3600006103516,2387200
2025-09-05,192.9816131591797,198.32000732421875,199.02999877929688,190.9499969482422,6581800
2025-09-08,194.70057678222656,195.6699981689453,196.7700042724609,194.44000244140625,2170300
2025-09-09,195.90286254882807,195.92999267578125,197.6199951171875,194.3699951171875,3257300
2025-09-10,197.64170837402344,200.0800018310547,200.9499969482422,197.3999938964844,3512900
2025-09-11,202.34153747558597,200.6000061035156,204.33999633789065,200.0800018310547,3043100
2025-09-12,202.0533905029297,203.50999450683597,205.0,202.8999938964844,2928700
2025-09-15,205.16343688964844,205.3999938964844,206.72000122070312,205.16000366210935,2710500
2025-09-16,204.2691650390625,207.0399932861328,207.32000732421875,204.97000122070312,2334300
2025-09-17,203.55377197265625,205.6300048828125,207.1699981689453,200.3500061035156,3528200
2025-09-18,206.36573791503903,207.3000030517578,210.07000732421875,205.75999450683597,2118800
2025-09-19,209.0782928466797,209.17999267578125,211.2700042724609,207.3999938964844,2527500
2025-09-22,211.9796905517578,209.0,213.8500061035156,208.97999572753903,2941900
2025-09-23,208.4416656494141,213.0,213.57000732421875,208.47999572753903,4738400
2025-09-24,206.5015106201172,210.8000030517578,210.8300018310547,206.2700042724609,3007500
2025-09-25,203.526611328125,204.57000732421875,205.92999267578125,201.2899932861328,3809300
2025-09-26,206.93930053710935,205.8800048828125,208.5,204.3999938964844,2133300
2025-09-29,208.58094787597656,210.33999633789065,211.1000061035156,207.97999572753903,2324500
2025-09-30,210.82952880859372,208.88999938964844,212.3999938964844,207.67999267578125,2285300
2025-10-01,213.05821228027344,209.0399932861328,214.97999572753903,208.97999572753903,2315400
2025-10-02,213.63528442382807,215.9499969482422,216.0800018310547,212.44000244140625,1928300
2025-10-03,213.4362945556641,215.3500061035156,217.92999267578125,213.63999938964844,4442200
2025-10-06,215.7644805908203,216.83999633789065,217.7100067138672,214.77999877929688,2879000
2025-10-07,213.3069610595703,217.7100067138672,218.13999938964844,212.9900054931641,2993700
2025-10-08,217.00816345214844,215.44000244140625,218.22999572753903,214.6100006103516,2730000
2025-10-09,215.1575469970703,218.5200042724609,218.8800048828125,214.32000732421875,2284200
2025-10-10,197.5967254638672,217.0,218.72000122070312,198.3500061035156,6283900
2025-10-13,206.52142333984372,205.3999938964844,209.0,204.6199951171875,2536200
2025-10-14,205.7552795410156,202.0500030517578,210.1499938964844,198.3000030517578,3213600
2025-10-15,208.40187072753903,211.02999877929688,214.22999572753903,203.67999267578125,2773100
2025-10-16,204.1036834716797,210.97999572753903,212.72999572753903,201.8000030517578,3655600
2025-10-17,207.3671112060547,203.8999938964844,209.6499938964844,202.7100067138672,3382300
2025-10-20,213.70492553710935,211.08999633789065,215.69000244140625,211.0500030517578,1847500
2025-10-21,213.5357818603516,214.8800048828125,216.3699951171875,213.5,2023400
2025-10-22,210.23257446289065,215.33999633789065,215.33999633789065,206.97000122070312,3336000
2025-10-23,213.7546844482422,211.55999755859372,215.92999267578125,211.3600006103516,2436700
2025-10-24,218.88861083984372,219.3500061035156,221.27999877929688,218.6100006103516,2482600
2025-10-27,226.70892333984372,225.4600067138672,228.17999267578125,224.8500061035156,4133200
2025-10-28,228.390380859375,229.6199951171875,231.4499969482422,227.42999267578125,2562400
2025-10-29,228.7386016845703,231.1999969482422,232.19000244140625,225.3800048828125,4267200
2025-10-30,221.27647399902344,226.3699951171875,228.33999633789065,222.3300018310547,3652900
2025-10-31,223.10720825195312,227.2899932861328,227.3300018310547,221.6100006103516,3639600
2025-11-03,224.33099365234372,227.75,227.88999938964844,222.13999938964844,2692200
2025-11-04,216.46095275878903,218.2899932861328,222.0500030517578,216.7400054931641,3289300
2025-11-05,218.45083618164065,217.0800018310547,222.7700042724609,216.30999755859372,5505100
2025-11-06,211.2872009277344,218.44000244140625,219.30999755859372,210.92999267578125,3689800
2025-11-07,211.8841857910156,209.9900054931641,213.0399932861328,203.6300048828125,6900300
2025-11-10,221.53517150878903,218.8300018310547,223.50999450683597,216.75999450683597,3136600
2025-11-11,223.0276031494141,221.3000030517578,224.8300018310547,220.1300048828125,4998900
2025-11-12,223.3857879638672,226.02999877929688,226.1499938964844,222.22000122070312,2485100
2025-11-13,212.31201171875,221.7700042724609,222.0399932861328,211.88999938964844,5224100
2025-11-14,212.0433654785156,206.88999938964844,216.6499938964844,204.8300018310547,4485200
2025-11-17,206.02394104003903,210.91000366210935,214.7100067138672,203.7899932861328,4342500
2025-11-18,200.90988159179688,203.6699981689453,206.5,197.9199981689453,8626400
2025-11-19,203.0988006591797,202.3800048828125,208.42999267578125,200.55999755859372,4469800
2025-11-20,193.736328125,213.5800018310547,216.0200042724609,194.1300048828125,9485500
2025-11-21,199.4174652099609,196.7400054931641,205.25999450683597,192.8800048828125,7134000
2025-11-24,208.12327575683597,203.5800018310547,210.30999755859372,202.6000061035156,2778700
2025-11-25,213.88401794433597,208.97000122070312,216.05999755859372,205.1499938964844,2974400
2025-11-26,218.1324615478516,217.32000732421875,221.19000244140625,216.4900054931641,2289300
2025-11-28,221.60482788085935,220.2899932861328,222.9199981689453,219.97000122070312,1185200
2025-12-01,218.52047729492188,218.16000366210935,222.25,218.07000732421875,1946100
2025-12-02,219.60498046875,221.1100006103516,222.97000122070312,218.6300048828125,2185000
2025-12-03,221.8535614013672,219.80999755859372,223.97999572753903,218.9199981689453,4354400
2025-12-04,222.4206695556641,224.3000030517578,224.3300018310547,220.4499969482422,5639600
2025-12-05,223.39572143554688,224.3699951171875,227.19000244140625,223.4900054931641,2444500
2025-12-08,221.3461456298828,225.3500061035156,225.3800048828125,220.3999938964844,2490500
2025-12-09,220.6496734619141,221.8699951171875,224.05999755859372,221.3800048828125,1995300
2025-12-10,224.83839416503903,221.2400054931641,227.4600067138672,220.00999450683597,2900600
2025-12-11,226.4203643798828,223.67999267578125,227.7100067138672,220.7400054931641,5215200
2025-12-12,218.9781494140625,226.5,227.1699981689453,217.5800018310547,4527700
2025-12-15,217.953369140625,223.91000366210935,223.9199981689453,217.6699981689453,2664500
2025-12-16,216.01321411132807,217.4600067138672,219.25999450683597,213.4600067138672,3353600
2025-12-17,208.6704864501953,218.0800018310547,218.6100006103516,209.67999267578125,4089200
2025-12-18,213.5059509277344,215.66000366210935,218.5800018310547,213.1199951171875,3063300
2025-12-19,219.07765197753903,216.4600067138672,220.7400054931641,216.3600006103516,1868000
2025-12-22,223.08729553222656,223.44000244140625,224.8000030517578,222.2100067138672,1551300
2025-12-23,226.126220703125,223.13999938964844,227.3300018310547,223.1199951171875,1414800
2025-12-24,228.39645385742188,226.97999572753903,229.83999633789065,226.8600006103516,895000
2025-12-26,228.13755798339844,229.5,230.5,228.16000366210935,1314600
2025-12-29,225.6482696533203,226.3600006103516,227.9499969482422,224.8800048828125,1546600
2025-12-30,224.67247009277344,226.1999969482422,227.2899932861328,225.3800048828125,1453100
2025-12-31,219.6640472412109,225.75999450683597,225.97000122070312,220.3999938964844,1749900
2026-01-02,220.6896209716797,224.1000061035156,225.22999572753903,218.44000244140625,2844300
2026-01-05,225.0608062744141,224.8800048828125,227.67999267578125,224.7400054931641,1967600
2026-01-06,229.01377868652344,226.17999267578125,230.47000122070312,226.02999877929688,1793400
2026-01-07,226.79335021972656,230.2899932861328,232.07000732421875,227.5,2176400
2026-01-08,226.5742950439453,226.8500061035156,228.6499938964844,225.52999877929688,1533600
2026-01-09,230.82598876953125,228.47999572753903,233.0800018310547,227.08999633789065,2272500
2026-01-12,231.96109008789065,228.4499969482422,233.83999633789065,228.44000244140625,1523600
2026-01-13,230.39781188964844,233.1999969482422,233.77999877929688,229.05999755859372,2087900
2026-01-14,227.0323028564453,228.6300048828125,229.3000030517578,223.7899932861328,2980700
2026-01-15,228.77479553222656,232.07000732421875,232.9499969482422,228.8999938964844,2112500
2026-01-16,227.92845153808597,231.0,231.5200042724609,227.47999572753903,1726700
2026-01-20,213.9486389160156,218.72000122070312,221.9900054931641,213.88999938964844,4337000
2026-01-21,221.18746948242188,216.7400054931641,225.38999938964844,215.32000732421875,4193500
2026-01-22,224.53306579589844,226.50999450683597,227.75,223.6000061035156,2424000
2026-01-23,224.6326446533203,224.6300048828125,227.3999938964844,223.6999969482422,1704000
2026-01-26,228.1475067138672,226.8600006103516,230.42999267578125,226.3500061035156,1666400
2026-01-27,230.90562438964844,230.4199981689453,232.8000030517578,229.8800048828125,1563400
2026-01-28,230.78614807128903,233.25999450683597,234.08999633789065,230.1999969482422,1844300
2026-01-29,229.15316772460935,232.5,233.16000366210935,221.02999877929688,3463200
2026-01-30,226.99249267578125,227.8999938964844,230.25999450683597,223.19000244140625,3154100
2026-02-02,230.30821228027344,225.5500030517578,232.75,225.4499969482422,1810800
2026-02-03,224.3638153076172,232.07000732421875,232.7400054931641,219.9499969482422,4209500
2026-02-04,221.0082550048828,226.1100006103516,227.16000366210935,217.67999267578125,4885600
2026-02-05,212.55465698242188,216.8600006103516,219.4499969482422,211.8699951171875,6840300
2026-02-06,224.831787109375,217.1000061035156,227.3500061035156,216.55999755859372,2726000
2026-02-09,227.9882049560547,224.5500030517578,230.8300018310547,223.47000122070312,2003400
2026-02-10,226.0067138671875,229.8600006103516,231.4499969482422,226.6100006103516,1596400
2026-02-11,225.89718627929688,231.2899932861328,231.9600067138672,224.1499938964844,2002600
2026-02-12,215.40240478515625,229.0399932861328,230.1199951171875,215.4600067138672,3511100
2026-02-13,215.4820556640625,216.4499969482422,220.82000732421875,212.5,3122200
2026-02-17,216.5275421142578,214.91000366210935,219.4199981689453,210.75999450683597,3297200
2026-02-18,219.79348754882807,218.57000732421875,223.44000244140625,217.42999267578125,2447000
2026-02-19,217.99124145507807,218.3300018310547,220.5500030517578,216.1199951171875,2402700
2026-02-20,222.48190307617188,216.6199951171875,224.0,216.1999969482422,5183600
2026-02-23,215.69114685058597,221.8500061035156,224.0,214.6699981689453,2959400
2026-02-24,220.3610382080078,216.00999450683597,222.1499938964844,214.32000732421875,2497900
2026-02-25,225.76776123046875,223.8800048828125,227.2700042724609,223.8800048828125,1543700
2026-02-26,221.99400329589844,226.83999633789065,226.83999633789065,218.1199951171875,2919200
2026-02-27,218.78781127929688,216.6699981689453,220.3300018310547,215.3600006103516,2720500
2026-03-02,218.86746215820312,212.5,222.0,211.8800048828125,2866200
2026-03-03,213.02264404296875,208.88999938964844,216.19000244140625,203.7400054931641,6179200
2026-03-04,217.41372680664065,215.16000366210935,220.30999755859372,213.30999755859372,3064200
2026-03-05,213.96856689453125,215.47000122070312,218.7700042724609,209.3000030517578,5008600
2026-03-06,205.28594970703125,207.08999633789065,209.6300048828125,203.66000366210935,4380500
2026-03-09,210.6229705810547,200.5200042724609,212.97000122070312,196.88999938964844,5762800
2026-03-10,209.408203125,210.94000244140625,216.2100067138672,208.1699981689453,3961400
2026-03-11,208.6415100097656,210.72999572753903,213.0,206.7899932861328,3004900
2026-03-12,199.0528106689453,204.63999938964844,205.1300048828125,199.77999877929688,4041500
2026-03-13,195.5080718994141,202.6100006103516,205.44000244140625,195.57000732421875,5109500
2026-03-16,201.39273071289065,201.7400054931641,205.0,200.6199951171875,3695700
2026-03-17,202.97592163085935,205.27999877929688,207.16000366210935,203.19000244140625,2752800
2026-03-18,194.5023956298828,201.5800018310547,202.8000030517578,195.0800018310547,3272700
2026-03-19,192.91921997070312,191.19000244140625,196.5500030517578,189.63999938964844,5214500
2026-03-20,184.3262176513672,192.2700042724609,192.3500061035156,181.9199981689453,5306900
2026-03-23,190.19094848632807,193.25999450683597,197.1999969482422,189.80999755859372,7420400
2026-03-24,188.19482421875,186.97999572753903,191.97999572753903,185.7700042724609,3828100
2026-03-25,191.2888336181641,193.25999450683597,195.2100067138672,189.47999572753903,2634100
2026-03-26,181.15847778320312,187.42999267578125,189.97000122070312,181.2100067138672,3254400
2026-03-27,171.71681213378906,179.07000732421875,179.1999969482422,171.19000244140625,4875900
2026-03-30,169.87039184570312,176.77999877929688,177.0,168.0399932861328,3828200
2026-03-31,184.5319366455078,175.77999877929688,185.92999267578125,175.0500030517578,4984400
2026-04-01,188.77371215820312,187.9600067138672,191.91000366210935,187.25,3446000
2026-04-02,189.2328186035156,181.30999755859372,191.16000366210935,180.1999969482422,3724000
2026-04-06,191.6082000732422,189.3999938964844,192.75,189.1699981689453,2377800
2026-04-07,191.9475555419922,190.0200042724609,192.5399932861328,185.1699981689453,3658500
2026-04-08,206.4993133544922,207.22999572753903,207.8600006103516,202.9900054931641,5166400
2026-04-09,210.0624084472656,205.8500061035156,211.5800018310547,204.88999938964844,2594600
2026-04-10,209.3537750244141,211.58999633789065,212.1999969482422,208.9499969482422,3916900
2026-04-13,215.4918670654297,207.9199981689453,216.0800018310547,207.1499938964844,2474000
2026-04-14,223.23683166503903,217.38999938964844,223.88999938964844,217.38999938964844,2760300
2026-04-15,228.5565185546875,224.58999633789065,229.30999755859372,223.5800018310547,2798500
2026-04-16,230.17337036132807,230.0,231.72999572753903,227.58999633789065,2107100
2026-04-17,238.2676696777344,234.92999267578125,241.05999755859372,234.5200042724609,3534800
2026-04-20,236.87039184570312,237.3500061035156,238.5,234.72999572753903,2085400
2026-04-21,232.22938537597656,238.75999450683597,239.8300018310547,231.19000244140625,2841700
2026-04-22,239.22581481933597,237.57000732421875,239.91000366210935,236.7100067138672,2439200
2026-04-23,236.1617584228516,237.7400054931641,240.75999450683597,230.6499938964844,3101100
2026-04-24,241.6710662841797,238.8999938964844,242.6000061035156,237.17999267578125,2241800
2026-04-27,242.82882690429688,241.30999755859372,243.72000122070312,240.4499969482422,1327200
2026-04-28,239.2457733154297,239.82000732421875,240.8699951171875,237.22000122070312,1877600
2026-04-29,239.135986328125,238.8699951171875,240.1199951171875,236.2899932861328,1717600
2026-04-30,245.8928680419922,242.5800018310547,247.6000061035156,238.3999938964844,2600800
2026-05-01,247.998779296875,249.0500030517578,252.8000030517578,248.2899932861328,2197800
2026-05-04,245.2541046142578,247.7700042724609,249.8800048828125,242.30999755859372,2017500
2026-05-05,250.9630279541016,249.47999572753903,252.7899932861328,249.25,1542900
2026-05-06,261.4327392578125,256.04998779296875,262.7200012207031,255.6999969482422,2037500
2026-05-07,258.877685546875,263.20001220703125,264.3399963378906,257.5199890136719,2415900
2026-05-08,265.04571533203125,262.7900085449219,266.1400146484375,262.489990234375,1479100
2026-05-11,266.7523803710937,264.4599914550781,269.010009765625,264.3800048828125,1499100
2026-05-12,265.67449951171875,264.8699951171875,266.8299865722656,259.260009765625,2477700
2026-05-13,270.05596923828125,266.4100036621094,272.2099914550781,263.19000244140625,1737600
2026-05-14,276.3637390136719,272.0299987792969,278.44000244140625,271.92999267578125,2033700
2026-05-15,266.0837097167969,269.69000244140625,271.489990234375,265.3999938964844,2322800
2026-05-18,265.3551025390625,267.32000732421875,269.0400085449219,260.3699951171875,3031300
2026-05-19,260.19512939453125,261.8299865722656,264.8599853515625,258.32000732421875,2938400
2026-05-20,268.1297302246094,262.54998779296875,269.25,260.8099975585937,2081700
2026-05-21,269.7166442871094,265.6400146484375,272.5,264.1499938964844,2323000
2026-05-22,272.5511474609375,273.7099914550781,276.69000244140625,271.8500061035156,1898800
2026-05-26,277.85089111328125,277.8800048828125,280.1700134277344,276.07000732421875,1714300
2026-05-27,277.8309020996094,278.760009765625,279.25,275.92999267578125,1878300
2026-05-28,282.36212158203125,277.82000732421875,283.4599914550781,276.8599853515625,1607300
2026-05-29,284.0987243652344,284.1000061035156,286.5,282.7799987792969,2267000
2026-06-01,286.304443359375,283.489990234375,288.9100036621094,282.7200012207031,1840800
2026-06-02,287.4721984863281,285.17999267578125,289.0,284.9200134277344,1147500
2026-06-03,281.4838256835937,286.3999938964844,287.1600036621094,281.29998779296875,2044200
2026-06-04,284.5079345703125,279.489990234375,286.45001220703125,278.7799987792969,1202900
2026-06-05,262.051513671875,279.4599914550781,280.0799865722656,260.510009765625,4850800
2026-06-08,264.0177001953125,268.8699951171875,271.04998779296875,263.45001220703125,2328300
2026-06-09,261.552490234375,269.1600036621094,272.5599975585937,246.55999755859372,3786100
2026-06-10,249.1864776611328,258.1000061035156,263.45001220703125,249.5,3270200
2026-06-11,261.7121887207031,252.91000366210935,264.5199890136719,248.5,3313100
2026-06-12,265.7543334960937,265.3099975585937,269.1499938964844,259.239990234375,2576200
2026-06-15,279.6773376464844,277.2099914550781,282.3399963378906,277.0799865722656,3371700
2026-06-16,274.766845703125,279.9599914550781,280.92999267578125,274.7799987792969,1470700
2026-06-17,264.4369201660156,276.20001220703125,277.0400085449219,262.9800109863281,2199700
2026-06-18,272.092041015625,273.8399963378906,274.2799987792969,269.70001220703125,1592200
2026-06-22,269.5369873046875,273.7799987792969,276.5,268.7200012207031,1594500
2026-06-23,257.9700012207031,257.7799987792969,264.3299865722656,256.3999938964844,1969200
2026-06-24,257.1199951171875,259.3699951171875,264.44000244140625,254.80999755859372,1679000
2026-06-25,257.5299987792969,263.260009765625,263.70001220703125,253.42999267578125,1895700
2026-06-26,251.6499938964844,252.3600006103516,260.5199890136719,250.3699951171875,1889500
2026-06-29,265.1300048828125,260.3800048828125,265.70001220703125,255.8600006103516,1373600
2026-06-30,270.6700134277344,265.19000244140625,272.5400085449219,265.0,1356700
2026-07-01,269.989990234375,269.2200012207031,274.07000732421875,266.4100036621094,1660700
2026-07-02,268.8099975585937,271.6600036621094,275.75,263.57000732421875,2686900
2026-07-06,275.8099975585937,272.8599853515625,276.9700012207031,271.6099853515625,1419900
2026-07-07,271.5599975585937,274.5199890136719,275.32000732421875,268.989990234375,1660700
2026-07-08,269.1000061035156,266.6700134277344,269.9200134277344,262.7099914550781,1797100
2026-07-09,275.7900085449219,271.1700134277344,276.20001220703125,269.25,1387700
2026-07-10,279.17999267578125,276.1400146484375,279.7699890136719,271.8299865722656,1364300
2026-07-13,272.7200012207031,276.4200134277344,278.010009765625,271.45001220703125,1488200
2026-07-14,275.6300048828125,274.6499938964844,277.17999267578125,272.25,1605700
2026-07-15,278.7099914550781,278.07000732421875,279.6400146484375,273.75,1529700
2026-07-16,274.239990234375,276.510009765625,278.3399963378906,271.04998779296875,1513200
2026-07-17,265.7300109863281,264.5199890136719,270.1700134277344,263.07000732421875,1785400
2026-07-20,264.5400085449219,269.7699890136719,271.510009765625,263.8599853515625,1592800
2026-07-21,271.0400085449219,268.9100036621094,271.7900085449219,266.6000061035156,1229900
2026-07-22,269.9700012207031,269.17999267578125,272.79998779296875,268.8299865722656,1106300
2026-07-23,260.04998779296875,261.2200012207031,264.5899963378906,256.67999267578125,1869000
2026-07-24,260.3999938964844,260.0299987792969,265.489990234375,258.7699890136719,1803400
2026-07-27,260.5799865722656,266.8699951171875,267.4100036621094,257.260009765625,1589200
2026-07-28,262.4200134277344,260.57000732421875,264.4200134277344,257.2799987792969,1764500
2026-07-29,250.1999969482422,261.32000732421875,264.260009765625,249.8800048828125,2631800
2026-07-30,262.9100036621094,256.9200134277344,263.5400085449219,255.4600067138672,2036400
2026-07-31,268.20001220703125,265.8900146484375,270.20001220703125,258.44000244140625,2493000
2026-08-03,279.67999267578125,270.67999267578125,280.6499938964844,270.42999267578125,2080400
2026-08-04,294.5599975585937,282.8999938964844,296.9599914550781,282.75,4497400
2026-08-05,292.8500061035156,299.7699890136719,300.9599914550781,292.5,2087300
2026-08-06,291.20001220703125,293.2099914550781,295.07000732421875,290.19000244140625,1490300
2026-08-07,296.3299865722656,293.8699951171875,297.1700134277344,292.3699951171875,1299500
2026-08-10,296.17999267578125,295.7200012207031,298.5199890136719,294.760009765625,1238600
2026-08-11,293.1700134277344,297.8099975585937,297.95001220703125,291.8399963378906,1265800
2026-08-12,295.4200134277344,297.9700012207031,298.04998779296875,293.8399963378906,1081500
2026-08-13,301.3500061035156,297.9700012207031,303.17999267578125,297.2799987792969,1483100
2026-08-14,299.3099975585937,301.989990234375,302.2300109863281,298.3800048828125,987500
2026-08-17,294.989990234375,299.19000244140625,299.82000732421875,294.8599853515625,1302700
2026-08-18,288.8699951171875,290.3900146484375,291.3599853515625,288.3900146484375,1507900
2026-08-19,290.8599853515625,292.260009765625,294.54998779296875,289.7099914550781,1310700
2026-08-20,283.42999267578125,287.3099975585937,289.6000061035156,282.8099975585937,1479800
2026-08-21,286.6400146484375,286.8999938964844,288.9700012207031,284.8699951171875,2483900
2026-08-24,284.07000732421875,285.6199951171875,285.94000244140625,282.44000244140625,1369700
